imdb_score,predicted_score,percent_score_diff
7.2,6.688795,7.100068198310006
2.7,2.8847554,6.842791592633276
6.6,5.513195,16.466741850881863
6.7,6.9320135,3.4628882336972335
6.7,7.809305,16.556793896119984
6.9,7.0807924,2.6201801023621436
7.8,6.675482,14.41690004788912
5.7,6.058898,6.2964556509988325
6.7,5.0281773,24.952578188768076
6.9,6.2972164,8.735993979633722
6.9,7.34472,6.445215750431664
6.7,6.6254845,1.112172141003967
8.0,6.178174,22.77282476425171
5.2,5.5975037,7.644301194411055
5.8,5.8164644,0.28386938160863723
6.3,6.2294683,1.1195500691731743
5.3,4.2593555,19.63480103690669
6.9,6.1577215,10.757659138112832
2.4,5.013621,108.90086889266968
7.5,7.340686,2.1241887410481772
6.0,6.2718124,4.5302073160807295
6.7,6.9065304,3.082542988791392
6.0,6.328557,5.475950241088867
7.8,6.443364,17.39276739267202
6.7,7.0802746,5.675740028495217
6.7,6.5560665,2.1482609990817423
7.3,7.175435,1.7063689558473327
6.7,6.508851,2.852969383125877
6.4,6.17004,3.593122959136968
7.0,6.306917,9.901182992117745
6.6,6.2028475,6.017462412516271
5.6,5.667077,1.197804723467152
6.2,6.828741,10.140985058199972
5.6,6.1741495,10.25266987936838
4.8,4.5747547,4.69261010487874
6.8,7.0257587,3.3199815189137207
6.7,6.338002,5.402952165745979
7.3,7.944496,8.828714449111732
6.2,6.79766,9.639675386490358
5.3,4.7909975,9.603820656830408
5.7,5.372384,5.747647871050921
4.4,5.379203,22.2546100616455
6.4,5.952612,6.990438699722295
6.9,6.806163,1.3599589251089839
5.2,5.6259975,8.192260448749245
5.4,5.212384,3.474366223370594
6.4,6.8342457,6.785088777542108
4.4,6.35112,44.343636252663345
6.4,5.461769,14.659857749938968
4.3,2.5113008,41.5976557620736
8.1,7.484236,7.6020276104962345
5.4,5.5200176,2.2225485907660523
8.1,8.1764555,0.9438950338481429
5.9,6.05655,2.6533902701684924
7.5,7.533036,0.44048309326171875
5.6,6.6184006,18.185724530901233
4.8,5.072488,5.676829814910892
6.1,5.9769554,2.0171243636334473
6.6,5.8353863,11.585056420528524
6.4,5.8686333,8.302605152130132
5.3,6.601842,24.563055218390705
6.3,6.949812,10.314475165473093
7.6,8.0125065,5.427716907701999
6.5,6.96033,7.082000145545373
7.2,5.853324,18.703834215799972
6.4,6.846978,6.984034180641168
6.9,6.2735233,9.079372019007591
6.2,7.0414143,13.571197755875124
5.5,7.343828,33.52414911443537
6.6,6.005603,9.006017627138075
6.2,5.3084145,14.380411947927168
7.5,6.507889,13.2281494140625
4.1,7.037574,71.64814181444123
5.7,6.068575,6.4662264104475025
6.6,6.7873774,2.83905087095319
6.4,6.0400906,5.6235849857330376
6.6,6.834383,3.5512577403675483
6.2,6.4409933,3.8869888551773535
2.7,5.4148655,100.5505738434968
6.9,7.79414,12.958548725515167
6.5,6.6662016,2.556947561410757
6.6,6.3942966,3.1167174830581152
6.8,6.968732,2.4813511792351246
6.9,6.416054,7.013713449671654
7.2,7.126055,1.0270171695285397
6.1,5.4227314,11.102763942030606
5.2,5.3322124,2.542547079233019
4.4,4.8202763,9.551733190363095
5.5,5.952342,8.224400607022373
6.5,5.4269943,16.507779634915867
5.1,6.4193935,25.870461557425713
4.9,6.140023,25.306596561354027
6.4,6.2546835,2.2705703973770195
7.1,7.152301,0.736631474024818
7.1,4.895809,31.04494121712698
5.3,7.3507967,38.69427734950804
4.2,7.3056946,73.94510904947916
5.2,5.7196884,9.994007990910454
6.7,7.6011324,13.449737207213442
6.9,4.9032164,28.938893304354906
3.4,3.321468,2.3097613278557247
5.0,6.5496826,30.99365234375
7.2,7.953454,10.464639133877222
5.6,4.589323,18.047802788870673
7.2,7.145731,0.7537364959716821
6.7,5.2504067,21.63572026722467
6.8,6.6714954,1.8897729761460222
6.2,6.1586924,0.6662522592852221
5.3,6.675374,25.950453416356506
5.5,5.5258484,0.469970703125
5.8,5.6447372,2.6769440749595876
7.4,6.512024,11.99967667863176
6.7,7.750846,15.68426730027839
6.1,6.3900604,4.755088931224392
7.1,7.1784143,1.1044273913746199
5.4,5.285015,2.1293498851634904
6.1,6.832631,12.010346084344588
6.0,5.0528665,15.785559018452963
6.2,5.258219,15.190019915180823
4.7,4.677562,0.4773992173215214
7.1,6.3876953,10.03246038732394
5.1,7.8143797,53.223131217208575
5.9,3.4154084,42.11172249357579
7.5,7.7072372,2.7631632486979165
4.7,6.2239637,32.42476037208069
6.4,8.0478115,25.74705481529235
4.8,6.021122,25.44004122416179
6.3,5.845685,7.211349124000184
2.5,5.4043713,116.17485046386719
6.4,6.7378263,5.2785366773605285
6.7,7.083496,5.7238222947761175
4.5,5.5391483,23.09218512641059
7.1,6.367448,10.31763587199466
6.8,5.6992283,16.187819312600528
6.2,4.441744,28.358970149870846
5.3,6.1902246,16.796691462678734
6.0,6.191798,3.1966368357340493
5.0,4.9235983,1.5280342102050781
7.3,7.294203,0.07941363609000185
6.1,5.125636,15.973178675917325
6.1,6.6545763,9.091414779913237
4.6,5.4370604,18.196964263916023
7.9,7.5496187,4.435206063186071
7.1,6.569771,7.468016718474908
7.3,5.5998106,23.2902657495786
6.8,7.2073116,5.989876915426818
7.2,7.903145,9.765900505913626
7.4,7.517377,1.586174320530242
4.6,5.124898,11.410825148872716
5.6,5.4550085,2.5891338075910233
6.0,6.857218,14.28696314493815
6.1,5.337902,12.493408703413163
5.9,4.9570684,15.981890791553566
6.8,6.5065165,4.315934461705822
7.7,5.8244543,24.357736265504517
7.4,5.628907,23.933686436833565
5.8,4.2118936,27.38114554306556
6.1,6.3519993,4.131135784211712
6.0,4.009794,33.17009607950846
6.1,5.782135,5.210901479252044
7.4,7.46778,0.9159474759488444
8.1,7.456691,7.942089033715516
5.1,6.8343887,34.00762221392464
6.9,6.640768,3.756984765978832
7.7,6.4512987,16.21689982228465
6.3,6.3589287,0.9353758796813024
7.1,5.5789433,21.423334470936947
6.2,5.450692,12.08561005130891
4.6,5.5504284,20.6614867500637
5.0,4.7678256,4.643487930297852
6.0,5.6302834,6.161944071451823
6.0,5.3081903,11.530160903930664
6.1,6.4656115,5.9936304561427445
5.6,6.7840023,21.142898287091942
7.2,5.566921,22.68164952596029
6.7,5.829442,12.993402623418554
5.9,6.8049297,15.337792089429946
4.6,6.3219194,37.433031330937936
7.2,6.966836,3.2383892271253822
6.5,5.816226,10.519599914550781
6.7,6.846246,2.1827726221796264
4.9,5.532118,12.900364155672026
3.5999999999999996,4.495699,24.880525800916892
7.0,6.465766,7.631914956229074
5.8,6.6074724,13.921938271358098
6.1,6.463401,5.957390832119307
6.5,5.4179935,16.646253145658054
7.3,6.8949366,5.5488142248702355
6.2,6.526861,5.271954690256424
7.0,7.415269,5.932412828717913
7.2,7.7927275,8.232325977749293
7.5,6.4005566,14.659245808919271
5.7,5.873743,3.048123811420638
4.6,7.019314,52.5937785273013
5.8,6.4601717,11.382270681446998
6.6,4.643294,29.647062764023286
7.0,7.4149837,5.928339276994977
5.3,7.0612955,33.23199074223357
7.0,6.4778156,7.459776742117746
7.3,7.0107145,3.9628146445914467
5.4,5.526478,2.3421817355685697
6.6,6.783271,2.7768308466131093
6.3,7.682659,21.946970621744796
7.2,6.842988,4.958499802483455
5.7,7.340145,28.77447563305235
7.6,6.8330355,10.091638565063473
6.7,6.593647,1.5873581615846575
7.1,6.316206,11.039352416992184
6.7,6.6343765,0.9794548376282676
7.3,7.4332705,1.8256226631060064
6.1,5.8011017,4.899972384093232
6.6,6.730708,1.9804260947487626
7.2,8.338719,15.81554677751329
6.6,6.981533,5.780803796016815
6.9,6.4918747,5.914859495301182
6.0,5.894099,1.7650127410888672
7.0,5.417344,22.60937009538923
7.2,6.7692995,5.981951289706762
6.3,6.4645195,2.611420646546382
6.1,7.115801,16.652473074490914
6.6,6.8453894,3.71802069924095
5.9,6.1070967,3.510113085730595
7.0,6.914833,1.2166704450334822
6.5,6.6416273,2.1788817185621996
5.6,5.8516912,4.494486536298486
5.5,5.023915,8.65609429099343
7.5,7.3412666,2.1164449055989585
6.2,5.3153305,14.268862816595265
6.3,5.3754625,14.675197904072109
4.2,4.4047947,4.876064118884854
7.0,7.1905746,2.7224949428013394
5.8,6.6515408,14.681737176303209
6.1,6.678274,9.479904174804695
6.9,7.0215406,1.7614585765893855
6.3,7.050208,11.908064948187937
6.9,6.977333,1.1207691137341433
7.0,7.287181,4.102584293910435
4.0,5.2243004,30.60750961303711
4.9,4.9869356,1.774196235501029
7.7,6.9972277,9.126913392698611
6.6,6.362382,3.600273710308648
5.9,6.638174,12.511424695031112
4.2,4.946601,17.77621223813011
7.4,7.145706,3.436403016786322
7.2,5.6033287,22.17599021063911
6.5,6.1474333,5.424103370079627
7.3,6.2220516,14.766416157761663
8.1,8.396844,3.664739632312167
8.1,7.718317,4.7121354091314585
4.1,5.1863155,26.495500890220093
7.8,7.7443295,0.7137249677609152
7.1,7.00111,1.3928158182493349
6.5,7.043581,8.362784752478966
7.1,7.3631115,3.705795717910987
5.4,6.301874,16.701373347529653
5.1,3.424546,32.852039150163236
6.0,6.215393,3.5898844401041665
4.6,6.768984,47.15182262918224
5.5,5.8999586,7.271974736993963
5.9,5.782625,1.9894034175549582
6.3,5.718111,9.236332726857016
6.4,6.832926,6.764465570449823
6.7,6.716337,0.24383886536555238
6.8,6.1578054,9.444037605734431
5.9,6.4420414,9.187142323639426
6.8,6.282529,7.60986945208381
6.2,6.5393,5.472580079109435
6.3,6.4826527,2.8992486378503255
6.5,6.944727,6.841952984149639
7.2,5.333503,25.92357264624702
7.2,5.945815,17.41923491160075
6.0,7.309376,21.82292938232422
6.3,6.6818247,6.060709272112168
6.8,6.4315243,5.41876063627355
6.4,3.9842188,37.74658069014549
5.2,5.921767,13.880139130812422
4.8,5.0890226,6.0213049252828
5.4,5.1252575,5.0878242210105675
6.2,6.4202967,3.5531720807475398
5.3,5.824788,9.901662142771597
7.4,6.873111,7.12012471379461
7.2,6.3772917,11.426504453023277
7.4,7.0983896,4.075815870955188
5.6,6.3152027,12.77147701808385
6.8,7.0157204,3.172358344582953
6.9,6.74137,2.298982592596529
6.0,5.3603754,10.660409927368164
7.0,6.60725,5.610711233956473
5.2,4.729286,9.052188579852768
7.0,4.5551033,34.92709568568638
6.2,6.2109375,0.17641129032257777
7.0,6.972453,0.3935268947056362
5.2,4.45354,14.355002916776218
6.5,6.164469,5.16201899601863
7.3,7.3105097,0.14396824248849774
6.6,6.3171787,4.285170815207736
5.6,6.2983932,12.471308026994983
6.8,7.1162987,4.651451110839846
7.4,6.328086,14.485325684418553
8.1,7.2851324,10.060093726640863
6.4,5.913886,7.595530152320867
5.7,5.8642826,2.882151018109235
5.1,5.3552504,5.004908991794967
5.1,6.362808,24.76094563802084
6.3,5.9312744,5.852787078373014
6.3,5.280542,16.181874653649707
7.4,6.814687,7.909638172871362
7.1,6.3935165,9.950471260178254
6.2,5.9345512,4.281431628811747
6.3,6.4767513,2.8055766272166447
6.4,6.780566,5.946347117424005
4.6,3.9942062,13.169430649798842
4.6,5.010007,8.91319357830546
5.9,7.39711,25.374745514433258
7.4,7.622553,3.0074712392446106
6.3,6.371332,1.132256644112726
7.0,7.2681875,3.831250326974051
5.9,4.95051,16.09305042331502
6.5,6.3249874,2.6925013615534854
6.0,5.871867,2.1355470021565757
6.6,6.341464,3.9172114747943247
5.6,7.5465145,34.759187698364265
5.2,4.473737,13.966600711529074
6.7,6.4313593,4.009562819751343
6.5,6.255821,3.756596491887019
8.2,8.475164,3.355663578684746
6.8,7.35775,8.202204984777117
7.4,6.77606,8.431620211214637
4.5,6.4193296,42.65176984998915
6.4,6.554573,2.4152040481567325
5.4,5.5184755,2.1939913431803317
5.4,6.9774113,29.211319817437058
7.1,7.476141,5.297760224678152
4.5,5.8703337,30.451859368218315
6.1,5.951228,2.4388829215628145
6.3,5.4116955,14.100071740528891
7.7,7.215475,6.292531397435574
5.4,5.2595377,2.601153762252249
5.6,6.766556,20.83135332380023
6.6,6.179146,6.376578591086643
7.2,6.6051655,8.261590533786352
8.2,8.871772,8.192339176084946
6.5,5.2536964,19.1739008976863
6.9,5.3481607,22.490424004153933
5.8,6.5808306,13.46259610406284
3.9000000000000004,6.5441875,67.79968066093247
5.5,6.9469776,26.308683915571734
6.6,6.9266205,4.948795203006634
4.5,5.6255674,25.01260969373915
6.7,7.2342606,7.974038195254195
6.2,5.3536053,13.65152789700416
6.1,5.874072,3.703736477210868
4.1,4.7451305,15.734891193669025
5.0,5.9727783,19.45556640625
6.8,5.4385195,20.02177238464355
6.5,5.699588,12.314033508300781
6.1,6.657818,9.144554763543807
5.3,6.230153,17.550058184929618
7.3,6.6497517,8.907511462904
5.6,6.418784,14.62114538465228
5.3,5.0761795,4.2230282189711055
6.5,6.5626984,0.9645902193509616
7.2,7.1349115,0.9040064281887503
6.5,6.290946,3.216215280386118
3.2,6.686823,108.96321535110474
6.3,6.0471697,4.013179597400481
7.3,6.6046896,9.524800026253477
7.4,6.8181095,7.863384968525659
7.1,6.692792,5.735324805891006
6.2,7.1010084,14.532393793905932
6.8,5.38768,20.76941097483915
6.9,6.5557003,4.989850693854738
4.8,4.193054,12.644704182942705
6.7,6.624461,1.1274451640114882
6.4,6.425271,0.39485991001128595
6.3,6.2402325,0.9486909896608355
5.8,6.422964,10.740760277057518
7.1,6.2043257,12.615131324445695
6.3,6.645939,5.49109322684152
5.4,5.1749086,4.1683585555465195
6.8,7.6474495,12.462492550120636
4.8,5.1763973,7.841610908508304
7.3,7.5126934,2.9136082897447584
7.2,6.2886114,12.658174832661949
5.4,5.4471455,0.8730641117802306
6.1,5.8905725,3.4332369194656067
7.1,7.163863,0.8994814375756542
7.9,8.188284,3.64916354795045
6.8,6.98615,2.7374968809240032
5.9,5.827941,1.2213399854757077
5.5,6.0073195,9.223990006880326
5.0,5.613099,12.261981964111328
6.5,6.925889,6.55213869535006
4.7,6.3291874,34.663561557201625
7.7,8.017836,4.127735286564019
5.0,5.442379,8.847579956054688
5.5,5.1459546,6.4371889287775215
7.1,7.490284,5.496957268513429
7.7,6.573678,14.62755822516107
1.9,2.373126,24.901369998329567
5.8,4.573672,21.143589348628602
6.2,6.5389776,5.46738101590064
5.8,7.4859896,29.068785700304762
7.3,5.5370007,24.150675943453013
6.6,5.9067945,10.503112908565633
5.2,5.883026,13.13511775090144
6.6,7.2429466,9.741615526603935
7.2,4.677741,35.031374295552574
7.0,7.2761383,3.9448329380580356
4.3,4.0785804,5.149293500323624
6.2,7.3197002,18.05968130788495
7.5,6.141614,18.11181386311849
6.0,6.4687157,7.811927795410156
6.2,5.855932,5.5494800690681725
5.8,4.4737177,22.86693638768689
8.2,8.820339,7.565112230254392
6.6,6.556369,0.6610783663662944
6.8,6.0800066,10.58813824373133
7.1,6.716213,5.405447516642821
6.9,6.972439,1.0498378587805655
6.2,9.218523,48.68585525020476
7.1,7.9451075,11.902921972140465
5.8,6.10779,5.3067240221747065
7.8,5.6394997,27.698722252478962
6.9,7.0337467,1.9383582515992928
7.3,6.9989853,4.123489170858303
6.0,5.624651,6.255817413330078
4.5,5.023686,11.637465159098307
6.6,4.787592,27.46072826963482
6.6,6.5137205,1.307264963785802
7.5,6.478076,13.625653584798178
7.2,5.3418293,25.807926389906143
6.5,7.3919506,13.72231703538161
6.5,6.5131063,0.20163609431340143
6.9,8.071948,16.98475436887879
7.5,8.033325,7.111002604166667
4.3,5.1758804,20.369312375090846
6.7,5.8792467,12.250049078642434
3.9000000000000004,3.9074938,0.19214948018391015
7.2,5.695838,20.891139242384174
7.5,8.453595,12.71460215250651
4.4,4.117421,6.422246586192745
6.8,6.342827,6.723134657915899
8.0,8.430857,5.385708808898926
6.1,8.036009,31.737849751456846
7.1,5.5972033,21.166151342257645
7.7,6.1159077,20.572627674449578
7.5,5.627589,24.965476989746094
6.6,5.9038935,10.547068624785448
6.4,6.3700457,0.4680365324020441
6.7,7.1495943,6.7103627902358305
5.6,4.8297195,13.755008152553009
6.2,7.39367,19.252743259552982
2.5,3.9404547,57.61818885803223
6.2,5.877289,5.20501905871976
4.3,5.6716623,31.89912396808004
4.7,5.017123,6.747302603214341
6.9,7.0450964,2.102846339129014
7.5,7.6355915,1.8078867594401042
6.2,6.223159,0.3735296187862244
7.1,5.876252,17.235884867923357
6.9,6.647999,3.65219116210938
6.7,6.4462996,3.786573837052533
6.3,6.320421,0.3241463313027062
6.5,6.9509583,6.9378192608173075
4.9,5.1939554,5.999090233627623
7.2,7.692087,6.834544075859915
5.9,6.121793,3.759199885998736
5.2,7.139635,37.30067473191481
6.4,7.1718025,12.059414386749262
7.3,6.3118553,13.536228545724528
5.5,5.379819,2.1851106123490767
6.6,7.0938663,7.482823458584878
8.1,7.331973,9.481813878188895
6.4,5.161912,19.34512555599213
6.8,6.3174295,7.096624374389647
7.1,7.2634954,2.3027527500206366
6.3,6.1647797,2.1463545541914657
7.0,6.5994816,5.7216916765485495
6.8,7.0153065,3.166271658504713
6.6,6.4808407,1.8054441972212305
5.0,6.8149405,36.29880905151367
5.6,5.335556,4.722213745117181
5.1,5.029395,1.384409736184506
6.5,6.1768017,4.972281822791467
7.1,7.051898,0.6774929207815201
6.7,6.2522306,6.683124713043671
7.4,7.345933,0.7306356687803574
5.7,6.758855,18.576401158383014
8.0,8.03368,0.42099952697753906
5.7,5.797694,1.7139334427682946
6.9,3.838363,44.371551707171015
6.3,7.0456305,11.835404047890318
6.4,6.4832926,1.3014465570449774
7.9,6.666071,15.619355213793021
5.4,6.2209187,15.202197322139027
8.4,8.488006,1.0476861681256933
6.8,6.3931837,5.9825925266041455
6.6,6.517104,1.2559977444735386
6.3,5.5450983,11.982566591293091
7.1,7.025859,1.0442411395865376
7.5,6.730242,10.263442993164062
7.5,6.5972958,12.036056518554688
5.9,6.228265,5.563810316182793
5.9,6.5114546,10.363636986683984
6.4,6.4762926,1.1920720338821356
6.8,7.021366,3.2553841085994972
7.4,7.104807,3.9890959456160306
5.5,5.6759453,3.199005126953125
6.8,7.378503,8.507394790649416
6.5,4.9114695,24.438931391789364
5.4,6.006772,11.236519283718525
6.8,5.27293,22.45690962847541
6.6,7.009057,6.1978340148925835
6.7,6.640423,0.8892116261951986
6.4,6.046134,5.529156327247625
5.8,6.7746124,16.803662530307115
6.7,4.877681,27.19879435069526
6.6,7.7903214,18.035171971176617
5.9,6.497959,10.134900626489665
7.5,7.078601,5.618654886881511
7.7,7.8132124,1.4702908404461725
6.7,7.1809845,7.178873090601677
5.7,5.372818,5.740035207648028
6.8,6.7564373,0.6406279171214359
6.0,5.8884077,1.859871546427409
5.4,5.881877,8.923647138807501
7.5,7.1890545,4.1459401448567705
6.3,6.816469,8.197923690553697
6.6,6.701926,1.5443368391557228
5.7,5.6423616,1.0111992819267437
8.3,7.139024,13.98766529129213
5.6,5.952265,6.290442602975035
6.9,6.2619953,9.246444702148443
5.7,6.3139935,10.771814982096352
3.7,2.693471,27.203487705540017
6.6,6.356139,3.694860862963122
6.9,6.8210926,1.1435854262200005
7.0,4.742871,32.244702747889924
5.6,6.227913,11.21273040771485
6.5,6.4904814,0.1464403592623197
3.9000000000000004,4.4223347,13.393196692833524
6.7,7.783348,16.16937438053871
5.8,5.849636,0.8557944462217164
7.8,8.100642,3.8543872344188226
5.4,4.5565786,15.618914145010493
6.1,7.583331,24.31690341136495
6.7,6.358163,5.102046568002276
6.7,6.342602,5.3343018489097505
6.7,6.335968,5.433313170475748
7.3,7.453266,2.0995362164223055
6.5,6.6903744,2.9288365290715146
8.0,8.603094,7.5386762619018555
7.1,6.770691,4.638156084947179
8.4,8.10313,3.534162612188434
6.4,6.8109426,6.420978903770441
6.8,5.019294,26.186856101540954
6.7,7.1050415,6.045395580690296
5.9,6.3516197,7.654571533203119
5.8,5.649582,2.593415358970902
6.9,6.563815,4.872244682864872
6.3,6.915166,9.764538114033051
7.4,6.198781,16.232689006908522
7.7,6.005761,22.003101992916754
4.5,5.9147577,31.439060635036892
6.7,6.718919,0.2823701545373691
5.4,5.939681,9.99409357706705
7.4,6.543787,11.570445911304374
6.1,6.0182467,1.3402188410524405
6.7,5.6587887,15.540467447309354
6.9,7.174407,3.9769131204356265
7.1,6.7822275,4.475668786277229
6.3,5.816287,7.677983480786518
6.8,7.471326,9.872439328361962
5.2,6.9150066,32.980896876408494
7.3,5.5573263,23.872242235157586
6.6,6.3706684,3.4747210415926792
7.5,6.42484,14.335467020670572
6.5,7.0123053,7.881619380070613
8.1,8.196616,1.1927922566731815
8.5,8.249988,2.9413223266601562
3.7,6.5566416,77.2065291533599
6.6,5.020404,23.933274818189215
7.3,7.196476,1.4181372237532082
7.3,6.0807915,16.701486665908604
5.8,6.146635,5.976466474861937
6.9,7.935464,15.00672326571699
5.4,6.4591713,19.6142832438151
6.5,6.6455727,2.2395794208233175
5.1,4.940939,3.1188441257850728
7.1,7.004449,1.3457902720276689
7.7,7.8002577,1.302047828575231
5.6,5.6995373,1.7774513789585724
6.9,6.5984135,4.3708193129387505
6.7,6.679682,0.3032570454611733
7.1,5.2020936,26.731076039059058
8.1,8.277362,2.1896527137285444
7.1,7.222558,1.7261693175409931
2.8,5.42531,93.76107624598913
6.7,6.6516924,0.7210090978821738
5.6,5.1682143,7.710458551134376
6.3,6.3380775,0.6044054788256477
6.4,5.8015985,9.350022673606878
6.2,6.4229364,3.5957490244219352
6.5,6.6751194,2.6941446157602162
6.2,6.2931175,1.5018955353767611
6.3,6.1843166,1.8362438867962523
6.1,4.6873164,23.158747250916523
7.7,6.0984154,20.799800327845986
6.5,6.330453,2.6084166306715746
6.2,6.7791243,9.340713870140812
8.0,6.8268967,14.66379165649414
6.9,6.7527266,2.1343977554984765
6.8,6.8748484,1.1007112615248762
6.4,6.5300703,2.0323485136032047
7.4,6.59608,10.863786130338106
7.6,7.5279484,0.9480476379394485
5.6,5.1710925,7.659062317439482
6.1,6.387926,4.720100027615913
6.9,6.54255,5.180433522100039
7.1,7.5429945,6.239359143754132
6.7,6.528002,2.567137533159401
7.1,7.307704,2.92540805440554
7.4,7.412386,0.16737757502374942
7.1,7.0158873,1.1846864727181399
5.0,6.0985537,21.971073150634766
6.3,6.086156,3.394350929865759
6.8,6.8724833,1.0659301982206484
7.6,7.867339,3.5176201870566968
6.5,6.789851,4.459249056302584
6.6,6.589881,0.15331904093423943
5.7,5.6382103,1.0840298836691369
6.1,5.4130125,11.262090088891197
7.5,6.821645,9.04473622639974
7.2,7.1639833,0.5002313190036375
6.7,7.858246,17.28725148670709
7.2,7.6730433,6.570045153299965
6.0,6.9212713,15.354522069295248
5.6,6.668106,19.073322841099337
6.9,6.9688177,0.9973581286444129
5.6,5.0373955,10.046509334019246
5.6,7.151951,27.713407788957873
7.0,6.8020744,2.827508108956473
9.0,8.96732,0.363106197781033
7.9,8.246468,4.385665700405454
6.3,5.537754,12.099141923208084
6.6,5.998373,9.115560127027102
7.3,6.6554623,8.829284040895224
6.5,6.653098,2.3553554828350363
3.8,4.4815006,17.934226989746097
8.2,6.9535236,15.200931269948068
5.7,4.257343,25.30977516843562
6.1,5.1742597,15.176071104456163
6.1,6.413312,5.136261611688338
4.9,5.157296,5.250942463777496
7.5,6.1019983,18.64002227783203
6.4,6.055171,5.387952923774725
6.2,5.877886,5.19539002449282
6.4,6.323722,1.1918455362320002
6.3,6.77427,7.5280961536225846
5.6,5.163912,7.787288938249855
5.1,6.699128,31.35545393999886
6.7,7.748001,15.641807442280781
7.3,7.3005877,0.008050056353009712
6.4,7.3073635,14.177554845809931
7.0,6.9426365,0.8194787161690849
5.4,5.2194824,3.3429181134259323
6.7,4.796311,28.413270124748575
6.5,5.735183,11.766419043907753
7.2,6.5062246,9.635768996344675
4.9,6.198944,26.5090630978954
7.3,6.485979,11.150971504106911
6.2,5.675317,8.462632086969194
4.9,6.201851,26.5683855329241
6.6,6.3447924,3.866782332911631
5.6,7.1715155,28.0627761568342
4.9,6.7142963,37.02645593759964
7.9,7.862053,0.48034281670293166
7.1,6.2508135,11.96037346208599
6.5,5.6881857,12.489450894869291
6.6,7.1386337,8.161117091323396
8.0,7.17268,10.341501235961914
7.2,6.3964567,11.160323354932999
6.7,6.5912895,1.6225444736765418
6.2,6.7846622,9.430036237162925
5.3,6.3983507,20.72359840824919
6.4,5.63251,11.992028355598453
6.0,5.875614,2.0730972290039062
6.3,6.029315,4.296587383936319
6.6,5.964342,9.63118004076408
6.2,6.1852245,0.23831398256363692
4.8,6.1348934,27.810279528299976
6.2,6.855213,10.567954278761338
5.5,5.5948925,1.7253182151100852
6.4,6.2777786,1.909708976745611
4.3,5.746167,33.63179495168288
5.8,7.572484,30.560069248594093
6.4,6.963545,8.805388212203974
6.9,6.770993,1.8696632938108633
6.7,7.6699533,14.476915615708078
5.9,5.4827538,7.071970276913406
5.9,5.01826,14.944745726504573
5.6,5.8749714,4.910203388759075
7.1,8.485771,19.51790393238337
6.6,5.7983932,12.145556825580016
5.8,6.272586,8.148032221300852
6.9,6.843708,0.8158255314481482
6.3,6.297757,0.03560081360831811
7.3,6.0892878,16.585099207211847
4.4,4.5061393,2.4122563275423836
5.4,7.047777,30.514392146357775
6.2,4.989127,19.53020711098948
7.4,7.3790045,0.2837232641271691
6.7,5.9000187,11.940019522140277
6.2,5.345727,13.778597308743386
6.0,6.3544664,5.907773971557617
5.9,5.7646065,2.294805494405461
6.9,7.060397,2.324596349743824
7.0,5.716524,18.335369655064174
7.6,6.6372223,12.66812776264391
7.7,7.810004,1.4286264196618788
7.0,5.8888454,15.873636518205915
7.2,7.9414864,10.298421647813583
7.1,5.521826,22.227805768939806
7.4,6.7840204,8.324048325822165
7.2,5.1999826,27.778018845452205
6.2,6.585908,6.224321549938568
6.5,7.9619684,22.491821875939003
6.2,6.4867306,4.624686702605214
5.5,6.1812296,12.385992570356889
6.9,6.3821325,7.505325649095623
7.8,7.2597857,6.925824972299427
4.6,4.7703032,3.7022445512854616
6.8,6.888445,1.3006603016572866
6.1,5.993265,1.7497516069255834
6.4,6.425271,0.39485991001128595
7.7,7.97155,3.526623218090501
5.4,5.4520226,0.9633806016710003
7.4,6.9084606,6.642424093710414
4.3,4.7619753,10.74361135793287
5.9,5.802017,1.6607252217955568
5.9,6.036928,2.3208165572861432
5.7,5.384577,5.533740394993835
6.0,1.3000001,78.33333214124043
7.1,6.762027,4.760186101349302
5.1,7.3387527,43.897112678079054
6.1,6.1349983,0.5737429759541555
7.0,5.517996,21.171488080705917
6.1,6.2402096,2.298517696193013
5.5,5.612255,2.0410017533735796
6.4,7.125861,11.341580748558039
6.8,6.153222,9.511439940508673
6.6,6.803338,3.080879558216447
6.5,6.3256664,2.682054959810697
6.3,6.422489,1.944272480313743
6.7,7.200759,7.474013940611879
9.2,9.08035,1.3005443241285164
7.4,5.5136957,25.490598420839053
7.4,5.929638,19.869757987357477
7.2,7.38731,2.6015281677246067
6.1,6.2104197,1.8101582761670783
4.7,5.6160393,19.490197364320142
7.0,7.511526,7.307515825544085
5.6,5.097595,8.971514020647316
6.1,6.6014194,8.219990964795729
7.0,5.90036,15.709141322544642
7.1,6.8652077,3.3069341955050566
6.5,7.0289173,8.137189424954927
7.1,7.4123955,4.399936299928482
3.8,6.0333967,58.773597918058705
5.8,6.92756,19.44068711379479
6.4,6.825241,6.6443920135497985
6.2,6.5907955,6.3031534994802145
6.2,6.238514,0.6211926860194024
5.9,6.180626,4.7563714496159895
5.9,6.360771,7.809681003376583
7.8,7.7928963,0.09107345189803458
6.4,5.980612,6.552940607070928
6.7,4.745679,29.1689716168304
6.9,6.989152,1.2920573137808484
7.0,6.4441442,7.940796443394253
6.8,7.6626205,12.685596241670499
6.3,6.805518,8.024097624279205
6.3,7.339596,16.50152055044023
6.4,6.6568995,4.014053940773004
6.5,7.2209606,11.09170180100661
3.7,5.534786,49.588816874736054
7.3,7.2865467,0.18429168283122616
5.2,6.569833,26.342938496516293
4.1,7.037574,71.64814181444123
6.6,6.452571,2.2337740117853286
6.1,7.122695,16.765491297987648
6.5,6.2973223,3.118118873009315
6.1,7.501916,22.98222838855181
6.4,5.6582317,11.590129137039188
6.2,7.368701,18.850015824840913
7.9,6.5235434,17.423501799378215
6.6,7.4754477,13.264358404910931
4.7,4.987634,6.119876212262088
6.0,7.1283283,18.805472056070965
6.7,6.9921427,4.360338467270578
6.9,6.3409348,8.102394878000458
6.5,5.5605125,14.453653188852163
6.2,5.872492,5.282389733099171
6.9,6.6327477,3.873222461645159
7.0,7.000164,0.0023433140345982145
7.2,6.7931023,5.651357438829212
5.9,6.518381,10.481035911430741
6.9,6.5157585,5.568717182546427
6.0,6.435849,7.264153162638347
5.2,5.5484877,6.701685832096977
6.8,6.029832,11.326001672183764
6.1,7.207988,18.16373418589108
7.3,6.812729,6.674946824165238
5.2,5.380576,3.4726179563082145
5.9,6.7372446,14.190586542679085
6.4,5.414646,15.396153926849369
6.5,6.692856,2.9670128455528846
7.9,7.482147,5.289275736748422
6.5,4.677067,28.045126108022835
4.9,5.03688,2.7934697209572232
6.5,5.7064114,12.209055973933292
4.2,5.4941654,30.813462393624434
6.2,5.671479,8.524528626472721
7.4,6.996764,5.449132661561713
4.3,6.274214,45.91194862543151
7.2,7.4922543,4.059086905585392
5.8,5.583378,3.7348648597454175
5.7,6.968755,22.25885558546635
5.8,6.587264,13.573518292657264
4.8,6.858636,42.888247966766365
7.1,7.3510723,3.5362297380474303
6.9,5.5206366,19.99077451401863
6.6,7.7362747,17.21628362482245
5.6,4.4977756,19.68257938112531
6.4,6.2209272,2.798011898994451
7.6,6.2952967,17.167149092021738
6.5,6.138176,5.566523625300481
6.5,7.9573793,22.42122063269982
6.1,6.3391933,3.921202362560841
5.7,5.0820203,10.841749425519978
3.8,4.79268,26.12315228110866
5.6,5.49977,1.7898184912545279
6.2,5.6940126,8.161086420859062
6.1,5.0070696,17.916892004794757
7.2,6.371477,11.507262123955622
7.7,7.743511,0.5650805188463857
7.5,7.752981,3.373082478841146
7.0,7.8133364,11.619091033935547
7.7,6.553261,14.892716841264207
6.5,5.7870493,10.968472407414364
5.7,5.509948,3.3342495299222206
4.2,7.4124002,76.48572013491676
7.6,6.574691,13.490910279123403
6.2,5.6017866,9.64860300863943
7.4,6.625718,10.463268692429004
6.6,7.8138237,18.391268181078367
5.9,4.994666,15.344642380536616
6.3,6.6338425,5.299086797805062
5.9,7.4072704,25.546956466416173
7.4,6.7345905,8.992019859520168
5.5,5.0255127,8.627041903409092
5.1,6.3028593,23.585476594812736
6.6,6.804903,3.1045913696289116
5.9,6.0533724,2.599531917248736
7.7,7.628622,0.9269862980037563
6.3,6.80237,7.974128117637031
6.2,7.4621735,20.357636482484875
5.8,4.0723896,29.78638616101495
5.4,6.1015987,12.992569252296724
4.9,5.8227043,18.830700309909112
6.4,6.36889,0.4860967397689875
3.5999999999999996,5.165947,43.49852667914498
6.7,7.130207,6.421000921904149
6.3,6.3503523,0.7992426554362008
5.1,6.848218,34.27878361122282
7.0,5.7227373,18.246609824044363
7.3,6.496011,11.013550954322291
5.5,5.591384,1.6615260731090198
5.6,6.730442,20.18646512712752
6.5,4.963567,23.63743415245643
5.8,4.9103584,15.338647776636583
6.2,5.5238323,10.905930303758193
7.5,7.156193,4.584096272786458
6.1,5.5462894,9.077222230004477
5.7,5.7549963,0.9648473639237222
5.1,4.7545433,6.773660697189025
6.9,6.429345,6.821085059124496
7.1,5.934168,16.420170958613003
6.9,7.449445,7.962967692941854
4.6,4.6918945,1.9977072010869643
5.8,6.119811,5.5139837593867895
4.7,6.5597076,39.56824769365026
5.5,6.09352,10.791275717995383
5.4,6.0275517,11.621326870388447
6.6,8.141905,23.362194408069964
6.6,5.715974,13.39433554447058
7.5,7.1237526,5.016632080078125
7.5,6.962432,7.167574564615886
6.7,6.936364,3.5278234908829846
7.2,7.026926,2.4038049909803627
6.2,5.9713163,3.688446167976628
4.7,5.506589,17.161466720256396
6.5,6.6686583,2.594742408165565
7.2,6.3000364,12.499494022793241
5.2,5.2102013,0.19617814284104226
6.7,6.651203,0.728311111677941
6.5,6.720728,3.395814162034255
6.2,6.784935,9.434435444493445
4.2,5.516033,31.33412315731956
5.8,3.710345,36.02853396843219
6.2,5.4326468,12.376665299938573
5.4,6.1574936,14.027659098307286
7.6,6.610236,13.02320831700375
4.5,5.3554945,19.01098887125651
4.9,6.232712,27.19819983657525
6.6,6.57051,0.44681953661369017
5.2,6.734416,29.508000153761635
6.2,6.411373,3.4092441681892613
6.1,7.4789934,22.606449439877377
7.1,6.5034666,8.401878786758633
6.9,7.830594,13.486870475437325
5.8,4.7273808,18.493435300629713
7.7,7.8757305,2.2822144743684025
6.6,6.753581,2.326985561486452
7.5,7.6494484,1.992645263671875
7.2,6.289589,12.644598219129776
5.3,5.4631567,3.078428304420331
6.2,5.9130373,4.628430643389304
6.9,6.554138,5.0124900928442075
6.6,6.3401985,3.936386108398432
5.4,6.1020756,13.001399570041226
4.8,5.2105007,8.55209827423096
6.0,5.415304,9.744930267333984
6.3,6.0816126,3.4664668734111457
6.6,6.3416157,3.914913986668437
6.7,5.2620792,21.46150389714028
6.3,6.1072235,3.059944273933529
4.1,3.818555,6.864509349916031
7.5,7.1370487,4.8393503824869795
7.3,6.037858,17.289616310433164
5.4,6.284932,16.387632158067486
6.4,6.795944,6.1866283416747985
6.4,5.311736,17.004123330116276
7.0,7.929412,13.277312687465123
5.9,5.3307657,9.64803857318426
5.9,6.3864756,8.245348526259594
6.9,5.7803936,16.22617970342222
6.7,6.2179794,7.194336848472483
4.7,5.9922047,27.49371630080202
8.3,5.535969,33.30158095761954
6.6,6.0921526,7.694657643636063
7.0,6.9006157,1.4197758265904017
5.9,6.706855,13.675505427990924
3.2,5.6783743,77.44919657707213
6.7,6.7884045,1.3194696227116345
8.0,8.057588,0.7198452949523926
5.5,6.590023,19.818600741299715
5.9,6.996832,18.590371083405053
7.1,6.5725555,7.4287951832086225
5.8,5.428709,6.401568445666081
7.1,6.831668,3.7793253509091613
6.1,7.295223,19.593823542360404
5.7,6.671792,17.048982988324077
6.5,7.2899313,12.152789189265324
5.8,5.079562,12.421341600089235
4.6,5.729985,24.564896459164835
6.5,6.0782576,6.488345219538762
5.8,5.695627,1.7995308185445822
6.4,6.0452766,5.542552471160894
5.9,6.327612,7.247659715555476
8.2,7.8969507,3.695722905600935
6.1,7.5696306,24.092305292848685
6.1,6.1970778,1.5914385436011202
6.0,5.2751703,12.08049456278483
7.6,6.1783876,18.70542576438502
6.2,5.5819864,9.967960849885019
6.7,5.641944,15.79188161821508
6.7,7.441634,11.069166838233148
5.2,4.164204,19.919151526231033
7.3,7.006604,4.0191206213546105
7.4,7.5790606,2.4197372230323535
5.7,5.1360087,9.894583518044993
5.7,5.5233116,3.0997962282415052
7.5,7.543086,0.5744806925455729
6.0,6.225725,3.7620862325032554
6.3,6.802597,7.977730887276788
5.6,6.8856564,22.95814922877721
8.0,7.054429,11.819636821746826
7.0,7.5931635,8.473764147077288
7.0,6.4639072,7.658467973981585
7.8,6.5970592,15.422317309257311
7.4,4.8459373,34.51436145885571
6.0,5.2733803,12.110328674316406
5.8,8.637976,48.930615392224546
6.3,5.2469025,16.715833875868054
8.0,7.345212,8.184850215911865
6.3,4.8880982,22.411139049227273
6.8,6.2167025,8.577904981725354
5.2,5.0946465,2.026029733511121
6.5,4.6968822,27.74027310884916
8.0,7.4864397,6.419503688812256
7.1,5.8387165,17.764556240028057
6.0,4.8746367,18.75605583190918
6.9,5.2678704,23.654051794522054
8.4,8.846743,5.318364642915268
4.8,4.149848,13.54483366012573
7.0,6.424635,8.219500950404576
6.6,6.584448,0.23563847397312437
6.6,6.6891212,1.3503219142104694
6.4,6.658573,4.040205478668207
6.1,6.2193613,1.956742708800275
6.6,6.7546864,2.34373266046698
6.1,6.407342,5.038392739217795
5.3,5.8603096,10.571879260944874
7.9,7.7717752,1.6230981561202082
7.2,7.6919794,6.833047337002222
6.3,7.1038256,12.759136018298923
6.4,7.3211107,14.392355084419245
7.0,6.998397,0.022901807512555803
6.1,5.0251775,17.62004133130683
5.8,5.8231735,0.3995434991244643
6.3,5.8149567,7.699100554935514
6.8,6.1965227,8.874665989595298
6.5,7.269556,11.83932377741887
5.4,6.2714586,16.138122699878828
7.1,5.7612915,18.85504924075704
5.2,6.3572483,22.254775120661805
7.3,7.903221,8.26330315576841
5.2,5.203024,0.058152125431937686
5.8,6.8889685,18.775318408834526
5.3,5.3096495,0.18206542392946976
6.3,7.357808,16.79060496981182
6.5,7.01031,7.850925738994892
6.2,6.3298016,2.093573539487774
6.9,6.3469534,8.015168231466546
7.1,7.7847996,9.645064447967105
6.9,4.9941716,27.62070116789445
4.8,4.473288,6.806498765945432
6.5,5.9398985,8.616946293757511
4.8,6.068368,26.424332459767662
5.5,5.0220604,8.689811012961648
5.0,5.1585317,3.170633316040039
7.2,6.8992395,4.177228609720868
5.0,6.255228,25.10456085205078
6.5,7.5469503,16.106928311861477
7.3,4.6476507,36.33355179878131
7.3,6.7932615,6.941622903902235
6.5,5.428629,16.48263197678786
4.9,4.794731,2.1483440788424817
5.8,7.0073366,20.816148560622647
5.3,5.9189425,11.67815946183115
7.2,5.7533283,20.09266217549642
5.8,6.841134,17.950587437070652
6.3,6.6389914,5.380815172952321
7.2,7.887575,9.549654854668509
6.3,6.082363,3.4545535132998486
4.3,5.386235,25.261284584222842
6.3,5.048332,19.867742629278272
4.8,5.868807,22.266809145609542
7.1,6.0123158,15.319496477153937
6.4,4.161126,34.98240411281586
7.5,7.863743,4.849904378255208
6.9,6.102604,11.55646503835485
5.4,5.521266,2.2456663626211593
6.8,5.226563,23.13877975239473
7.6,8.019897,5.5249665912829
5.4,2.9899101,44.63129396791812
6.9,5.8760147,14.840366529381797
5.5,5.3020163,3.59970439564098
6.1,7.1959286,17.966042190301618
5.8,4.170479,28.095192744814113
5.5,8.09185,47.12455055930398
5.4,6.9264517,28.267623760082095
6.0,3.8617477,35.63753763834635
2.9,6.0835905,109.77898301749394
6.4,6.737726,5.2769720554351744
7.3,7.1111097,2.5875378961432447
5.4,7.815467,44.73086816293221
6.7,6.8586273,2.367571930387124
7.1,6.8086557,4.103440298161032
7.5,6.5137186,13.150418599446615
6.8,7.2321444,6.355064055498911
7.2,6.7919693,5.667093065049915
4.7,6.4647713,37.548324909616014
6.7,7.1025696,6.008501195195893
7.1,5.798849,18.326068931901954
6.3,6.9485836,10.294977823893232
6.5,6.0590525,6.783808194673979
6.6,6.0682554,8.056735992431635
5.6,7.110675,26.976336751665393
6.7,6.428217,4.056463668595502
6.4,7.017578,9.649658203124995
6.5,7.6513042,17.71237299992488
6.7,7.866145,17.40515125331594
7.7,7.9481344,3.2225249649642325
5.9,5.7017317,3.36047996908932
5.4,6.606325,22.33935462103949
5.5,4.930579,10.353105718439275
5.9,6.498703,10.147508524231984
5.4,4.423992,18.07421931514034
6.2,5.6513233,8.849623895460562
6.9,6.890194,0.1421168230582026
7.0,6.3237925,9.660107748849052
6.4,5.9046392,7.740011811256414
7.4,6.773797,8.462202226793448
6.6,4.8927784,25.86699399081143
6.4,7.049821,10.15345156192779
6.5,6.4410105,0.9075311514047476
6.2,5.192846,16.24442223579653
7.4,8.02236,8.410268216519738
7.2,6.1990547,13.902017805311417
6.2,7.3314037,18.248447295158137
5.9,5.4816046,7.091447862528144
7.2,6.1946926,13.962602615356447
6.1,6.5592556,7.5287803274686285
3.7,6.828949,84.56618850295608
7.3,6.500251,10.95546826924363
7.1,7.425806,4.588817542707422
6.2,7.0387497,13.52822088426159
6.5,5.5740814,14.244901216947115
6.5,7.043581,8.362784752478966
6.0,5.942831,0.9528160095214844
5.6,5.934827,5.979050908769887
6.9,6.760401,2.0231772160184605
7.1,6.3020945,11.238106203750823
5.9,5.9943666,1.5994346747964054
3.1,5.493888,77.22219036471459
6.7,6.4574766,3.619752001406544
6.8,6.8353357,0.5196431103874681
7.4,7.9592104,7.556897240716053
5.6,6.336649,13.154445375714989
4.6,5.6034756,21.81468631910242
6.8,5.828973,14.279811522539923
5.4,5.408785,0.16268270987050845
7.9,7.09982,10.1288590250136
3.9000000000000004,5.2156076,33.73352931096002
4.4,6.798938,54.52131358059969
5.1,6.6239157,29.880699456906793
6.5,5.5575924,14.498578585111177
8.1,7.023507,13.290035577467927
6.7,6.5477953,2.271712004248778
5.2,6.283498,20.83649635314941
7.1,6.9829903,1.6480244381326976
4.9,5.8686266,19.76788968456034
7.5,7.193804,4.0826161702473955
5.8,4.7025642,18.921306215483565
6.9,6.6229954,4.014559759609946
6.7,6.722745,0.3394767419615762
6.0,6.1882133,3.1368891398111978
6.0,5.874873,2.085447311401367
7.0,7.269971,3.856727055140904
8.3,8.43147,1.5839749071971392
5.3,4.2719026,19.398064883250107
5.6,6.0319777,7.713886669703899
6.6,5.943041,9.953926548813325
6.2,6.3473864,2.3771993575557557
6.6,7.436701,12.677285165497755
6.1,6.1873245,1.431549572553797
4.8,6.1289225,27.685884634653736
7.0,6.645378,5.066026960100446
5.8,6.5849667,13.533907923205149
2.8,2.9606628,5.737958635602685
5.8,7.5065527,29.423322348759097
6.1,6.4944973,6.467168839251415
5.6,8.130564,45.18863814217705
7.1,6.251439,11.9515620486837
7.2,8.148702,13.176412052578394
6.1,6.640832,8.86609749715837
6.7,7.469862,11.490477376909396
4.5,6.1030474,35.623274909125435
6.2,5.34956,13.716777678458923
3.8,3.5382268,6.888767292625022
7.6,7.471468,1.6912108973452873
5.9,6.491543,10.026149426476424
5.2,5.112034,1.6916568462665298
6.2,4.490934,27.565582336918006
6.6,6.910512,4.704726826060908
5.9,4.974703,15.683002795203262
6.1,5.934395,2.7148387471183346
6.7,6.002798,10.405998799338272
7.0,7.601078,8.586829049246651
5.8,5.615488,3.1812404764109616
7.4,5.514474,25.48008222837706
7.4,6.8246965,7.7743710698308215
6.5,5.4827337,15.650250361515926
6.3,6.3536596,0.8517401559012305
4.6,5.924258,28.788222437319558
6.5,6.4658747,0.5250050471379206
3.7,5.8095484,57.014821026776275
5.6,6.353319,13.452128001621798
5.0,6.915125,38.30249786376953
6.0,4.66483,22.252829869588215
6.5,7.0633364,8.666713421161358
6.1,7.3784657,20.958453319111815
6.0,4.999794,16.67009989420573
6.2,7.486948,20.757226021059093
6.8,7.2693644,6.902417014626898
3.2,6.686823,108.96321535110474
6.4,6.791115,6.111168861389154
5.8,5.607749,3.314672667404698
6.7,6.433281,3.9808814205340513
8.1,7.319269,9.638652095088249
6.7,6.9874363,4.290093948591998
5.5,7.970026,44.909563931551844
4.6,5.5156736,19.905948638916023
6.0,6.180457,3.0076185862223306
5.9,5.8743896,0.4340737552966162
7.0,5.8538704,16.373280116489955
6.3,6.2340584,1.046692378937249
6.3,7.2101192,14.4463372608972
7.1,6.788558,4.386506953709557
4.9,6.071702,23.912285785285786
6.4,5.9613523,6.853869557380682
6.0,4.15014,30.831003189086914
6.5,4.3739967,32.707742544320915
6.1,6.4541893,5.8063819760181925
4.4,3.5189538,20.02377726814964
5.5,5.3075266,3.499516573819247
6.3,5.6233788,10.740019783141118
7.8,7.291231,6.522677494929385
7.4,6.888626,6.910458126583619
8.1,7.2863674,10.044846711335357
6.5,7.303894,12.367600661057692
5.9,5.4031076,8.421904353772184
5.9,4.534281,23.147783441058664
6.2,5.8975153,4.878785533289758
4.9,6.0732136,23.943134230010354
5.6,6.648505,18.723307337079735
5.0,6.2044744,24.089488983154297
6.6,5.6903954,13.781888557202885
7.4,6.106056,17.485726846231
4.6,3.4257386,25.527422324470848
6.2,6.1908092,0.14823790519468533
7.9,7.4736385,5.396980575368379
6.2,6.875452,10.89438776816091
7.7,8.219175,6.742536866819702
5.9,5.1937733,11.969944582147118
6.6,6.1468267,6.8662614533395425
4.8,6.4250555,33.855322996775314
7.5,7.440856,0.7885869344075521
7.1,8.002803,12.715533081914343
6.1,6.86191,12.490325677590297
6.2,5.980919,3.5335663826234907
7.0,6.6768637,4.616233280726841
7.8,8.224307,5.439834105662812
4.6,6.4676056,40.60012153957202
7.3,7.165756,1.8389558138912647
7.5,7.381569,1.5790812174479167
7.3,7.032255,3.667737359869968
6.4,7.1269617,11.35877668857574
5.7,4.9299345,13.50992102372019
7.0,6.9108925,1.2729644775390625
6.5,6.4472246,0.811928969163161
6.2,7.568861,22.078403349845633
7.5,6.445443,14.060757954915365
7.3,6.901778,5.455092861227792
7.4,7.4802303,1.084193667849974
7.4,7.097205,4.091822134481899
7.7,5.189756,32.60057251174729
6.7,7.0139656,4.686053831185864
8.5,8.608476,1.2761845308191635
6.7,6.41879,4.197166215127976
7.4,5.912483,20.10157817118877
6.6,6.646117,0.6987456119421811
6.2,6.362157,2.6154333545315622
7.7,7.4326468,3.472120111638852
7.1,7.200783,1.4194757166043184
6.1,7.2029066,18.08043620625481
7.1,5.6145926,20.921231659365368
5.1,6.890259,35.10311351102942
5.6,5.866267,4.754771505083363
5.6,4.4888883,19.841281005314414
6.2,4.1902184,32.41583147356587
4.9,6.0600204,23.673886668925377
5.7,6.609105,15.949212459095735
6.1,5.1337695,15.8398440626801
7.5,6.9018917,7.9747772216796875
5.6,5.9002266,5.361189161028188
6.5,7.2079105,10.890931349534254
5.4,6.1823244,14.487489064534499
7.4,6.5493975,11.494628803150077
3.0,7.5916233,153.05411020914713
6.4,6.7856493,6.025770306587213
5.2,5.300949,1.9413287823016792
6.0,5.459694,9.005101521809896
6.7,6.6958675,0.061678530564951345
5.8,6.5579777,13.06858062744141
4.4,5.9047756,34.199445897882626
6.4,5.180442,19.05559599399567
4.5,6.5855665,46.3459226820204
5.9,6.1929493,4.965242288880423
6.7,7.250736,8.219943829436797
6.5,7.2584877,11.669041560246395
4.8,5.034032,4.875663916269942
5.0,5.712903,14.258060455322266
3.4,5.8594055,72.33545639935662
6.3,6.6815624,6.056546408032617
4.6,7.75521,68.59152006066365
8.1,7.628332,5.823060023931805
6.2,6.255369,0.8930513935704356
3.9000000000000004,5.5109024,41.30518986628605
5.7,5.939164,4.195862485651381
6.8,7.379218,8.517913257374484
5.1,6.0051394,17.747830409629678
6.7,5.593111,16.52073077301481
5.4,4.341811,19.596089257134334
5.6,6.414731,14.54876831599645
4.8,6.222314,29.631539185841884
6.8,6.0704527,10.72863690993365
5.4,5.417803,0.3296816790545362
6.4,6.5616627,2.525979280471796
5.9,6.0751095,2.967957318839374
6.7,6.296583,6.0211466319525435
7.3,7.27419,0.3535623419774698
7.6,8.266251,8.766455399362668
6.2,5.91601,4.580485436224171
7.6,4.3919134,42.21166560524388
5.4,4.1406784,23.32077026367188
6.0,5.0541496,15.764172871907553
4.5,6.0474358,34.38746134440104
5.7,6.0832386,6.723484240080178
5.9,5.5189953,6.457707033318994
6.1,5.8527718,4.052921983062238
6.2,6.5478964,5.6112320192398535
5.7,6.5110397,14.228767261170502
6.5,7.473737,14.980565584622896
5.0,5.9266243,18.532485961914062
5.8,5.1151533,11.807701505463697
3.2,4.2001905,31.255954504013054
7.3,7.052842,3.385724106880081
7.8,6.7786446,13.094300490159254
6.3,4.1891575,33.505436730763265
5.2,4.32083,16.907117916987495
6.3,6.7297354,6.821196419852123
6.1,7.038452,15.384461449795088
5.5,6.1239023,11.343678561123935
5.8,5.99123,3.297069154936695
7.0,6.8481646,2.1690777369907925
5.5,6.1163006,11.20546514337713
8.2,7.4056864,9.686751481963359
6.1,5.0528107,17.167038214011267
7.0,7.7120886,10.172694069998604
6.0,5.494087,8.431879679361979
6.6,5.0776234,23.06631261652166
6.6,7.028817,6.497229951800728
6.9,4.2195864,38.846574313398726
6.4,6.0385046,5.648365616798406
7.0,6.704508,4.221316746303013
5.6,7.4058475,32.24727766854423
5.8,6.981249,20.36635957915208
5.5,5.8500223,6.364042108709162
6.7,5.65862,15.542986855578068
7.9,7.4993544,5.071463765977309
6.9,8.111373,17.55612967670827
6.0,6.9126368,15.210612614949545
6.0,6.1356764,2.2612730662027993
7.0,7.610918,8.727400643484932
7.5,6.6230516,11.692644755045572
6.5,7.2213974,11.098421536959135
5.9,4.457278,24.452919071003546
2.9,5.60579,93.30310821533203
5.4,7.4240932,37.483208267777044
6.0,5.8655643,2.240594228108724
7.4,7.185812,2.894432480270803
6.5,6.5627155,0.9648543137770432
5.4,5.1050177,5.462635887993713
4.6,4.880924,6.107048366380782
6.4,6.7837925,5.996757745742792
6.8,7.1270885,4.810125687543086
6.8,5.9383135,12.671860526589784
6.4,6.5575247,2.461323142051691
6.0,7.1230946,18.718242645263672
8.0,7.5810833,5.236458778381348
5.6,6.4026623,14.333254950387143
5.8,6.2221603,7.2786265406115325
4.3,6.0665293,41.0820761392283
3.9000000000000004,5.489213,40.7490510206956
7.6,5.348316,29.627418518066403
6.8,6.5136957,4.210357105030731
8.0,8.21685,2.7106285095214844
5.2,6.1559772,18.38417786818284
5.9,3.3316412,43.5315051321256
6.4,6.7919827,6.124728918075555
5.3,5.8214836,9.83931343510466
7.6,6.8906193,9.333956869024977
6.0,6.434679,7.244650522867839
6.8,6.5332975,3.9220950182746415
7.4,5.81511,21.417429640486436
5.4,5.5011024,1.8722675464771346
5.7,6.5572376,15.03925658108895
5.2,3.3228464,36.09910744887132
7.1,6.650156,6.335830688476558
7.3,6.926259,5.119739166677813
6.9,7.5824957,9.891241875247674
6.3,5.199013,17.475980425637864
5.2,5.5764866,7.240126683161806
4.7,6.3345404,34.77745461971201
7.2,6.825596,5.200057559543188
5.2,5.1730547,0.5181789398193394
4.5,3.5905006,20.211097929212784
5.1,6.003681,17.71923887963389
5.4,6.152302,13.931514598705144
5.0,5.7281322,14.562644958496094
5.8,7.170784,23.634206837621235
7.3,6.8536825,6.113938109515463
6.5,6.56746,1.0378470787635217
5.5,5.347991,2.763800187544389
7.1,5.971017,15.90117064999862
6.6,7.594186,15.063421653978757
6.6,5.8083553,11.994616190592444
5.8,6.765131,16.64018959834658
3.0,6.7223015,124.07671610514323
6.7,6.4721785,3.4003215049629807
5.7,6.6697865,17.013797425387196
5.7,5.871456,3.0080025656181437
5.5,5.318863,3.2934015447443183
7.1,7.8470726,10.522149314343094
7.0,7.180932,2.5847434997558594
6.9,6.832654,0.9760289952374938
5.9,5.746457,2.6024220353466028
6.3,6.724598,6.739649696955608
7.4,7.301071,1.3368761217272007
6.2,6.985504,12.669421780493948
5.7,6.45967,13.327545032166595
4.8,6.461094,34.60612297058106
6.3,6.1741943,1.9969153025793622
6.8,6.8853693,1.2554308947394903
5.1,4.850307,4.895941416422519
6.2,6.3024397,1.6522530586488755
5.9,6.0947857,3.3014523780952003
5.1,4.6907253,8.024993597292426
4.5,4.7142425,4.7609435187445746
4.4,5.1232405,16.437283429232505
6.1,6.852892,12.342490524542141
3.5999999999999996,5.779807,60.5501969655355
4.9,6.5863132,34.414556075115584
7.7,7.107486,7.694989984685726
6.1,6.712063,10.033816978579669
7.5,5.67091,24.387868245442707
4.7,4.6993546,0.013730881061963553
6.4,6.670436,4.225561022758478
6.1,5.812608,4.711348111512225
6.1,6.359008,4.246030088330885
5.4,4.1369205,23.390361997816303
6.6,6.4678993,2.0015254165186973
4.5,5.403427,20.076158311631943
6.6,6.645776,0.6935726512562199
7.1,6.492654,8.554171172665873
5.3,5.569935,5.0931102824661005
7.2,7.550103,4.862544271681042
7.8,7.405636,5.055950849484173
5.0,3.8188074,23.623852729797363
7.4,7.166871,3.150390934299783
5.1,6.013605,17.913825839173565
6.4,6.5579348,2.4677306413650455
6.4,7.027961,9.811887145042414
7.3,6.844817,6.235381348492346
7.1,5.8566628,17.51179225008252
6.1,6.1188345,0.30876222203990084
5.9,6.8851547,16.697537696967686
7.1,6.734893,5.142354293608325
5.7,5.981553,4.93952767890796
5.9,4.445202,24.65759535967294
6.9,6.4085655,7.122238822605303
5.8,5.7054443,1.6302700700431005
5.6,5.3273478,4.868790081569121
6.9,7.334779,6.301141821819797
7.4,6.38883,13.664456960317255
5.9,6.706764,13.673969850701795
6.1,5.6031265,8.145466788870383
7.4,6.9970713,5.444982889536269
7.0,6.7915173,2.9783248901367188
7.8,8.310477,6.544580215062853
6.0,6.9661245,16.102075576782227
7.2,8.158147,13.30759525299072
5.4,7.244297,34.15364865903501
6.5,6.713296,3.2814759474534254
4.1,6.1073723,48.96029960818408
4.7,7.3184366,55.711417502545295
3.9000000000000004,6.3568344,62.99575414413059
5.7,5.0163774,11.993378087093959
5.4,5.426161,0.4844594884801728
6.1,6.124283,0.3980792936731616
5.2,5.170331,0.5705576676588826
8.0,7.7837267,2.703416347503662
3.7,3.3893702,8.395399918427342
6.5,5.4950123,15.461349487304688
7.3,6.9765234,4.4311863102325
6.0,7.121934,18.698898951212566
6.5,6.363188,2.104803232046274
7.3,7.695903,5.423326361669255
7.2,5.3964186,25.04974206288656
6.0,7.3019867,21.699778238932293
5.1,6.4964056,27.380501990224808
7.6,7.134899,6.119748165732932
5.2,5.656499,8.77882517301119
5.0,6.2810698,25.621395111083984
6.8,6.33457,6.8445598377900945
5.6,4.8832645,12.7988474709647
7.1,5.910161,16.75829551589321
6.5,6.4405165,0.9151312021108774
7.2,5.8003674,19.439342286851673
5.8,5.0522633,12.892012760556975
5.1,3.3204238,34.89365016712861
7.3,7.8419847,7.4244486142511255
6.0,6.637536,10.625600814819336
7.1,7.1664286,0.9356136053380882
7.7,7.866933,2.167959337110641
5.0,7.4002066,48.00413131713867
6.9,7.195492,4.282489721325855
5.1,6.187211,21.317863464355476
5.3,4.091921,22.79394617620504
6.6,7.0815907,7.29682806766395
5.2,5.971277,14.832254556509161
8.4,8.119366,3.3408846173967675
8.6,8.958026,4.163092236186187
5.1,5.3846426,5.581227470846745
6.3,6.5078545,3.299277169363842
7.1,5.963958,16.00059455549213
6.7,4.0830145,39.05948525044455
5.5,5.536277,0.659578496759588
6.0,5.388794,10.186767578125
6.2,5.9005594,4.82968668783865
6.5,6.8227024,4.964652428260217
7.6,7.4276495,2.267769763344208
6.5,6.8051424,4.694498502291166
6.6,5.964217,9.63307293978604
6.6,6.4320726,2.544353947494964
7.0,4.7129097,32.67271859305246
6.2,5.245447,15.396013567524573
7.5,6.84025,8.796666463216146
5.5,6.0736303,10.429642417214133
8.4,7.9669514,5.15534083048503
6.9,7.7387867,12.156328947647754
6.7,6.727701,0.41345055423565497
7.0,6.6603117,4.852690015520368
6.3,5.82845,7.484917413620719
6.1,5.553302,8.962265389864557
7.9,1.3000041,83.54425158681748
5.6,5.0668793,9.520012991768967
6.3,6.4114428,1.768932645283051
6.5,6.125451,5.762290954589844
5.9,6.2557316,6.029348858332224
6.6,6.918803,4.830351742831149
5.0,6.7767057,35.534114837646484
4.5,5.4561977,21.248838636610245
6.0,6.1164427,1.9407113393147786
7.0,6.323086,9.670203072684151
7.4,7.5236607,1.6710899971626851
8.0,6.7444563,15.69429636001587
4.9,6.099449,24.478554239078438
4.6,2.840317,38.25397802435833
7.5,6.9723854,7.034861246744792
6.4,6.884015,7.562735676765436
6.0,6.163615,2.7269204457600913
5.2,6.7322426,29.466203542856064
6.5,5.9386225,8.63657731276292
6.7,6.372716,4.884836566981987
5.5,5.617835,2.142455361106179
7.1,7.1874285,1.2313869637502801
6.8,7.004781,3.011481902178599
7.4,7.0268145,5.0430478276433215
6.8,6.214095,8.616248299093806
7.0,7.278288,3.975541251046317
7.5,7.102565,5.299135843912761
5.1,6.932332,35.92807919371363
6.4,7.243312,13.176748156547541
5.3,3.668757,30.778170531650755
6.1,1.3003263,78.68317463358895
6.9,5.21317,24.44681084674338
6.7,5.8031425,13.385932125262363
6.1,5.7272243,6.111076229908422
5.4,6.7526093,25.04831949869791
6.0,5.9888277,0.1862049102783203
5.7,6.413479,12.517172830146652
7.2,7.0037947,2.725074026319718
5.1,5.7082996,11.927443859623935
7.1,6.868623,3.258834086673356
5.9,5.728817,2.9014070155256944
7.3,6.6365395,9.088500558513482
6.9,6.624262,3.996204984360852
8.3,7.139024,13.98766529129213
7.5,6.4277325,14.296900431315104
6.6,7.0349493,6.590140949596064
6.7,6.610919,1.3295671833095293
4.6,6.911319,50.24606041286304
6.7,6.7662916,0.989427139509967
6.0,5.87941,2.0098368326822915
8.3,7.381771,11.062998944018268
6.2,6.1205263,1.2818336486816435
6.8,5.353711,21.268953996546124
4.7,5.6923923,21.114730834960934
7.1,7.054883,0.6354506586638925
5.7,5.6507483,0.8640657391464532
5.5,5.1996365,5.461155284534801
6.2,5.1166697,17.473070083125947
6.1,6.3832026,4.642664799924763
7.0,5.7954683,17.20759528023856
6.3,6.1061163,3.0775191291930155
4.9,6.646372,35.640241661850276
5.9,4.5496645,22.887042417364608
6.3,6.2008104,1.5744375804113935
8.0,7.692074,3.8490772247314453
7.9,8.03358,1.6908838779111406
8.1,9.091015,12.234751383463546
5.7,4.7251525,17.102587850470293
4.9,5.538911,13.038997260891653
6.8,5.220394,23.229498021742874
6.7,7.432352,10.930627851343864
6.6,6.7551956,2.351448752663358
6.0,5.0253577,16.244037946065266
5.8,6.4306717,10.873649860250541
6.9,6.881487,0.26830590289572526
7.3,5.3241158,27.066907490769474
5.8,5.280613,8.954949214540676
6.9,5.840211,15.359262107075129
5.9,6.650916,12.727391517768467
6.4,6.453373,0.8339524269103948
4.7,6.843643,45.609429542054514
6.8,5.334261,21.5549861683565
4.9,5.474777,11.730147381218105
7.3,6.5264835,10.596115948402717
6.7,7.5136585,12.144157068053286
5.7,6.690486,17.37694656639768
4.3,5.270997,22.58132668428643
6.7,6.1697598,7.914033576623719
7.2,7.5074615,4.270299275716143
6.5,5.6945095,12.392161442683292
7.5,4.1969934,44.04008865356445
7.5,7.2179585,3.760553995768229
7.6,7.412408,2.4683174334074276
7.5,6.577756,12.296587626139322
7.9,7.397917,6.35548362249061
6.9,6.2577915,9.307369287463205
5.6,5.800351,3.577698980058949
7.7,7.8718233,2.2314715695071508
5.6,4.3731184,21.90859998975481
5.9,6.4796352,9.824326078770518
7.0,6.239587,10.863045283726283
4.9,6.392686,30.462977350974562
5.0,6.052559,21.051177978515625
6.6,6.5853405,0.22211363821318117
5.5,6.2741203,14.074915105646307
6.4,7.1394157,11.553370952606196
6.0,6.42163,7.0271650950113935
5.5,7.1822367,30.58612129905007
6.2,3.6690056,40.822489799991736
6.0,5.4474573,9.209044774373373
7.5,7.427211,0.9705225626627604
6.7,5.9119816,11.761468915796993
5.8,6.412076,10.553034420671137
6.6,6.338704,3.9590286486076534
4.4,4.1526213,5.622243881225594
5.2,6.5713463,26.372043903057385
6.4,5.003313,21.823233366012577
5.3,5.713998,7.811280016629204
7.4,6.7537727,8.73280087032834
7.2,8.198197,13.8638522889879
7.9,6.777091,14.214037641694278
6.2,6.609168,6.5994847205377365
7.1,5.600025,21.126405957718966
6.6,7.247857,9.816016572894476
6.5,6.188586,4.790980999286358
4.6,6.6074934,43.64116088203763
7.9,5.881897,25.54560794106013
5.6,6.174961,10.267162322998054
5.7,6.041793,5.996366132769666
5.7,4.7904263,15.957434135570862
5.9,5.6171894,4.793399875446907
6.5,5.817994,10.492398188664364
6.7,6.2489157,6.732601905936628
6.6,6.917226,4.806452086477575
5.5,5.6749935,3.181700272993608
7.9,7.6423836,3.260967399500598
6.1,6.1426287,0.698830651455244
5.8,5.623605,3.0412969918086583
6.6,6.8263416,3.4294186216412226
6.8,6.260783,7.929658889770506
7.5,6.621791,11.709454854329428
4.8,5.559513,15.823189417521162
5.7,5.707736,0.13571956701445687
6.1,6.746685,10.601393902888068
7.1,5.740349,19.150016677211706
5.9,6.2023153,5.123988652633402
7.5,7.140396,4.794718424479167
6.8,4.9275103,27.5366138009464
6.2,6.3923903,3.103068567091416
5.4,6.928852,28.31207557960792
6.4,7.246212,13.222062587738032
5.9,7.217434,22.329388634633204
6.4,6.8018236,6.278494000434869
6.3,5.251789,16.638268364800346
5.3,5.369607,1.3133390894476007
3.8,4.4864454,18.06435334055048
7.0,7.281316,4.018797193254743
6.2,5.7253046,7.656377361666774
6.6,6.699128,1.5019416809082087
5.9,6.6161537,12.138198593915513
5.7,5.6821747,0.3127248663651347
6.9,6.2641172,9.215692160786066
6.3,8.208294,30.2903795999194
6.2,5.9686794,3.7309769661195844
6.3,5.44411,13.585556877983938
5.4,5.1220975,5.146342736703384
5.0,3.978011,20.43978214263916
6.0,5.4164248,9.726254145304361
4.4,5.087081,15.615476261485698
7.6,7.0346403,7.438943260594414
5.9,4.9447565,16.190567663160426
6.4,4.6044736,28.055100142955784
4.6,4.9613795,7.856076696644667
6.7,6.9948273,4.400407022504662
4.9,6.105424,24.60048831239038
6.9,6.932667,0.4734315733978662
6.4,6.060259,5.308455228805547
5.6,5.8232365,3.9863654545375344
4.0,5.1004596,27.511489391326904
7.8,5.530531,29.095757313263718
8.5,8.676927,2.0814895629882812
5.9,4.799898,18.645794108762583
6.5,5.836874,10.20193833571214
6.0,5.275672,12.072134017944336
6.1,5.994047,1.7369317226722536
7.5,7.0235605,6.352526346842448
6.3,5.0153804,20.390787578764414
6.7,5.9212723,11.62280182340252
7.3,7.2045155,1.3080074362558838
5.6,5.1535444,7.972420964922218
6.1,5.4285116,11.008006236592273
6.3,6.768429,7.43537781730531
5.8,6.6043453,13.86802278715989
8.0,8.20711,2.5888800621032715
6.1,6.4857664,6.324039521764543
4.8,5.594552,16.553167502085373
7.1,6.953128,2.068621675733105
6.4,6.4953423,1.4897227287292425
6.5,5.249798,19.23387967623197
4.3,5.9503536,38.38031680084939
5.3,3.3196182,37.365693866081955
6.0,6.5537367,9.228944778442383
6.9,6.8220844,1.1292112046393845
7.6,7.4749804,1.6449953380383897
4.6,5.5557795,20.7778142846149
6.0,6.0424423,0.7073720296223959
8.5,8.42079,0.9318856632008272
4.3,4.639902,7.904700345771261
6.1,4.78263,21.59623005351082
6.0,5.5435667,7.607221603393555
6.6,5.8258705,11.729234637636123
8.1,6.695423,17.34045523184317
7.7,6.0933275,20.865876334054132
6.1,5.318907,12.804806818727583
5.5,6.645029,20.818710327148438
6.1,6.2766924,2.8965965646212277
5.9,7.435501,26.02544234970868
7.7,7.7231073,0.3000952980735062
6.2,6.0069723,3.1133497914960335
7.7,7.948147,3.2226859749137557
7.0,6.6603136,4.852662767682757
7.3,5.7090435,21.793924619073735
6.6,6.1794443,6.37205586288914
7.9,8.049177,1.8883186050608143
7.4,6.4812946,12.414937405972871
5.9,4.3907566,25.58039649058197
5.7,7.143381,25.322475767972172
5.2,6.437113,23.79063092745267
6.2,6.0985537,1.6362313301332563
6.5,5.8004208,10.762757521409254
6.4,5.7233744,10.572275519371036
4.9,5.8848352,20.09867843316525
7.2,6.9831038,3.012447886996801
5.8,4.862779,16.158980336682546
5.9,7.170411,21.532391693632476
5.8,6.41436,10.592414592874464
6.9,6.349451,7.978970071543823
5.9,7.6846485,30.248279894812626
5.8,5.5843344,3.7183728711358404
7.3,7.1609135,1.9052949670242914
8.2,6.7784195,17.336347626476748
6.4,6.0377083,5.660808086395269
6.2,5.4262743,12.479446780297065
7.3,7.5833035,3.880869199151865
6.8,6.1506977,9.548563115737016
7.7,5.538615,28.069932120186945
6.2,6.625827,6.868174768263291
6.3,4.146147,34.18814643980964
5.8,6.50379,12.134308650575838
6.7,5.856309,12.592403924287257
6.9,7.5067463,8.793424523395036
6.9,6.8016033,1.4260388802791037
5.9,5.6965837,3.4477330870547593
6.0,6.6078377,10.130627950032553
7.2,7.558881,4.9844556384616405
6.8,6.5634756,3.4782998702105328
7.9,7.354579,6.9040636473064225
6.5,6.4972067,0.042974031888521634
6.9,5.5499907,19.565352840700015
7.0,5.768051,17.599269321986608
7.4,6.1682863,16.64477941152212
6.9,7.0840673,2.6676426763119854
6.7,6.87162,2.5614951973530755
5.7,5.871874,3.01533079983895
6.2,6.2201357,0.3247691738990017
6.0,7.9383802,32.30633735656738
7.1,6.6054792,6.965081120880552
6.9,7.5571337,9.52367644379104
6.0,4.9402514,17.662477493286133
6.6,6.694661,1.4342597036650742
6.5,5.71068,12.143384493314302
6.6,5.2937784,19.791236068263196
3.5,5.388425,53.95499638148716
5.6,7.4105616,32.33145645686559
5.8,5.9797173,3.0985733558391733
4.9,5.8498516,19.38472669951769
6.2,6.7733555,9.24766909691595
5.2,6.158757,18.43763864957369
6.8,6.578553,3.2565705916460796
6.4,6.8111744,6.4245998859405455
7.1,6.7299805,5.211542693661967
6.8,5.5902185,17.790903764612533
7.3,6.6229887,9.274127385387681
6.9,5.8685246,14.948919545049256
6.1,6.547494,7.335966141497509
7.3,7.269924,0.41199775591288285
7.1,6.4947853,8.524150579748015
6.4,6.3144684,1.336431503295904
7.1,7.7745237,9.500334296427987
7.5,6.223177,17.024307250976562
6.4,6.226474,2.711346745491033
5.5,5.15212,6.325088847767223
5.8,5.644603,2.6792624901080924
5.8,7.0907354,22.254059232514486
5.3,4.9010887,7.526628026422462
8.1,8.333708,2.8852815981264515
6.5,7.0908546,9.090071458082933
6.4,6.1241474,4.310196638107305
5.8,6.125758,5.616520191061088
5.6,5.519326,1.4406033924647677
6.5,6.973509,7.284751305213342
5.6,5.453829,2.6101997920444973
6.8,7.5307837,10.746818430283493
6.7,6.263976,6.507819446165172
5.6,5.363532,4.222641672406872
6.6,6.8945427,4.462768092299958
4.1,4.037672,1.5201940769102429
7.7,7.7218695,0.284019073882658
7.7,7.474102,2.9337399965756923
6.2,4.1930585,32.37002434269075
8.3,7.717804,7.014410179781635
5.9,7.2864075,23.49843170683262
5.1,5.870281,15.10355332318475
7.6,7.0621605,7.076835632324214
7.3,7.0181293,3.861241797878315
4.9,5.794718,18.259546708087523
7.0,7.5981045,8.544349670410156
6.6,6.5988007,0.01817183061079007
7.2,6.3548126,11.738713582356773
6.1,5.9669256,2.181547196184997
5.5,6.022337,9.49703563343395
6.7,6.847557,2.2023442965834863
6.5,4.983737,23.327123201810398
5.3,4.210699,20.552847520360405
7.7,7.7405357,0.5264381309608337
6.8,6.313013,7.161572400261372
6.1,6.6754637,9.43383076151864
5.2,7.482564,43.89546100909892
6.3,6.626788,5.187113322908918
6.5,6.4021797,1.5049274151141827
6.5,7.052827,8.505028944749098
7.1,7.481035,5.366693416111911
7.0,6.9573097,0.6098611014229911
5.2,5.713211,9.869443453275238
6.0,5.757532,4.041131337483724
7.5,6.5803785,12.261619567871094
5.1,4.863714,4.633054546281397
5.9,5.646818,4.291217609987426
6.5,5.738291,11.7186032808744
5.5,5.103368,7.211494445800781
3.5999999999999996,3.3943708,5.711922380659306
6.1,6.32683,3.7185231193167323
7.0,6.979127,0.2981867109026228
7.0,6.288315,10.16693115234375
8.1,8.001823,1.212056477864579
7.0,6.1583633,12.023380824497767
6.2,6.571574,5.993132437429118
6.9,6.919154,0.27759662572887844
5.8,6.4989443,12.050763491926524
3.7,5.372287,45.19694044783308
6.5,7.637704,17.50313685490535
5.2,5.0818305,2.2724903546846864
5.3,6.051813,14.185153313402862
7.9,7.552143,4.403251937673066
5.7,6.3990793,12.264549523069144
6.3,6.9772377,10.749804784381203
6.6,6.567892,0.4864837184096774
7.2,7.8272295,8.7115208307902
5.0,7.184867,43.69733810424805
5.2,5.3943167,3.736859101515546
6.8,8.066484,18.62477134255802
6.4,6.818968,6.546372175216669
1.9,5.3529387,181.73361326518813
6.2,6.280841,1.3038850599719602
6.2,6.5242996,5.230639057774695
6.0,4.9241853,17.930245399475098
5.5,5.0791874,7.6511383056640625
4.3,7.3368473,70.62435593715934
6.6,6.0799627,7.879352569580073
7.2,7.560398,5.005529191758895
6.7,6.329051,5.53655197371298
5.0,5.2123737,4.247474670410156
6.1,5.771119,5.391489873166939
6.6,6.3087473,4.41291982477361
4.7,7.513071,59.852575748524764
6.8,6.518985,4.132576549754421
6.3,6.3737707,1.1709637112087703
6.0,6.2305946,3.8432439168294272
4.9,6.320119,28.98201845130141
5.2,5.67667,9.166732201209433
6.3,6.334031,0.5401762705000649
5.4,6.3798466,18.145306905110672
7.0,6.8769445,1.7579351152692522
5.5,6.690176,21.639563820578836
6.4,6.207777,3.0034840106964165
6.3,5.880803,6.6539189172169495
6.5,6.6331825,2.048961932842548
8.1,7.4202805,8.391599301938655
7.2,7.775428,7.992053031921385
4.0,5.226368,30.659198760986328
5.3,6.7633476,27.610332560989097
7.4,6.9350758,6.2827600015176355
8.0,5.473131,31.58586025238037
5.9,5.608265,4.944662320411817
5.8,5.374322,7.33927693860284
7.4,5.320095,28.10682348302893
6.4,6.311041,1.3899862766265925
4.9,4.703414,4.011959932288352
6.8,6.616699,2.6955997242647034
6.8,6.7439175,0.8247431586770424
5.0,6.161051,23.22101593017578
6.2,4.5581408,26.48160073064989
5.0,6.1315393,22.630786895751953
5.1,5.7892914,13.515517290900743
7.0,6.602545,5.677931649344308
5.4,6.400262,18.523368129023794
5.8,7.3218756,26.239234003527418
6.7,5.8763046,12.293960799032185
5.9,6.4939833,10.067513029454112
5.8,4.5435667,21.66264303799333
6.5,6.554838,0.8436643160306491
7.3,7.086046,2.930873714081226
6.6,7.009609,6.20620033957742
7.9,7.9097776,0.12376761134666282
6.5,6.9455585,6.854746891902043
5.9,6.0921936,3.2575187036546547
5.6,6.999892,24.998075621468686
5.0,5.3760986,7.52197265625
6.7,4.1716223,37.73698095065445
7.4,7.1884727,2.858476381044135
6.0,5.902932,1.6177972157796223
7.2,6.961796,3.308391571044924
7.1,7.6448126,7.673416674976623
7.6,7.134201,6.128933555201476
5.9,6.474284,9.733630034883136
7.3,6.165601,15.539715388049817
5.0,6.6546745,33.09349060058594
7.6,7.671612,0.9422603406404241
8.0,7.935878,0.8015275001525879
8.1,7.8837996,2.6691413220064097
5.8,5.816164,0.27868994351091364
6.5,5.528967,14.938970712515024
6.5,5.4597588,16.0037114070012
6.5,6.4474277,0.8088038517878606
5.5,5.6618996,2.9436284845525567
5.5,5.589097,1.6199458729137073
6.7,6.393635,4.572614982946598
5.6,4.914863,12.234587328774584
7.8,5.410407,30.635806841728012
4.9,6.1332064,25.16747688760562
4.4,4.875704,10.811450264670624
5.8,5.5230465,4.775060456374593
5.3,6.0828285,14.77034946657577
6.7,6.011429,10.277181596898323
5.8,6.3268642,9.083866250926054
7.7,7.9332542,3.0292758693942754
5.2,5.714039,9.885362478402941
3.5999999999999996,6.639427,84.4285329182943
7.3,7.770315,6.44267356559022
7.2,6.334257,12.024206585354277
6.4,5.4538565,14.783492684364322
8.0,7.9528,0.5900025367736816
5.6,5.140295,8.209017344883504
6.3,5.9634237,5.342480492970298
6.3,6.484623,2.9305231003534256
5.3,5.3327255,0.6174627340064892
5.9,5.5944414,5.178959086789929
7.1,6.660404,6.191490065883578
7.4,7.4491816,0.6646156311035107
4.5,5.7504435,27.787632412380642
5.7,5.8447104,2.538778070817911
6.8,7.434902,9.336796928854552
5.8,5.9511023,2.605211323705216
7.3,6.307292,13.598739937560197
5.5,6.661827,21.124128861860797
6.5,6.3673086,2.0414058978740988
7.1,6.409977,9.718634377063157
5.8,5.2423315,9.61497405479694
5.5,5.3827724,2.131410078568892
7.2,7.322098,1.6958024766710045
6.5,5.7432337,11.64255875807542
6.1,5.7935915,5.02309017494076
6.6,6.248472,5.326178579619431
7.0,5.860858,16.27345766339983
7.7,6.918913,10.143988473074778
6.5,6.17509,4.998617905836839
7.1,7.118431,0.25959283533231137
6.4,6.599307,3.1141728162765445
6.5,6.5975103,1.5001590435321515
3.8,4.814913,26.708231474223894
6.3,5.85483,7.066193837968128
5.9,6.7557936,14.504975787663858
6.7,6.92568,3.368360604812847
6.7,6.267976,6.448122280747145
5.9,4.829458,18.144775649248547
7.1,6.685261,5.8413975675341065
5.3,5.837555,10.142545880011795
6.0,4.762953,20.61745325724284
6.1,4.2612553,30.143356323242184
7.2,6.7467566,6.29504786597358
7.7,7.2780094,5.480397212040891
5.5,4.762171,13.415076515891336
5.1,5.5681677,9.179758558086329
7.2,7.1286306,0.9912411371866886
6.7,5.995366,10.516923932886836
6.2,6.4314613,3.733247326266378
6.5,6.5282173,0.434112548828125
7.8,7.4211216,4.857415419358472
7.7,6.525201,15.257131898557986
5.5,6.8009777,23.65414012562145
6.1,6.4577093,5.864087089163364
6.4,7.0448484,10.075756907463068
7.0,6.760853,3.416388375418527
6.2,5.915454,4.589453051167152
7.8,6.419304,17.701232127654244
6.1,5.6297655,7.708762121982256
6.7,8.043585,20.05350482997609
6.3,4.9414854,21.56372373066251
6.3,5.7043095,9.455405341254338
5.1,4.4817514,12.12252074596928
6.5,6.1884413,4.793211129995493
7.8,7.431511,4.724218906500399
4.5,4.2549806,5.444876352945964
5.9,6.267585,6.230250859664652
8.0,8.310985,3.887307643890381
7.3,7.0565205,3.3353361364913288
6.1,6.349123,4.083983624567757
8.0,7.1045713,11.192858219146729
6.4,6.9797726,9.058946371078486
7.2,7.7207766,7.23300774892171
5.7,5.332776,6.442525094015559
6.1,6.2701044,2.7885968567895167
6.3,5.5812664,11.40846979050409
7.2,6.8090744,5.429522196451825
5.8,4.9995756,13.800420432255184
7.4,6.047056,18.283024349728148
7.3,7.8327904,7.2984982843268424
4.8,3.9115012,18.510392308235165
6.2,6.5250015,5.241960094821066
6.9,6.0769854,11.927748417508779
6.1,7.284255,19.41401684870486
5.9,5.477874,7.1546813188973175
7.2,6.6471443,7.678551144070097
5.8,6.1775827,6.510047254891234
6.0,5.963608,0.606536865234375
7.1,5.6033115,21.0801191732917
4.8,4.874073,1.5431880950927772
6.1,6.149146,0.805673442903118
7.7,7.532015,2.1816253662109397
6.4,5.7348127,10.393550992012027
4.4,5.5212126,25.482104041359634
6.5,7.739167,19.0641109759991
6.5,5.5693874,14.31711637056791
6.7,6.409876,4.330210899239158
6.0,5.4091206,9.84799067179362
7.2,7.4253464,3.1298107571072022
6.4,6.28747,1.7582833766937311
3.7,5.4093866,46.19963877909891
4.7,5.2865424,12.479625864231837
5.0,6.4680176,29.3603515625
5.1,6.418292,25.84886363908357
6.3,5.8690653,6.840233575730094
5.8,5.8461704,0.7960418175006766
7.3,7.924836,8.559399434964954
5.3,4.725437,10.84080822062942
5.5,4.9024887,10.863841663707387
6.2,6.772233,9.229564666748045
6.8,6.2663918,7.847180086023665
5.1,6.460844,26.683216468960637
7.2,5.8088694,19.321258862813316
5.3,5.059934,4.529544542420582
7.8,6.1877337,20.6700814075959
5.8,5.702359,1.6834620771736903
6.9,7.479826,8.403274978416547
5.2,5.004382,3.761882048386797
6.8,7.0576096,3.78837585449219
4.9,4.8950586,0.10084424700056528
6.6,5.7150145,13.40887185299035
6.6,6.8513927,3.80898099957091
6.3,6.0877266,3.369419158451138
6.4,6.263427,2.133956551551824
5.4,5.604684,3.7904421488443942
5.6,5.4140186,3.3210958753313276
4.4,4.5800056,4.0910374034534716
5.3,5.021861,5.247904219717347
7.1,6.515979,8.22565051871286
5.8,4.4324837,23.577867705246494
5.7,5.802862,1.8045994273403203
6.1,3.8719814,36.524895370983685
7.8,7.1130047,8.807632250663561
7.4,7.5972347,2.6653341344884875
5.5,5.775258,5.004692077636719
8.0,8.053452,0.6681442260742188
6.1,7.1987524,18.01233447966029
7.5,6.0722494,19.03667449951172
6.8,7.248109,6.589836232802449
6.3,6.302884,0.04577939472501522
6.4,6.887865,7.622891664504999
7.7,7.3939857,3.9742110611556436
4.4,6.107851,38.814796100963235
6.8,6.334404,6.847000122070311
3.8,4.180142,10.003734889783361
7.0,6.4132156,8.382633754185267
7.1,6.020056,15.210482100365864
5.4,6.519005,20.722311514395248
7.2,7.078191,1.6917943954467798
4.2,4.99275,18.875003996349513
7.3,7.027602,3.7314767706884076
5.9,4.231995,28.271269394179527
5.0,4.8803043,2.3939132690429688
7.2,6.3500004,11.80555025736491
6.3,6.349536,0.7862847948831254
6.7,6.0890284,9.118979724485484
5.7,6.923147,21.458722834001506
5.5,5.762206,4.767383228648793
7.4,6.7516794,8.761088912551472
5.8,6.0222807,3.8324257423137826
7.4,6.0650406,18.0399920489337
4.7,5.2027216,10.696204165194894
6.4,6.5254307,1.959854364395136
6.9,7.0264883,1.833163828089612
7.0,7.408993,5.842753819056919
7.2,6.7413826,6.369686126708986
6.8,7.5110044,10.455947763779587
7.0,6.4296083,8.14845221383231
4.9,5.582038,13.919141341228867
6.3,5.773861,8.351413787357389
7.5,7.4906406,0.12479146321614583
5.6,6.303115,12.5556230545044
7.6,7.2143536,5.074295244718848
7.8,5.73485,26.47628295115935
6.2,6.130451,1.1217548001197104
5.3,5.9129477,11.565050089134363
7.5,7.231371,3.581720987955729
6.3,5.5897818,11.273305378262958
5.0,5.5025263,10.050525665283203
6.1,6.641714,8.880558951956333
7.4,6.940116,6.214649612839162
6.0,4.261511,28.97481918334961
7.0,6.823407,2.522754669189453
5.4,5.4947224,1.7541178950556935
7.3,7.768157,6.413109661781626
4.8,5.7597017,19.99378601710002
7.7,6.8680305,10.804798076679182
6.1,4.4892573,26.40561744815013
7.1,7.6790915,8.156217655665444
6.1,6.470845,6.079429876608933
7.2,6.977586,3.089086214701337
5.8,3.5939307,38.03567721925933
5.6,6.3356733,13.137023789542068
7.6,7.252475,4.572700199327967
7.5,7.854018,4.720242818196614
5.3,7.0187626,32.42948280190522
6.4,7.4801035,16.87661707401275
2.6,5.777546,122.2133049598107
5.9,6.4191694,8.799481796006019
5.6,3.019705,46.076695408139905
6.1,6.2193737,1.9569459508677058
6.4,6.6213293,3.4582704305648746
5.7,6.139928,7.718032703065033
5.8,5.9643326,2.8333203545932144
6.3,7.5917845,20.504515511649
6.4,6.1694975,3.6016017198562675
7.3,6.432413,11.884752038406997
6.3,6.465477,2.626618884858634
6.2,6.560212,5.809873150240988
6.8,6.2050123,8.749818801879881
6.2,6.1206064,1.280541573801351
6.7,5.3860407,19.61133302147709
7.2,7.8784704,9.423200289408364
6.7,6.975746,4.115614250524717
6.5,5.017281,22.811060685377853
6.5,7.1930885,10.66290048452524
5.8,6.410449,10.52498324164029
7.5,7.604705,1.3960647583007812
5.4,6.612213,22.448391384548604
5.7,6.266798,9.94382490191543
6.5,6.1727514,5.034593435434195
6.0,6.2919483,4.865805308024089
5.2,5.2695217,1.3369560241699183
5.9,5.097392,13.603524030265165
4.0,4.717121,17.928028106689453
7.5,8.2032995,9.377326965332031
7.2,7.718502,7.201417287190753
6.7,7.224119,7.822674423901001
7.0,6.405362,8.49482672555106
7.1,6.680503,5.908409978302427
5.8,6.239748,7.581862087907465
7.8,7.212632,7.530356676150589
7.4,7.4638195,0.8624257268132342
6.5,6.455508,0.6844887366661658
5.4,5.469283,1.2830204433864951
7.8,8.251386,5.786996010022287
6.5,6.9613495,7.097684420072115
7.3,5.842374,19.967481534774986
5.7,7.6157246,33.60920287015145
3.5999999999999996,5.615182,55.97727563646106
7.9,7.9171314,0.21685346772398678
5.6,6.7591333,20.69880962371827
5.7,5.6164083,1.466520209061475
5.6,7.3115053,30.562594958714083
7.0,8.001853,14.312185559953962
6.1,6.202177,1.6750335693359435
6.7,6.204875,7.389925487005891
6.3,5.1234074,18.676073589022195
6.3,5.296525,15.928174578954302
6.7,6.903801,3.041805438141322
5.1,6.9918003,37.09412369073607
6.1,6.959383,14.088246079741937
6.3,7.887684,25.201331244574657
7.5,7.086747,5.510037740071614
6.0,6.196164,3.269402186075846
6.1,6.608863,8.342014375280169
6.3,4.887889,22.414461771647133
5.6,6.3007126,12.512724740164627
6.4,6.202015,3.093516826629644
5.6,4.763679,14.93430307933262
5.6,5.076261,9.352481365203852
6.8,6.2969084,7.398406197043024
7.2,5.358307,25.57907104492188
5.4,6.052085,12.075646718343092
6.2,5.1328034,17.212847740419452
4.7,4.279114,8.955026180186174
7.0,5.258462,24.879114968436106
7.7,7.2293167,6.112769981483362
6.8,6.7588806,0.6046968347886004
7.7,7.365711,4.341412829114247
7.8,6.836418,12.353613437750399
7.1,6.6725655,6.020204785843966
5.7,5.9831085,4.9668161492598655
7.2,6.455041,10.346653726365833
5.0,5.24012,4.802398681640625
7.2,5.6396656,21.67131106058757
5.3,4.6048965,13.115159520563088
6.3,6.0794916,3.5001330905490424
6.5,5.7653866,11.301744901216948
5.6,5.988804,6.942926134381982
5.9,6.447407,9.278080827098774
4.6,6.732356,46.35556677113409
7.0,6.177436,11.750916072300502
5.5,7.011711,27.48565673828125
7.1,5.827132,17.927715140329276
6.4,6.7597322,5.620816349983209
5.3,5.929802,11.88305548901828
6.3,7.3917665,17.32962774851966
5.8,6.1095285,5.336698992498993
7.0,6.2067366,11.332334790910993
6.2,4.8960013,21.03223646840742
5.7,6.7177925,17.85600896467242
5.5,5.5040703,0.074005126953125
6.6,6.7325315,2.0080537507028344
7.4,7.6202517,2.9763737240353096
5.4,4.5510178,15.721893310546879
5.8,6.369321,9.815877059410361
5.7,5.983177,4.968020790501641
6.2,7.1979017,16.09518912530714
7.3,7.5089235,2.8619661723097733
7.1,7.0450697,0.7736662743796715
7.4,6.6940384,9.540021741712419
6.1,5.607505,8.073691071056924
7.2,6.8759212,4.501093758477107
4.8,4.672877,2.6483992735544803
5.0,5.7893915,15.787830352783203
6.3,6.956107,10.414399041069881
7.5,7.5798244,1.0643259684244792
7.2,7.0971365,1.4286597569783552
7.0,6.048462,13.593401227678571
6.2,5.69401,8.161132566390501
6.9,6.4003487,7.241323719853945
6.7,5.327203,20.489510493492016
6.8,6.7175894,1.21192090651568
6.3,7.0356493,11.676973009866384
5.8,5.904809,1.8070516915156956
5.9,5.6417284,4.377484725693531
7.1,7.244816,2.039659526986141
5.4,5.492812,1.7187436421712172
6.8,6.2794533,7.6550988590016065
7.5,6.554826,12.602322896321615
7.7,6.7573824,12.24178710541168
5.3,6.3796616,20.370972831294225
5.2,5.026392,3.3386157109187233
7.7,7.6825485,0.2266425591010575
5.0,6.126581,22.53162384033203
6.3,5.233062,16.935527135455416
5.3,6.5950804,24.435478786252585
5.2,7.5102863,44.42858329186072
6.0,6.8181515,13.635857899983725
6.5,6.9240494,6.523836576021635
7.4,4.5801554,38.106008478113125
6.3,5.5581017,11.776164221385168
7.2,6.54984,9.03000036875407
5.5,5.220521,5.081436850807884
5.9,5.0309772,14.729199167025294
6.8,5.92173,12.915734683766082
4.7,6.6178303,40.80489949977144
5.3,5.3364887,0.6884664859411885
6.4,7.25595,13.37421834468841
6.0,6.747508,12.458467483520508
8.1,7.8721247,2.813275655110673
6.6,5.6854687,13.856535246877955
5.8,6.4062185,10.452043599095841
6.3,6.498765,3.1549998692103824
5.3,3.865549,27.065111556143126
5.6,6.106262,9.04039655412947
7.4,6.144972,16.959839898186765
6.7,7.2034883,7.51475149126195
4.5,5.1405783,14.235072665744358
5.4,6.5865355,21.972878774007153
6.2,5.7886753,6.634269222136469
6.3,6.335002,0.5555864364381848
7.7,7.399253,3.905806603369777
6.5,6.93027,6.619541461651142
7.4,7.6704674,3.6549645501214054
7.7,8.048112,4.520933968680244
6.4,7.089531,10.773921012878413
6.7,6.6355076,0.9625733788333748
5.6,4.8506775,13.380759102957585
8.1,7.671276,5.292887746551886
6.7,7.7910366,16.28412844529792
8.1,8.307824,2.5657300595884016
6.6,4.688182,28.966941255511657
4.0,4.4490643,11.226606369018555
3.2,5.219246,63.10143470764159
6.6,6.0147715,8.867099068381565
6.2,6.8799496,10.966928543583037
7.3,7.825759,7.202177178369811
7.0,6.4614305,7.693849291120257
6.3,6.5007925,3.187182592967203
7.8,5.875596,24.671845558362126
6.7,6.2572184,6.608681180583899
6.9,6.4224167,6.921497289685241
4.8,4.2965355,10.488843917846678
7.2,7.3730774,2.403852674696178
7.2,6.745947,6.306293275621204
7.0,6.8459883,2.2001675197056363
7.1,6.501255,8.43302767041703
5.7,6.322423,10.919701425652752
5.8,6.8753805,18.541043380211143
5.9,3.9952092,32.28458954116046
5.7,6.5701475,15.265745865671255
7.1,6.363571,10.372237084617074
6.3,6.2729826,0.4288476610940572
7.7,6.825248,11.360418641722049
5.4,5.383909,0.29797730622468827
4.9,5.049843,3.058017030054202
5.9,5.7623463,2.3331141067763563
5.6,4.0998526,26.788347108023505
7.4,7.0156765,5.1935608322556
7.2,1.3,81.94444510671828
7.1,7.2756977,2.4746156074631434
7.8,8.331245,6.810838748247198
3.4,4.485524,31.927181692684403
6.8,7.3437223,7.995916815365065
4.3,6.643878,54.50879030449447
7.7,7.5043716,2.5406280121245963
4.8,5.0012445,4.192594687143965
7.3,7.5843916,3.895775259357612
6.3,6.0513554,3.9467402866908454
8.1,6.440774,20.484272050268853
6.6,7.3259983,10.999974337491127
5.9,6.708582,13.704778380313156
7.6,8.547556,12.467841098183085
6.6,7.81896,18.46909378514146
6.9,6.880371,0.2844769021739182
7.1,5.9805136,15.767414469114488
5.7,3.6568098,35.84544198554859
6.1,4.636368,23.993970527023563
7.5,7.0515747,5.97900390625
7.2,7.056863,1.9880162345038543
5.6,5.678276,1.3977868216378413
6.9,6.760131,2.0270886628524165
5.2,5.389146,3.6374202141394947
7.4,7.218935,2.446824151116453
3.9000000000000004,5.357007,37.359154530060586
7.3,6.1186533,16.18283154213265
6.8,7.255885,6.704193003037399
7.1,6.7061577,5.547074868645462
5.6,5.3729744,4.054028647286545
6.1,7.0517025,15.601680317863094
5.4,5.1183844,5.215104420979824
5.7,6.604224,15.863582544159469
6.6,6.593251,0.10225411617394112
4.5,6.4414206,43.14267900254991
6.4,6.73413,5.220779776573175
7.0,6.397772,8.603259495326451
6.1,5.512002,9.639311618492247
6.7,6.829426,1.931728533844447
6.4,5.9730587,6.670957803726202
5.8,5.619236,3.1166208201441243
5.5,6.863778,24.79596571488814
5.4,5.0644703,6.213513127079723
6.1,5.9720755,2.097123568175263
5.8,6.3521347,9.519563872238688
6.3,6.3456535,0.7246592688182072
6.7,7.0368586,5.027739681414702
6.2,6.4436283,3.9294888896326836
6.7,6.6287518,1.0634066453620594
4.7,6.249958,32.97783060276761
6.0,4.284006,28.599898020426433
7.2,4.9099016,31.806921958923343
6.7,6.393177,4.579447276556673
6.3,7.065671,12.15350741431827
7.9,6.231469,21.12064361572266
6.6,5.8885775,10.77912937511097
5.7,6.1857853,8.522549010159674
7.9,6.4446316,18.422385107112838
5.3,5.7862616,9.174746387409717
7.2,7.6352196,6.044716305202906
5.6,6.0581856,8.181885310581759
6.2,5.645358,8.945837328510901
7.5,7.187069,4.172414143880208
6.4,5.425705,15.223360061645511
7.5,7.1003876,5.328165690104167
5.6,6.4799776,15.71388585226877
6.8,6.9440546,2.118450052597946
6.7,5.8714933,12.365771051663073
6.7,7.418088,10.717730735664935
7.8,7.8179426,0.23003358107346983
5.7,6.7290087,18.05278376529091
6.4,6.7387056,5.292275547981256
6.6,6.645441,0.6885008378462412
6.1,1.3006514,78.67784539207082
6.3,5.954067,5.490996345641119
3.8,5.7464495,51.222354487368946
4.8,5.694296,18.631164232889816
6.7,7.907202,18.017936820414526
7.9,7.554779,4.369885408425637
5.3,7.61893,43.75339364105801
6.4,7.0152617,9.613463282585139
6.9,6.9578342,0.8381774460059958
6.3,6.1903143,1.7410429697188092
5.1,6.1082125,19.768871980554923
6.6,5.1972804,21.253327167395387
3.9000000000000004,4.1588516,6.637221116286048
8.2,8.865512,8.115998710074086
6.6,6.880702,4.253060889966566
6.3,6.499357,3.164400373186387
5.5,5.6817245,3.3040826970880683
5.4,5.5982275,3.670879646583833
4.2,5.5287714,31.63741429646809
7.3,6.336315,13.201162259872644
6.1,7.908387,29.645691543328965
5.9,5.931591,0.5354412531448562
7.1,5.971017,15.90117064999862
7.9,8.06394,2.0751904837692794
8.4,8.566777,1.985443206060496
6.3,6.9288282,9.98140062604632
4.8,5.2146482,8.638505140940351
5.7,6.4413586,13.006290636564554
5.7,5.634266,1.153229830557843
6.2,6.8499794,10.483538719915572
7.2,6.8090734,5.429535441928442
6.4,6.521288,1.8951237201690618
6.1,7.926031,29.934936273293424
5.4,6.5571594,21.428878219039344
7.1,5.8228006,17.988723432514025
6.5,6.843814,5.289444556603065
6.6,6.5526333,0.7176774920839198
7.6,8.28414,9.001837278667253
7.8,7.0751915,9.292416694836737
6.5,6.0727386,6.573251577524038
6.0,5.999011,0.01648267110188802
4.9,4.9732533,1.4949642882055092
5.8,4.816657,16.9541885112894
6.7,6.724086,0.35948966866108645
7.4,6.9325294,6.317169601852834
5.9,5.6317816,4.546074948068398
6.3,6.4327116,2.1065333532908634
6.8,4.1170273,39.45548113654642
7.6,8.020528,5.533261048166381
5.8,6.3428574,9.359609669652482
6.0,4.4236,26.273330052693684
7.2,7.081938,1.6397529178195553
4.7,5.2028084,10.698050640999
6.0,5.2800636,11.998939514160156
6.6,5.737521,13.067861036820842
7.0,7.189109,2.701554979596819
4.0,5.7186117,42.96529293060303
5.7,4.423184,22.40028214036373
6.5,6.0710917,6.598589970515325
7.3,6.7126236,8.046252106967035
6.4,6.0712166,5.137240886688238
6.0,6.2360945,3.934907913208008
7.7,6.469102,15.985689534769431
6.4,4.9530888,22.60798811912537
7.4,7.006757,5.314097533354893
7.2,6.6836243,7.171885172526044
6.1,6.737747,10.454872006275622
6.2,6.188751,0.18143192414314802
7.1,6.903677,2.765112863460052
5.9,6.3226843,7.164140474998338
6.6,2.8833685,56.31259860414447
6.8,6.8587084,0.8633585537181208
5.0,5.2070475,4.140949249267578
5.0,4.6993055,6.013889312744141
5.3,5.799946,9.43294021318544
5.7,4.9754763,12.71094272011205
6.5,5.8560524,9.906886174128605
7.8,8.414695,7.880702385535609
8.1,7.9518547,1.8289542492525035
6.7,5.3770294,19.745829567980415
6.5,6.094754,6.234550476074219
6.8,7.8767138,15.834025775685033
2.8,5.421645,93.63018444606237
6.9,6.6713295,3.3140652421591987
6.5,5.583557,14.09912109375
7.5,7.067734,5.7635498046875
5.3,7.4425,40.4245304611494
6.8,5.881077,13.5135762831744
7.5,6.4837093,13.550542195638021
6.5,5.455448,16.070028451772835
4.3,3.3414571,22.291694685470222
7.3,7.3003464,0.004744856324916817
4.3,3.4105995,20.683733252591864
6.1,6.2432632,2.348577780801748
6.6,6.198018,6.0906352418841685
6.9,7.012369,1.6285384910694014
5.8,5.136683,11.436500220463191
6.6,5.7558823,12.789662679036455
7.9,7.6859426,2.709586710869516
6.8,6.5876846,3.1222848331226998
5.2,6.164423,18.546595940223103
7.2,7.406145,2.8631263309054877
5.9,4.395177,25.505476482843953
4.3,5.345415,24.31197942689408
6.6,5.33358,19.18818155924479
6.5,7.074321,8.835704510028545
6.9,7.0233965,1.7883549565854227
5.7,3.6218708,36.45840778685453
7.4,7.9359245,7.242223378774277
6.7,6.065112,9.475938597721841
7.6,6.110634,19.596923025030836
7.1,7.476614,5.304422512860371
7.4,6.429674,13.112511505951757
5.1,6.4680853,26.82520174512677
6.9,6.8865213,0.1953429070071949
5.8,6.7154303,15.783280339734311
4.8,5.122246,6.71345392862956
5.7,6.2435627,9.536187690601011
5.9,5.865819,0.5793393668481919
6.6,6.8648195,4.012417070793389
5.5,5.888219,7.058525085449219
7.8,8.122746,4.137775225517079
5.2,5.876794,13.015266565176153
5.6,7.1222744,27.18347140720913
7.1,7.0086994,1.2859237026160821
6.8,6.727454,1.0668502134435291
6.2,6.3446093,2.3324074283722878
6.4,4.634981,27.578419446945194
6.9,7.2269897,4.738981827445647
6.9,6.925041,0.3629159236299767
5.1,4.699099,7.86080266915115
6.0,5.3847055,10.254907608032227
6.4,6.2342157,2.590379118919378
6.3,5.015488,20.389077020069905
4.7,6.42206,36.639574740795375
4.0,5.6698923,41.747307777404785
6.5,5.4234953,16.561610882098858
7.5,5.799945,22.667401631673176
5.5,5.738758,4.3410561301491475
5.9,4.8931017,17.066073013564292
6.4,7.7198257,20.622277259826653
6.5,5.3098087,18.31063490647536
3.9000000000000004,5.575242,42.95492416773086
7.0,6.7675123,3.3212525503976003
7.0,6.7104836,4.135949271065848
5.7,6.758855,18.576401158383014
6.4,6.466407,1.0376065969467108
6.7,5.681348,15.203763477837864
6.2,6.0592003,2.2709631150768677
6.6,5.168804,21.684785322709512
7.3,4.59266,37.08684999648839
6.7,7.465616,11.427107853675954
4.7,2.1929028,53.34249354423361
7.0,6.7147446,4.075077601841518
6.9,7.124546,3.254290594570873
7.2,8.143019,13.09748225741916
4.6,3.9030511,15.151062219039249
6.4,6.4354334,0.5536466836929266
6.7,6.904066,3.0457624748571566
6.3,6.2670527,0.5229738023545979
6.8,6.632614,2.4615568273207695
7.1,6.2611065,11.815401533959614
5.4,7.3834496,36.73054730450665
7.8,7.591339,2.6751395983573696
6.3,6.707449,6.467443799215652
5.3,7.1459904,34.83000701328494
4.6,7.5635023,64.42396329796834
7.4,7.537179,1.853770178717531
6.7,6.001424,10.426509914113517
5.8,6.0005474,3.457713949269265
3.0,6.8426485,128.08828353881836
6.2,7.2041407,16.195817147531816
7.4,6.8348217,7.637544580408049
5.5,6.4896717,17.994031039151277
4.8,4.602167,4.121518135070797
5.3,7.417321,39.94945670073888
6.2,6.9101114,11.453410117856915
6.2,6.4474516,3.9911547014790165
4.7,5.6483345,20.177329854762295
5.7,4.818058,15.472666422526043
5.2,4.0008106,23.061334169827976
6.1,6.2556477,2.55160097215997
6.5,5.464567,15.929735623873198
7.0,6.5282917,6.7386899675641745
6.2,7.800291,25.81114615163495
6.4,5.9536304,6.974524259567266
7.5,6.3481674,15.357767740885416
6.2,5.634966,9.113453280541206
5.9,6.003433,1.7531055515095277
6.2,6.959161,12.244529108847338
5.3,6.166297,16.34522564006302
7.6,7.143094,6.011920226247683
7.7,7.157899,7.0402739884017365
5.1,6.5764456,28.949913324094293
7.2,6.7558947,6.168129709031849
5.0,5.5104876,10.20975112915039
6.0,5.879345,2.0109176635742188
7.4,7.8961945,6.705330513619082
6.6,7.0490875,6.804356430516104
1.7,4.9258914,189.75831761079675
5.6,5.8784857,4.972958564758307
6.1,7.3781786,20.95374748355053
6.4,5.6834126,11.196678876876835
7.1,7.2842464,2.595020347917589
5.7,7.195527,26.23731713545949
5.4,6.4413023,19.28337591665762
7.6,7.621359,0.28103778236791177
7.6,7.1026173,6.544509686921768
7.0,5.9933043,14.381367819649833
5.8,5.531131,4.635676022233631
6.2,6.0714226,2.073829404769408
7.3,7.6924696,5.3762958474355225
5.7,6.001649,5.292086015667828
6.1,3.8777673,36.43004386151423
7.9,7.55229,4.401392876347414
6.3,5.974985,5.158966306656124
5.2,6.5774393,26.489217464740452
6.1,5.7449245,5.82090909363793
5.5,5.680724,3.285893526944247
6.3,6.326811,0.4255688379681328
6.8,6.4330378,5.396503560683304
5.9,5.217728,11.563929864915755
6.1,5.8145905,4.678845014728478
7.2,7.1352797,0.8988936742146835
5.7,6.041415,5.989740605939896
8.3,7.222395,12.98319345497224
6.6,7.4857416,13.420327504475916
7.6,7.029599,7.505273818969722
6.5,6.7575426,3.9621940025916467
5.7,4.8906364,14.199360629968478
7.6,7.759038,2.0926048881129264
6.7,5.4549246,18.583215172611066
7.8,8.126466,4.185458941337392
6.7,6.867854,2.5052853484651907
6.7,6.8082094,1.615065958962509
6.3,7.015476,11.356765504867314
7.7,7.7241106,0.3131247186041474
6.1,4.4521246,27.014350891113278
5.3,6.6096563,24.710496866478117
6.9,4.597021,33.37650575499604
7.0,6.7223845,3.9659363882882253
5.1,4.512644,11.51678795908011
6.4,7.000619,9.384670853614802
5.9,6.875207,16.528931310621353
7.5,7.57384,0.9845352172851562
5.5,5.533062,0.6011269309303977
5.4,5.2297125,3.1534724765353794
6.4,5.7282705,10.495772957801822
4.4,4.7154093,7.168392701582467
5.8,6.0743494,4.730162127264618
6.4,6.751278,5.48871755599975
6.5,7.6163397,17.174456669734074
5.3,5.815572,9.727769527795182
6.4,6.4299364,0.4677563905715887
5.1,7.024288,37.73114073510264
5.5,5.5888224,1.6149520874023438
7.2,7.384137,2.557460467020668
6.0,5.9800777,0.33203760782877606
6.2,4.141324,33.204450914936686
6.6,5.518652,16.38406117757161
8.4,8.436203,0.4309881301153231
7.3,6.262726,14.209235204409245
6.5,5.610799,13.680017911470854
5.5,4.7605405,13.444718447598545
6.1,6.286312,3.054296774942373
6.2,5.6184683,9.379543796662363
6.7,6.874526,2.6048660278320286
6.1,6.7151537,10.084486789390695
6.7,6.55066,2.228953233405728
4.1,6.709895,63.65597887736997
7.5,7.24372,3.4170659383138022
4.7,4.9740477,5.830801294205033
4.8,6.1368093,27.85019477208456
7.4,7.329445,0.9534474965688392
4.5,6.4899235,44.220521714952255
5.3,5.848707,10.352966020692072
7.6,6.7140675,11.657007117020454
6.5,6.6268396,1.9513790424053485
5.5,6.774618,23.174875432794746
7.6,6.317746,16.87176102086117
7.5,7.1309795,4.9202728271484375
5.4,6.9075127,27.916901199905954
7.1,6.827861,3.8329460251499183
8.1,7.6128464,6.014242289978776
6.3,6.35353,0.849681430392798
6.3,5.3654776,14.83368949284629
5.7,5.0166545,11.988517694305957
7.4,5.8476944,20.977102743612758
6.0,6.512849,8.547480901082357
6.7,4.322978,35.47794000426335
6.6,6.380578,3.324575135202114
5.7,5.6077967,1.6176022981342546
7.8,7.2327366,7.2726078522511
6.6,5.2569427,20.349352287523672
7.0,6.409442,8.436543600899833
7.0,6.504054,7.084941864013672
6.2,6.032506,2.7015163052466638
5.2,5.2278814,0.5361813765305705
7.8,8.061067,3.3470080449030974
6.9,6.1312284,11.14161671071813
6.8,8.046049,18.324251735911652
5.7,6.6820936,17.229712636847243
3.9000000000000004,3.6781268,5.689056103046132
6.3,6.8331995,8.463484143453934
8.7,8.762194,0.7148698828686325
6.2,6.819969,9.999502858807961
6.7,7.1191053,6.255303567914818
6.2,6.5816364,6.155426271500123
6.3,6.053337,3.9152841719370013
6.5,7.1852093,10.541681142953726
6.6,5.259494,20.310699578487508
6.2,6.386669,3.010792886057205
7.6,6.824054,10.209818890220237
6.7,6.3055534,5.887262145085123
5.1,6.5911455,29.238147361605783
7.0,4.9116907,29.832989828927175
6.1,6.889821,12.947886107397867
7.6,7.9178743,4.182557055824686
8.0,7.799515,2.5060653686523438
5.8,5.9180393,2.035160722403694
6.3,4.8966064,22.276088169642854
6.2,5.5233717,10.913359734319874
6.2,6.823347,10.05398534959362
7.7,7.4346437,3.4461851243848947
6.8,6.4926233,4.5202451593735615
7.0,6.010089,14.14158684866769
6.5,6.090152,6.305357126089243
6.5,6.2670364,3.5840548001802883
6.1,5.516218,9.570193681560573
5.9,5.8786106,0.3625320175946829
5.4,6.115547,13.250873706958906
7.5,7.0476856,6.0308583577473955
5.3,6.982024,31.736305524718095
7.0,5.786703,17.3328127179827
6.4,5.678605,11.27179563045502
6.3,7.229168,14.748697432260668
4.7,5.0710564,7.894816297165888
5.1,5.290081,3.727078905292593
6.7,6.7875624,1.3069010492581012
7.1,6.7099876,5.4931318256216946
7.3,6.3830605,12.560815680516908
6.8,4.7405443,30.28611295363482
6.7,6.459791,3.585206216840604
6.4,7.083397,10.678076744079585
4.6,5.734391,24.660678531812593
6.0,4.860138,18.997701009114582
7.3,5.5953417,23.351483802272845
6.8,6.242297,8.201512168435487
7.0,7.9054127,12.934466770717076
6.6,6.682478,1.249665924997046
7.0,6.6223345,5.395221710205078
7.5,6.238332,16.822242736816406
5.6,6.0928917,8.801637377057764
6.6,7.567128,14.653457294810908
5.8,6.028227,3.9349457313274545
6.7,7.044633,5.143774801225803
7.0,3.9902356,42.996634755815776
6.8,7.675846,12.880089703728173
6.5,5.8438416,10.094745342548077
7.2,7.646104,6.195886929829913
7.1,7.263877,2.3081255630708126
6.5,5.975339,8.071708679199219
6.4,7.277876,13.716810941696162
5.3,5.8272104,9.947366534538991
7.0,5.979185,14.583069937569755
7.3,6.454767,11.578531134618471
7.4,6.378743,13.800767950109536
6.6,5.634262,14.632392652107004
5.8,5.5807934,3.779424470046468
7.2,6.862632,4.685669475131567
6.9,4.9030743,28.940952688023668
6.0,7.2997084,21.661806106567383
6.0,4.750106,20.83156903584798
6.2,4.9449472,20.242786407470703
8.2,8.292888,1.1327766790622706
6.9,6.1243887,11.240743554156763
7.2,6.853696,4.809779591030547
4.4,4.467214,1.5275933525778949
6.7,6.326104,5.580534863827835
7.5,6.447113,14.038492838541666
7.7,6.9239635,10.078395496715201
6.9,6.5046024,5.730399532594547
6.9,6.5716877,4.758149299068732
6.5,6.9825134,7.423283503605769
6.2,5.386385,13.122823161463586
6.4,6.0522966,5.432865023612981
6.4,5.457679,14.723768830299381
5.7,6.837715,19.959914893434757
5.9,6.2023153,5.123988652633402
6.1,6.123214,0.3805535738585484
7.0,6.6967163,4.332624162946429
6.5,5.962816,8.26436556302584
8.3,8.388147,1.0620163147707933
6.9,6.6461,3.6797095036161167
6.2,7.025097,13.308014408234625
5.5,5.935157,7.911942221901634
6.7,6.9641333,3.942287502004137
4.5,6.289151,39.75891537136502
6.9,5.283079,23.433635545813523
7.4,7.559929,2.161201270850924
6.0,6.8140783,13.567972183227539
6.8,7.2073116,5.989876915426818
6.4,6.845516,6.961190700531
5.7,7.1658354,25.716410185161383
7.4,6.982753,5.63847567584064
4.3,6.7807665,57.692243886548425
7.8,7.480938,4.090539003029845
7.5,6.5497084,12.670555114746094
7.5,7.388591,1.485455830891927
6.8,6.8396425,0.5829783046946833
6.1,6.198534,1.6153116695216503
6.4,6.6594744,4.054287075996393
5.7,5.876445,3.0955230980588646
4.8,5.6460047,17.625097433725998
5.5,6.272681,14.048749750310725
5.6,7.005042,25.09003707340786
5.1,6.7602034,32.55300708845551
5.2,5.2797318,1.5333028940054052
6.7,6.0447435,9.779947195480121
7.2,7.013425,2.5913212034437416
5.9,6.1819477,4.778774714065804
6.5,6.8626566,5.579332204965445
6.8,5.4244328,20.228930080638207
8.0,6.0185843,24.767696857452393
7.2,5.9433813,17.453037367926704
6.3,8.340761,32.39303467765688
6.6,7.091589,7.4483177878639975
6.6,6.524397,1.1455015702681055
5.4,6.949707,28.698278356481474
7.4,7.21865,2.450677510854365
6.4,6.5104923,1.7264425754547064
6.5,6.894331,6.066630436823918
7.5,7.107135,5.238202412923177
5.7,7.140415,25.270441958778775
6.9,5.3486805,22.48289135919101
8.1,5.5087366,31.990906044288913
6.1,5.345957,12.361363895603864
6.4,7.385787,15.402922034263606
6.5,6.6101055,1.6939309927133412
5.6,6.534711,16.691265787397118
5.5,6.0804405,10.553464022549717
6.2,7.0732746,14.085074393979962
5.9,6.0339756,2.2707729016320117
5.3,4.2338114,20.116766443792375
5.3,6.454076,21.77501534515957
6.0,6.314394,5.23989995320638
6.6,7.34904,11.349091385350087
6.6,6.958763,5.435804887251426
5.9,6.348998,7.610136775647173
5.3,4.7814717,9.783552277762933
7.6,7.18585,5.449340217991875
5.6,5.0023613,10.672119685581746
6.4,6.7777557,5.902433395385736
5.3,4.0124397,24.293590041826352
6.6,3.49918,46.98212002262924
6.3,5.800619,7.926680549742682
6.6,6.424677,2.6564106796726983
5.0,6.554528,31.090564727783203
4.6,4.317219,6.147417814835251
6.6,6.5996933,0.00464699485084689
