gross_US_CA,predicted_grossing,percent_gross_diff
1.88,5.668246,201.5024357653679
0.02,-1.6487411,8343.70563030243
7.47,2.4479969,67.22895776730785
0.06,-1.2877411,2246.2351083755493
0.14,0.3990995,185.07107070514132
0.04,0.4366223,991.5557295084
0.19,-1.1843671,723.3510845585873
128.81,49.217613,61.79053394906075
3.17,-2.254382,171.1161481093157
18.56,11.065412,40.38032560512937
14.72,1.1427419,92.23680761845215
6.41,7.985285,24.575425979685672
19.52,1.9422339,90.05003114704226
17.95,0.65684664,96.34068722844457
32.98,-1.125552,103.41283219593666
0.02,1.3171912,6485.9562158584595
0.17,0.032580048,80.83526597303504
1.08,0.08844724,91.81044046525601
0.05,-0.8892101,1878.4202098846436
0.46,12.411483,2598.1484371682873
0.06,1.3218695,2103.1158208847046
51.69,69.75189,34.94272023572017
49.85,1.8892103,96.21020994310751
4.23,1.9088053,54.8745803517371
4.89,5.671223,15.975933816047785
0.55,-0.63703287,215.82415754144841
0.52,0.948012,82.30999891574565
77.87,35.534725,54.36660435442534
19.6,3.5594642,81.83946828452909
25.19,19.342781,23.212461028604483
0.02,-0.44276366,2313.818281888962
21.6,1.4262062,93.39719337445719
0.07,0.74797213,968.5316153935023
0.63,-1.4727253,333.7659162188333
36.05,8.138027,77.42572207722021
0.01,20.953081,209430.81130981445
0.85,2.8384845,233.9393559624167
0.04,0.93753684,2243.842089176178
15.19,6.69152,55.94785902514279
6.33,10.847646,71.36881136781231
11.61,7.6316633,34.26646578424866
0.22,-0.5812968,364.2258188941262
0.02,0.013134152,34.32924151420593
87.34,83.83283,4.015534306817291
3.21,4.755505,48.146575856431625
3.38,1.5715863,53.5033653473713
0.13,0.79496634,511.5125692807711
0.9,-2.5589066,384.3229505750868
0.01,-1.7001828,17101.82795524597
11.63,1.3051888,88.77739660307341
25.01,40.79517,63.11543314802984
0.02,0.6849953,3324.9764680862427
10.62,2.760831,74.00347346864402
0.11,-2.7150176,2568.197779221968
34.37,53.963245,57.00682395067125
16.47,0.69563663,95.77634104396911
0.04,0.81109774,1927.7443528175354
0.09,0.83457863,827.3095925649008
38.82,1.191518,96.93065958499663
2.19,35.608097,1525.940505772421
1.0,18.904135,1790.413475036621
1.44,-0.4027141,127.96625718474388
59.7,63.516933,6.3935233520303285
2.18,-0.66134965,130.33714010081158
0.52,1.2968136,149.38723215690027
0.72,-0.3690432,151.2560001677937
0.25,1.9773499,690.9399509429932
32.68,20.315683,37.8345062274536
3.98,6.216763,56.20007586838612
3.59,1.0211431,71.55590309738118
0.21,1.7680851,741.9452962421236
30.57,7.439353,75.66453062088067
1.0,-0.21428809,121.42880856990814
0.84,6.7649107,705.3465116591681
40.7,22.288092,45.23810403059976
2.91,14.907829,412.2965389920264
13.65,26.017786,90.60649103297419
0.12,1.2281448,923.4539707501729
0.06,6.163613,10172.688070933025
9.4,4.57406,51.33978762525194
0.02,0.045297295,126.48647427558899
3.38,-0.8297771,124.54961898058829
6.01,20.66142,243.78404030188943
0.73,-7.953054,1189.4594453785517
0.04,-4.660279,11750.696992874146
0.51,0.31503072,38.229269841138056
81.17,20.479843,74.76919657552243
0.0,-1.7285498,inf
5.5,-5.8776507,206.8663770502264
0.17,1.285276,656.0447384329402
8.48,21.889046,158.12553909589658
7.2,3.2094748,55.42396108309428
15.05,-0.021095604,100.14017012428206
0.08,-1.990044,2587.5549972057343
0.03,0.1753718,484.5726529757182
1.82,4.483441,146.34290527511428
0.96,0.7753159,19.23792908589045
0.02,2.1596944,10698.472166061401
40.47,53.86038,33.08717139950793
0.51,1.7500082,243.1388677335253
2.15,-1.944714,190.45181163521704
91.41,83.05729,9.13763360295902
117.72,225.36128,91.43839818946043
38.07,29.30046,23.035301246572924
3.96,1.5956523,59.70574894336739
0.03,0.44902626,1396.7541893323264
18.76,1.922618,89.75150303037437
60.31,13.505658,77.60627068526075
0.04,-0.96485126,2512.1281504631042
1.22,-0.09929928,108.13928539635705
13.55,15.298192,12.901786156686025
68.71,21.364513,68.90625324229835
33.0,85.66991,159.60577762488163
0.03,-0.6987585,2429.1949431101484
9.17,-1.8399786,120.06519711784604
7.41,-0.41218457,105.56254475383784
5.37,34.05418,534.1560548466233
20.88,3.0529106,85.378780812596
0.04,-0.09226069,330.65172135829926
53.35,8.6988535,83.69474509327682
0.08,-0.7867836,1083.4794700145721
0.37,3.271505,784.1905722746978
4.94,2.5817783,47.737281621709045
0.03,0.23230949,674.36496814092
0.67,-2.5460942,480.014056590066
1.32,12.9374075,880.1066283023719
2.0,11.627338,481.3669204711914
0.13,-0.66226804,609.4369558187632
1.24,5.0580516,307.9073859799293
74.08,28.048258,62.137880902053475
3.58,0.95044434,73.45127539927734
0.09,0.40084615,345.38461499743994
5.0,2.6968172,46.0636568069458
0.05,-1.1889046,2477.8092861175537
0.21,-2.5092218,1294.867520105271
0.51,0.4149839,18.63060815661561
116.93,54.767933,53.16177807932464
18.33,7.6176,58.441898722630405
4.1,31.259197,662.4194447587176
10.16,-3.2434294,131.92351793679666
0.0,-0.8195995,inf
41.8,43.787994,4.755967427668966
6.74,-1.8335434,127.20390830620106
0.1,-1.3640326,1464.0326261520386
0.03,0.3826491,1175.4969795544944
0.11,1.7507225,1491.5659340945158
33.2,30.290588,8.763288015342628
0.02,2.5596514,12698.256874084473
3.82,3.7897518,0.7918385310946917
0.01,-0.36926398,3792.6397681236267
4.39,5.7376647,30.69851251832446
88.24,47.96921,45.637792862228984
0.05,-0.9347857,1969.5714473724365
0.0,-0.8930515,inf
12.0,-6.7947464,156.62288665771484
0.1,0.40151134,301.5113413333893
1.53,1.1535145,24.60689513511907
4.22,2.8258657,33.036356740653225
1.11,4.1454725,273.4659933829092
0.07,2.318515,3212.1643747602193
0.1,-5.6639404,5763.9404296875
26.95,123.87404,359.6439283721301
6.67,11.188453,67.74291934995637
0.19,-3.1362517,1750.6587831597578
31.75,4.2472334,86.6228869580847
0.06,2.1960247,3560.041093826294
5.54,4.4925733,18.90661983283418
0.09,-0.7477926,930.8806684282091
0.01,-0.8092574,8192.573881149292
0.12,0.76605284,538.3773684501648
0.01,-0.7179152,7279.151773452759
0.06,-1.6886252,2914.375360806783
26.79,2.4514887,90.84923951738848
0.02,3.6771846,18285.92290878296
0.1,-0.045603126,145.60312628746033
35.1,112.32257,220.00732421875003
0.14,-0.6436032,559.7165754863194
2.76,13.673983,395.4341529072195
25.75,30.669851,19.10621865281781
0.01,-1.3234037,13334.037160873413
1.41,-1.4279953,201.27626412303735
4.0,-1.9428939,148.5723465681076
8.36,13.680778,63.64566447061785
0.34,-0.33105025,197.36771969234246
8.94,1.7362,80.57941862400746
37.88,65.65359,73.31992434347568
46.7,45.41585,2.749782456065149
93.77,38.331135,59.12217681972638
0.12,-0.75156343,726.3028581937155
5.7,4.235746,25.688668301230987
55.82,58.58561,4.954513500600423
1.16,-6.3869896,650.6025511642982
0.01,-1.9673957,19773.956632614136
0.03,2.2690847,7463.615640004477
0.07,5.6486287,7969.4695881434845
0.03,-1.5503029,5267.676210403442
5.7,4.2358294,25.68720432749966
12.2,8.191422,32.85719293062804
0.62,93.04572,14907.374671197707
14.43,18.819662,30.420388732614075
44.54,8.931136,79.94805538552622
66.31,46.32874,30.133103353551856
30.93,63.48149,105.24245421554215
0.77,7.449902,867.5197477464552
0.23,-0.097152084,142.24003657050753
1.32,15.880487,1103.0672304558032
4.0,11.434785,185.86962223052979
24.62,11.713116,52.42438792795015
0.35,10.077125,2779.17845589774
0.22,-0.5909494,368.6133709820834
0.02,4.572699,22763.495349884037
17.56,9.983404,43.14690114153816
12.02,25.345383,110.86008893868294
7.0,7.760278,10.861117499215263
8.0,2.4783804,69.02024447917938
88.1,72.33777,17.891295624645284
0.13,4.5297523,3384.4248111431416
0.05,-0.35470137,809.4027400016785
2.42,5.2743373,117.94782197179873
13.73,11.636997,15.244011486523014
22.2,20.981647,5.48807436281496
1.45,0.21151799,85.41255243893328
18.23,6.089567,66.5959013469652
22.29,7.128972,68.0171733803148
131.92,198.04193,50.1227495090538
1.02,2.3682964,132.18592007954916
19.59,11.617491,40.69683119738327
140.13,74.044235,47.16032596196947
5.98,7.11323,18.950338267961065
2.38,1.1410466,52.056863728691546
85.47,208.27327,143.67996917435394
80.57,42.87729,46.78256321414995
58.61,140.08641,139.01452059795417
0.36,-1.3436283,473.23007980982464
0.03,1.9033972,6244.657341639201
50.86,117.73673,131.49180590426693
0.05,10.177115,20254.2308807373
0.49,3.2192218,556.9840470138861
0.02,3.992595,19862.974786758423
2.89,1.2401692,57.08757205817938
0.01,-2.341201,23512.01066970825
0.95,-0.15058646,115.85120590109575
0.02,0.08352342,317.6171123981476
0.29,3.320255,1044.91553142153
11.0,11.268643,2.442212538285689
0.07,0.30150688,330.72410992213656
1.57,0.08147541,94.81048363788872
0.17,2.7656438,1526.8493147457345
59.1,20.24195,65.74966314480389
0.01,3.3743074,33643.0739402771
258.37,136.06277,47.33801344652896
40.1,25.663082,36.00228897056675
0.1,-4.1768465,4276.846504211425
15.02,66.48334,342.63207325128997
0.68,-1.2326158,281.2670336050146
0.04,0.8431736,2007.934057712555
0.01,-0.48083672,4908.367192745209
0.01,0.7477051,7377.051019668579
8.28,4.0508227,51.07702011071541
20.23,4.289587,78.79591190868005
22.03,-2.132509,109.6800226652238
0.61,-0.051962227,108.51839780807495
0.04,0.9990283,2397.570812702179
19.32,2.7971516,85.52198982633665
0.38,-2.1870432,675.5376815795898
97.69,92.5951,5.215374753985021
0.02,-0.28311524,1515.5761897563934
1.31,3.3012836,152.00638152260817
0.05,2.8315384,5563.076877593994
0.54,-0.7534183,239.5219122921979
21.82,-0.22991285,101.0536794100848
16.25,40.301548,148.00952617938702
0.03,5.073553,16811.843617757164
0.02,-0.6703304,3451.6520261764526
0.12,2.075341,1629.4508218765259
3.0,32.363655,978.7885030110677
66.96,11.674869,82.5644137041828
50.55,-0.25887522,100.5121171533413
28.84,10.582116,63.30750302699667
0.03,0.34184924,1039.497458934784
0.34,11.329924,3232.3304793413945
25.33,30.078194,18.74533622009784
3.74,20.244287,441.29110938087496
1.6,0.119897515,92.50640533864498
3.06,5.169805,68.94787744758955
0.62,2.1099217,240.30995061320644
0.03,-1.498248,5094.159936904907
10.12,1.1288737,88.84512148355778
1.16,4.2018027,262.22437332416405
1.2,0.7665945,36.11712257067362
0.14,-3.9295185,2906.798900876726
5.73,0.87577736,84.71592733373193
84.22,31.85068,62.18157278843148
19.51,35.30264,80.94638138169326
3.05,7.7340918,153.57677897468943
217.54,80.0364,63.20842151268337
11.81,5.258842,55.471278650088394
0.06,-4.672806,7888.009643554687
3.21,-3.9796917,223.97793594550492
54.51,40.833138,25.09055675617862
31.16,0.3617994,98.83889798098872
0.12,-0.5840181,586.6817593574524
0.1,0.24128738,141.28738045692444
0.09,-0.08252272,191.69191122055054
7.09,9.278626,30.869202284281613
63.54,8.053286,87.32564432049908
1.52,4.1427746,172.55095933613023
46.46,25.169619,45.825185952287164
1.14,8.305516,628.5540564018384
5.2,11.788783,126.70736679664024
130.72,40.00727,69.3946826706026
0.03,-0.7041191,2447.0636208852134
0.04,-2.2038233,5609.558320045471
25.54,81.246475,218.11462497935224
0.15,4.8814015,3154.2676925659175
0.02,0.14226022,611.3011181354523
0.5,-1.1034445,320.68889141082764
17.8,0.94724226,94.6784142697795
3.07,7.398662,140.9987651564011
36.39,53.588554,47.261759775554324
0.01,-1.3056706,13156.706190109253
0.05,1.7311531,3362.306261062622
0.0,0.129172,inf
7.5,-4.2439246,156.5856615702311
0.05,1.2177492,2335.4984760284424
116.9,225.33466,92.7584737054908
0.06,-1.1925968,2087.6613219579062
0.04,0.86649287,2066.232168674469
0.02,-1.6374716,8287.357783317566
18.1,8.043269,55.562048854090236
22.81,1.1684719,94.8773698710601
8.55,3.9809778,53.438856448346414
237.28,240.52603,1.3680173188387659
0.29,-0.5912975,303.895692167611
1.5,-0.7705649,151.37099424997965
7.32,8.076639,10.336600757036049
54.23,37.46505,30.914531175267665
0.03,-1.9459804,6586.601432164511
0.02,-0.5777458,2988.728976249695
34.29,1.5036956,95.61476929954692
0.61,4.0743313,567.9231612408747
0.01,19.65322,196432.19223022458
0.38,0.5657679,48.88628533011988
2.37,-0.102276176,104.31545047317375
0.1,3.006337,2906.3369274139404
48.61,15.790146,67.51667172593409
58.06,115.61728,99.13413546802337
23.83,15.773513,33.80817104376417
15.59,5.1827064,66.7562132389443
1.37,1.8562952,35.49600204412083
14.0,0.7969166,94.30773854255676
0.43,-0.056202263,113.07029363720916
1.25,2.694971,115.59768676757812
12.28,2.8189213,77.04461459616496
0.35,0.035473496,89.86471550805227
12.9,-1.2768654,109.89818110946537
0.05,2.6757472,5251.494312286377
0.29,0.8144828,180.85614072865454
0.01,1.736384,17263.840341567993
20.29,12.363968,39.06373634545188
20.24,-1.2423562,106.13812342462805
21.75,9.264875,57.40287166902389
61.7,69.93923,13.353698334778915
2.48,-3.618007,245.88737680066018
0.11,-1.4455694,1414.1539963808927
0.0,-0.64792,inf
0.41,0.170365,58.447559577662766
7.47,3.1976724,57.19314100273163
1.54,1.340618,12.946882185997904
80.57,56.363888,30.043579760624002
18.54,-2.0877864,111.26098401338152
19.85,7.515504,62.13851947928557
0.67,0.5582148,16.684360646489846
0.03,0.08080307,169.3435549736023
0.0,-1.524362,inf
0.11,-0.3141335,385.5759046294472
0.0,0.89872515,inf
0.69,-5.0600443,833.3397519761238
0.61,0.6807438,11.597346477821228
0.1,21.432539,21332.538986206055
1.99,7.2921824,266.44132892091073
4.7,-1.9228853,140.9124531644456
148.17,75.76435,48.86660532421321
0.45,4.9337544,996.3898764716254
0.61,1.5928293,161.11956502570482
0.23,4.676468,1933.246911090353
0.03,1.619167,5297.223234176636
245.85,219.64725,10.65802427722061
38.02,20.464361,46.17474699948475
0.0,2.129728,inf
0.01,-1.3554243,13654.242849349976
22.46,3.2103803,85.70623189768192
140.54,120.959984,13.93198817014117
0.33,-0.094909996,128.76060478615037
200.82,142.96497,28.80939855576511
64.51,65.65178,1.7699258639043285
0.74,-2.6398118,456.7313181387412
115.72,55.64211,51.91660135046982
0.44,-1.6514095,475.3203424540433
0.41,-2.078807,607.0261257450755
168.27,43.517376,74.1383633766893
9.63,1.5895091,83.49419387825306
2.83,19.922194,603.9644355908721
10.21,9.137717,10.502279657107968
6.88,-2.9405596,142.74069223293037
37.38,21.749567,41.814962461582795
0.11,-0.065642685,159.67516790736806
0.33,2.7417114,730.8216297265254
0.07,-0.762813,1189.7328172411237
2.81,0.84646094,69.87683493047422
0.01,4.0776396,40676.39579772949
0.01,-1.3471321,13571.320867538452
0.6,-1.4573883,342.89804697036743
0.3,0.98851836,229.5061190923055
0.03,-2.0296962,6865.6540870666495
125.62,118.27579,5.846372111514392
1.11,-0.14616665,113.16816688657882
0.92,2.521043,174.0264198054438
0.56,1.6377808,192.46085456439425
5.73,4.165695,27.300258456724485
25.0,-1.0876211,104.3504843711853
0.62,10.37108,1572.7549029934794
2.04,1.0918293,46.47895588594324
12.34,6.183433,49.89114217279023
5.0,9.454059,89.08117294311523
24.48,0.60567534,97.5258360306422
5.96,30.536167,412.3517977311307
0.1,-1.2002991,1300.2991437911987
0.69,0.81147444,17.604991664057202
105.81,70.9892,32.90880183598549
0.03,-1.5878099,5392.699734369914
0.04,-0.6669973,1767.4932837486267
0.04,1.7882878,4370.719397068024
0.05,-0.37369093,847.381865978241
620.18,482.73486,22.162136269913567
2.1,6.627163,215.57918730236236
0.21,-1.78729,951.0904652731759
0.56,0.73577654,31.38866850308008
1.82,0.14091745,92.25728295661591
0.12,-0.894029,845.0241843859357
9.25,-11.641899,225.85836874472128
0.24,1.4220897,492.53737330436707
0.05,1.7119166,3323.833131790161
0.5,34.685295,6837.059020996094
10.44,33.6926,222.7260560368213
3.69,-2.661146,172.11777575939973
2.57,0.7523258,70.72662360937214
7.69,-0.915346,111.903069264247
1.24,3.101144,150.09226414465135
0.21,-2.7654192,1416.8663070315406
51.09,54.796555,7.254951194812456
0.01,8.90136,88913.59558105469
30.32,11.396806,62.411590490617975
0.06,0.5163218,760.5362971623739
13.99,4.357029,68.85611893365518
13.26,0.28433004,97.85573122008714
0.6,0.4452254,25.795768698056538
124.74,164.32602,31.734823863323218
0.01,-0.13438639,1443.8639044761658
0.1,-0.76242673,862.4267339706421
70.41,18.393528,73.87654028601173
0.63,17.372116,2657.478744264633
0.07,-0.9077581,1396.7973096030098
0.05,3.1067827,6113.565349578857
1.44,-3.3760226,334.44601231151154
0.0,-0.71132743,inf
0.92,7.287645,692.1353112096372
22.26,-10.627357,147.74194307832812
0.53,1.4784111,178.94548650057808
126.66,58.49678,53.815900524626706
44.48,25.613386,42.41594839439117
12.53,14.904093,18.947268864296007
7.74,32.41885,318.84819050475915
3.11,1.1850673,61.89494224989913
11.05,17.085455,54.6195017266597
0.14,1.2083341,763.0957773753573
0.78,1.8620139,138.7197353901007
1.6,3.3999176,112.4948501586914
0.02,2.6910331,13355.16562461853
4.46,21.827124,389.3973910755106
1.3,-0.22256503,117.1203865454747
0.99,-4.1271586,516.8847112944632
20.55,15.542324,24.368252719405795
16.23,-1.4214748,108.75831678629068
0.25,0.45025888,80.10355234146118
2.18,-0.563568,125.85174293693052
5.14,5.5475574,7.929131400260486
6.38,2.3234346,63.58252991703237
0.18,-1.028818,671.5655618243748
0.1,-0.6202129,720.2129125595093
0.55,7.7103643,1301.8844257701526
16.26,15.8250065,2.6752368697087943
30.5,65.09806,113.43626428823002
105.49,22.377611,78.78698344840429
20.61,-3.569686,117.32016465780748
0.07,-8.855221,12750.31542096819
335.45,74.77915,77.70780983261174
0.8,1.8621455,132.7681928873062
2.2,12.863238,484.69265157526183
0.23,0.8895794,286.7736588353696
0.06,-0.9799484,1733.2473357518516
0.01,-0.6734961,6834.961271286011
122.01,67.939476,44.31646913106828
3.99,3.678631,7.803732649724291
0.02,-0.9571551,4885.775542259216
9.77,4.484492,54.09936719443439
0.65,-0.21048054,132.38162169089685
17.22,35.365467,105.37437323770735
0.12,-0.034303516,128.58626345793408
2.98,3.8558292,29.390242915825556
0.4,8.254121,1963.5302066802979
21.27,6.0066547,71.75996831509224
7.83,11.651531,48.8062735566082
0.1,-1.2576755,1357.6755285263062
47.37,68.02196,43.597123490523416
270.62,115.45616,57.33642690894116
0.31,3.307842,967.0458116839009
0.0,-0.88804185,inf
19.16,15.69451,18.087106159186312
52.61,18.671286,64.5100064070092
45.06,114.72622,154.6076768247805
2.02,13.087299,547.8861062833578
0.05,-0.7590202,1618.040418624878
16.85,11.597357,31.172956698726125
102.43,93.610916,8.609864163140383
0.0,-0.5694202,inf
0.59,26.56366,4402.315197960806
0.17,1.8801123,1005.9484061072853
73.1,85.44959,16.89410751071414
2.17,4.1914244,93.1531967655305
0.03,0.15353408,411.78028186162317
0.68,-3.0509055,548.6625685411341
4.75,3.119353,34.32940934833727
0.04,0.21602112,440.0528013706207
0.02,2.662552,13212.760591506958
0.3,0.7194544,139.81813589731854
0.34,4.5325894,1233.1145398757037
0.22,0.5475069,148.86678565632212
0.35,-1.0697569,405.64481871468683
5.64,2.8916824,48.72903570215752
0.11,-1.425752,1396.1382215673273
2.41,3.473932,44.14655717082042
6.63,22.46427,238.82759635085253
0.08,3.9347882,4818.4852838516235
70.26,0.61549056,99.12398156025728
2.74,1.6662431,39.188208893267785
4.0,3.7540061,6.149846315383911
0.01,-0.06271967,727.1967291831969
0.32,4.269428,1234.1961801052094
0.02,1.8253952,9026.976132392883
7.99,1.0861254,86.40644087809346
0.15,-0.124739975,183.1599831581116
2.24,-5.195928,331.96107574871604
0.02,5.3492928,26646.463775634766
162.81,291.75104,79.1972468507194
1.66,0.47133508,71.60632028637161
0.01,-0.2917789,3017.7889227867126
100.23,305.09216,204.39206134484434
0.01,5.2042603,51942.60349273682
58.17,8.321253,85.69494099557164
0.01,0.16096368,1509.6368432044983
131.54,92.23424,29.881224212484078
7.4,7.4910436,1.2303184818577073
11.8,0.89536345,92.41217415211564
0.03,2.8200338,9300.112628936768
7.24,11.911791,64.5274978974906
3.1,5.2172627,68.29879822269562
2.72,-0.17207369,106.32623867953524
1.41,1.5001284,6.39208428403165
36.4,16.723425,54.05652496840927
0.25,0.74272597,197.09038734436035
7.3,2.9788043,59.19446096028367
55.12,76.59357,38.957849953794
8.75,57.4956,557.0925903320312
0.11,-0.8281201,852.8364658355713
0.05,-0.6153692,1330.7384014129639
5.3,-1.7366828,132.7675994837059
31.49,78.53939,149.41057657657942
11.96,8.204132,31.403577925768193
1.11,6.382726,475.0203777003932
13.18,29.51174,123.91304803364918
45.52,37.47192,17.68031631496544
0.21,-0.4280561,303.83623384294054
368.06,237.78052,35.39626213711759
39.49,1.5243937,96.13979823319451
15.53,-1.2250313,107.88816005586426
2.23,1.5584942,30.112367253667035
0.02,25.074934,125274.67002868652
0.05,2.928684,5757.367992401123
0.71,0.92933,30.89154807614609
8.4,5.537061,34.082604589916414
15.63,11.334525,27.48224498824439
3.54,-1.3854526,139.13707989083844
24.94,37.25542,49.380195207756415
0.0,0.004744202,inf
0.68,1.3797413,102.90313398136811
17.5,128.4679,634.1022600446429
0.01,1.202525,11925.25019645691
0.01,-3.6286604,36386.60440444946
13.28,5.896991,55.59494897543665
21.8,9.555656,56.16671360960794
1.82,-0.047726005,102.62230798438355
0.05,3.2725713,6445.142650604248
32.14,13.389506,58.34005494702285
254.46,147.75522,41.93381336718566
4.41,2.7685091,37.22201474940155
0.25,0.8770033,250.80132484436035
30.32,6.9557376,77.05891295913656
0.24,-3.9551232,1747.9679942131042
0.02,0.43189016,2059.450799226761
17.95,-0.33356437,101.85829733075538
9.45,23.597776,149.71191971390337
3.19,1.2214586,61.709763189094566
2.12,3.3417823,57.63124205031484
0.0,0.96812356,inf
160.8,220.81917,37.32535329031113
10.6,3.1389008,70.38772870909493
0.05,2.2799153,4459.830665588379
46.84,17.34551,62.968594187045085
2.38,-0.082692,103.47445366763267
87.1,0.68112755,99.21799363005996
46.62,12.780801,72.58515482754832
80.64,18.566065,76.97660610789345
171.02,46.46076,72.8331433696477
73.69,17.484346,76.2731084410768
21.38,-3.3374107,115.60996580168508
1.2,2.973931,147.82758951187134
49.11,-1.7201258,103.50259783019895
10.3,23.474653,127.90925479629664
0.12,-3.2471607,2805.9672276179
0.8,2.5287235,216.0904347896576
9.75,-0.57657707,105.91361094743777
0.19,1.8871604,893.2423265356766
0.36,-0.5938877,264.96880186928644
57.27,126.606606,121.06967963992517
2.4,44.58958,1757.8991889953613
14.56,39.26586,169.68311477493452
10.52,3.2943823,68.6845785764687
0.56,2.2114384,294.8997173990522
262.03,302.51556,15.45073616183024
0.15,4.880962,3153.9745966593423
34.69,32.23329,7.081892113068421
4.91,3.1160867,36.53591198736684
57.3,211.31682,268.7902587038476
1.32,4.1247115,212.47814496358234
23.57,24.190727,2.633547873936014
53.26,74.28726,39.48040173280253
160.87,120.40326,25.154933003453877
53.03,58.50292,10.320419089964552
11.54,9.173404,20.507766551740037
47.7,14.042503,70.56078960810568
1.51,4.38481,190.38476628183528
4.35,4.0996513,5.755141685748915
7.34,9.277278,26.393432513244797
4.55,-2.3026326,150.6073092366313
0.01,0.88513434,8751.343393325806
46.04,74.832466,62.53793684945326
52.86,0.8989618,98.29935341949405
29.38,12.748214,56.60921113680949
0.29,3.2725677,1028.471637594289
8.03,0.1571447,98.04302994370609
0.18,0.2282292,26.793997155295482
0.05,-1.9501418,4000.2835750579825
0.07,-0.53390634,862.723343712943
10.11,9.45725,6.456482280727423
0.04,-0.10026845,350.6711333990097
0.02,-0.7572359,3886.1794233322144
0.33,5.789657,1654.441550283721
5.09,23.685144,365.3270024447638
2.55,7.903527,209.94222678390204
8.89,3.6336896,59.12610076543853
0.07,-2.3309023,3429.8604828970765
41.03,36.634144,10.713761078855223
13.98,33.6917,140.99928456144102
47.62,20.058544,57.87789970824118
376.85,86.20693,77.12433804753321
0.33,0.7623526,131.01593508864894
0.11,2.2338552,1930.7774977250533
6.61,2.004866,69.66919992767195
0.14,1.0192057,628.0040638787406
0.06,-1.2847341,2241.2235498428345
86.3,3.5593467,95.87561219481715
0.03,3.2562425,10754.14171218872
3.32,9.817858,195.71860669607142
0.01,-1.2492965,12592.965459823608
0.01,-2.0964587,21064.586734771725
0.33,-1.0566174,420.1870846025871
1.96,2.564383,30.8358688743747
10.9,-1.415233,112.98378913774403
0.08,3.9739048,4867.381060123444
23.39,3.2829363,85.96435940739639
2.52,1.4866177,41.00723474744766
37.72,-1.6217684,104.29949192833926
1.04,-3.9208124,477.0011892685523
12.4,4.2746205,65.52725376621369
0.72,0.95930064,33.23619961738587
17.37,2.3291938,86.59070909332117
0.0,-0.21664128,inf
27.78,36.901,32.8329768774748
35.38,35.12181,0.7297599969306531
6.99,3.195967,54.278012031478774
19.53,-3.5740154,118.30012994855107
0.03,-0.54638994,1921.2997913360596
0.0,-0.100234985,inf
0.57,-0.5754274,200.95217771697463
0.01,21.673428,216634.2758178711
39.57,47.290405,19.51075378680187
5.82,5.1192236,12.040831706777885
2.94,0.17694011,93.9816287991141
3.08,0.4138333,86.56385420978843
13.84,1.0464169,92.4391844024548
0.07,3.54194,4959.914248330252
87.73,242.96138,176.9421862588428
0.38,-0.8571123,325.5558653881675
35.14,34.30989,2.3622915564305296
44.43,1.3674799,96.92216988434106
0.0,-0.2933329,inf
2.45,2.1439369,12.492372551742871
2.78,1.8675193,32.82304822112159
0.07,-0.047940105,168.4858645711626
48.17,19.54754,59.4196789190931
2.0,7.0849924,254.24962043762207
2.07,0.7450911,64.00526180359475
60.06,42.63363,29.014936987654277
0.19,-3.935096,2171.1031712983786
31.85,4.359033,86.31386779353981
0.45,-3.3684838,848.55195151435
474.54,435.3089,8.26718528980039
23.72,1.6378428,93.09509791572017
42.29,27.788895,34.28967923073939
4.36,1.1245869,74.20672156395169
10.0,14.814477,48.1447696685791
0.0,-3.3232615,inf
18.25,8.538484,53.21378838526059
68.38,48.466385,29.121987587459323
0.0,-1.524362,inf
51.68,197.13245,281.44823198348007
22.94,56.584393,146.6625655954988
73.34,41.178993,43.85193179015864
20.64,30.25672,46.59263366876647
0.01,-1.0425628,10525.628423690796
7.83,0.95608723,87.78943510043362
84.75,23.221613,72.59986674891108
0.43,-121.314285,28312.624483330306
37.68,43.818504,16.291147381889846
0.0,1.2586031,inf
0.37,-1.3989731,478.100839821068
34.1,-4.059512,111.90472767849471
0.01,-0.30899796,3189.979588985443
0.01,-1.7397379,17497.37868309021
41.48,31.501856,24.05531376514048
0.34,-0.79122007,332.71178497987637
100.77,67.55668,32.95953282527274
32.88,45.787914,39.25764682519174
2.12,2.0937202,1.2396133170937642
0.0,-0.3973497,inf
134.97,74.74583,44.62041437268178
0.64,1.901218,197.0653213560581
11.0,6.200683,43.63015348261053
2.87,37.370575,1202.110625476372
29.29,24.605734,15.992714675793916
4.1,-1.7101997,141.7121881391944
0.05,1.3880206,2676.041269302368
44.31,9.374918,78.84243289548907
5.35,1.2252523,77.09808839815798
0.14,5.37435,3738.8214792524063
0.26,-0.74247587,385.56764125823975
7.48,10.32853,38.08195603722556
84.56,24.957834,70.48505884132638
0.0,-0.83956325,inf
22.57,33.467434,48.282826448574916
0.88,-2.9817688,438.8373689218001
2.43,2.6034114,7.136273089750307
0.24,-2.1957846,1014.9102369944256
35.16,45.279076,28.78007856245335
1.51,-2.0909407,238.4728949591024
532.18,212.03629,60.157036077945314
1.88,2.0118265,7.0120486807315965
0.27,-0.6754726,350.17504338864927
4.5,5.5915794,24.257320827907986
0.0,-0.77231586,inf
42.4,18.436756,56.51708458954433
14.42,3.5502083,75.37996997118988
2.22,8.993311,305.104095871384
0.04,1.2755896,3088.9739632606506
14.42,3.240122,77.53036005652397
0.39,5.2330747,1241.8140166845078
0.25,2.0465064,718.6025619506836
0.0,-0.13157389,inf
1.0,-0.21428809,121.42880856990814
3.15,1.2328097,60.86318530733623
0.52,1.9135357,267.9876373364375
125.33,92.59146,26.121869319683537
40.91,12.533362,69.36357274844575
0.0,-0.4227155,inf
2.15,-0.57925975,126.94231410359228
2.63,0.13502267,94.86605817374168
39.79,127.6531,220.8170370948947
1.07,-0.3050855,128.51266448742874
21.28,25.4678,19.679511937879973
32.54,52.042805,59.93486391523534
0.3,3.7587678,1152.9226144154868
43.82,23.752945,45.79428355479447
0.23,-3.7116573,1713.7640372566555
0.08,-0.22257265,378.21581810712814
0.22,-0.30946574,240.66624370488253
29.82,-5.9221034,119.8595016934902
0.01,-0.8362664,8462.663984298706
0.05,2.9059753,5711.95068359375
62.95,39.994232,36.46666850240767
0.25,0.00014176965,99.9432921409607
33.6,-9.319076,127.73534400122506
1.09,5.7999997,432.11006549520226
21.38,42.607006,99.28440632833512
0.0,2.2066486,inf
162.0,188.07108,16.093256444106867
5.55,-1.1210445,120.19900029843993
0.23,2.6258469,1041.6725490404212
35.55,58.259396,63.880156397651874
52.08,6.773356,86.99432419192406
53.35,14.385597,73.03543162323541
3.38,4.6340637,37.102476943879445
9.27,0.70874083,92.35446784874382
0.82,2.0187747,146.1920424205501
0.2,89.19786,44498.93035888672
0.01,0.44907442,4390.744173526764
6.0,2.7520177,54.13303772608439
36.81,12.282702,66.6321585276178
1.66,-5.2272844,414.896652497441
31.61,10.445557,66.95489832133819
0.12,7.75731,6364.424928029379
17.11,12.784917,25.278101240522606
0.02,-2.4783556,12491.778230667114
1.7,19.055775,1020.9279228659237
42.67,39.858044,6.590007802544422
0.01,-0.700178,7101.780271530151
0.47,2.1880972,365.55260394481905
12.32,6.205697,49.629082308187115
31.1,37.074726,19.21133795735153
1.92,4.090036,113.02270392576854
15.43,6.176334,59.971912480451344
0.43,-1.4531587,437.9438921462658
57.32,94.29235,64.50165870384328
50.24,21.189981,57.82248913102848
0.0,2.6309965,inf
0.25,-0.3736994,249.47975873947144
1.25,1.2309505,1.5239620208740234
1.64,-5.055115,408.2387331055432
62.66,31.080297,50.39850387792407
1.75,-0.19204745,110.97413982663836
0.2,3.864335,1832.1675300598145
1.17,3.3094575,182.85961884718677
0.02,-0.18747553,1037.3776614665985
0.03,5.5109158,18269.71918741862
3.23,-4.7990336,248.57689293545465
42.04,17.257723,58.949279603676835
1.37,4.024281,193.74314050604826
5.11,0.13895765,97.28067222173433
0.01,-0.6138185,6238.185262680054
0.01,-0.05400309,640.0308966636657
0.87,1.8168293,108.8309567550133
2.14,1.9208207,10.242022754990058
0.04,0.27889028,597.2257047891617
0.05,0.20054546,301.09091997146606
11.5,-2.3825247,120.71760633717413
10.47,-10.255404,197.95037700430825
1.77,2.0615442,16.471422594145867
0.0,0.6066128,inf
0.01,-0.23059377,2405.937707424164
0.01,0.53267753,5226.775312423706
0.0,-1.32628,inf
0.81,1.385424,71.0400022106406
5.68,-4.364803,176.84512037626456
8.84,9.731679,10.086866093976466
35.33,35.121742,0.5894643404043081
21.45,11.973388,44.18001063775905
0.0,-1.9181265,inf
4.43,-3.3857,176.42663628468395
0.07,-0.11402926,262.8989406994411
0.0,4.252643,inf
51.39,0.8344239,98.37629130248963
25.48,0.034252793,99.86556988776759
0.0,-1.4957603,inf
0.26,-5.8501163,2350.044712653527
0.0,-1.0075487,inf
28.2,2.3305304,91.73570778352995
0.2,-0.9704827,585.2413535118103
27.83,42.428238,52.45504101702862
0.14,-1.801114,1386.50997366224
0.79,0.75341046,4.631587523448321
16.24,3.086686,80.9933134487697
0.6,-3.0187771,603.129522005717
0.01,-0.22505698,2350.569760799408
0.04,-0.22415957,660.3989213705062
0.0,6.282912,inf
0.25,1.761789,604.7155857086182
0.02,0.46772233,2238.6116325855255
4.24,36.66806,764.8127429890183
52.08,12.171062,76.63006438271425
1.42,-1.7309488,221.89780322598742
0.03,-1.4140114,4813.371197382609
15.03,20.676132,37.56574984796034
0.1,1.4590596,1359.0595960617065
0.55,-1.6307691,396.50347883051086
0.02,-1.10297,5614.85002040863
80.36,45.65763,43.1836349920232
2.02,-1.7690324,187.57585936253614
0.54,-0.59755945,210.65915778831197
0.07,0.46356073,562.2296145984104
1.89,6.8993764,265.04636996637583
15.45,5.153317,66.64519757514633
43.05,18.012968,58.15803005027992
2.56,-0.30219015,111.80430292151868
3.27,1.9915282,39.09699836637631
3.05,-0.40826926,113.38587725748782
24.07,3.0466418,87.34257654079917
1.79,0.8808366,50.791251060017
0.01,5.6999955,56899.95517730713
39.8,9.178181,76.9392444859797
12.2,-0.7203754,105.90471654641824
71.76,127.77187,78.05445021477297
241.41,296.69183,22.899562361167206
4.68,-0.3156205,106.74402802927882
0.14,1.7904485,1178.8918188640048
0.1,0.17017141,70.17140984535216
12.8,14.958034,16.85963720083236
0.63,1.7486769,177.56776128496443
30.01,17.120388,42.95105621124339
12.67,16.95169,33.79392797022987
2.16,-0.64370954,129.8013676095892
54.73,42.888443,21.636318302276514
2.64,7.6998997,191.66286641901186
0.5,-11.4467,2389.340019226074
0.15,9.019179,5912.786229451498
0.01,1.0389282,10289.281511306763
1.81,1.3818494,23.654728831507228
126.37,64.332726,49.09177373988894
1.22,-0.14615902,111.9802477906962
0.14,-1.5157598,1182.6855897903442
0.29,1.05049,262.2379385191819
58.5,15.834108,72.93314811510918
0.06,-1.0815176,1902.529295285543
108.25,48.634613,55.071951004979795
25.28,0.07396236,99.70742737096322
2.83,2.7851028,1.5864719350430678
51.44,62.3008,21.11353095545554
1.11,4.737998,326.84666745297534
24.51,5.3883157,78.01584790843403
0.01,-1.5707158,15807.157850265503
10.54,17.503199,66.0645030707517
0.04,0.25155798,528.8949400186539
0.81,-0.34409818,142.48125685585867
0.46,4.698798,921.4778651361879
0.02,-3.414671,17173.354721069336
30.57,33.440987,9.391516628396406
13.96,7.0687823,49.36402342722546
108.33,110.52424,2.0255133263415335
0.13,4.702008,3516.929054260254
0.03,-0.8668226,2989.4086678822837
0.14,-1.3725857,1080.41832447052
0.0,-0.22151884,inf
2.33,-1.8501209,179.4043305605778
20.0,8.44272,57.78639793395996
0.76,-2.40849,416.90657138824463
55.8,140.78407,152.30120587092574
25.68,24.363577,5.126258220256673
4.24,13.94683,228.93466499616514
0.24,4.8480563,1920.0234651565552
31.77,10.697458,66.32842849476891
0.02,-0.9559001,4879.500365257263
14.48,2.6033752,82.02088952723129
402.45,229.76967,42.90727579100471
14.43,41.86487,190.12382650077964
0.03,-2.3994102,8098.034159342447
0.48,1.5136496,215.34366309642792
0.44,0.0125211775,97.1542778340253
0.1,-0.29439196,394.3919599056244
0.04,-0.29307303,832.6825708150864
2.27,-1.2651981,155.7355996270537
0.09,1.1023136,1124.7929308149548
6.26,14.594707,133.14227692235391
3.27,2.0423574,37.542585787058606
23.69,18.908598,20.1832083319249
41.03,0.84537375,97.93962040035834
0.77,-0.023416132,103.04105606946078
2.0,2.003947,0.19735097885131836
0.01,-1.4269012,14369.012212753296
0.06,1.4346541,2291.0901943842573
5.6,-0.8732728,115.59415672506606
103.8,30.980736,70.15343373910541
42.07,105.028404,149.65154322757272
31.8,29.537674,7.114232861021032
0.22,0.66839623,203.81647023287687
59.69,3.4943683,94.14580614048745
0.99,-1.3900751,240.41162500477805
0.66,-4.8581853,836.0886804985278
1.74,-0.14222702,108.17396688735349
0.03,-1.7025486,5775.162076950073
30.09,31.242811,3.8312103788731466
0.01,4.191335,41813.35201263428
3.83,-1.05489,127.54282079851036
8.28,18.0244,117.68599892584024
0.02,2.751445,13657.225275039673
0.13,0.24487272,88.36363003804134
2.33,1.587299,31.875579858542512
11.49,3.0041356,73.85434631267975
0.21,9.704354,4521.121088663736
4.06,4.1245575,1.5900860866302438
0.62,1.312739,111.73209913315311
0.07,0.5203272,643.3245863233293
53.85,69.30249,28.695432190111415
21.16,3.7131338,82.45210863917447
7.6,-0.8036026,110.57371810862892
417.72,144.81888,65.33111218667334
23.86,11.923772,50.02610285743784
2.65,3.1077683,17.27427536586546
0.81,2.7266185,236.61957140322085
17.86,3.2708461,81.68619188990064
9.27,1.0487314,88.68682366487407
0.68,-2.7574675,505.50992769353525
0.41,-1.7360481,523.4263664338647
7.63,5.3929677,29.318903001857773
0.26,0.35059497,34.844218309109024
0.01,-1.0451473,10551.472997665405
0.07,-3.3090599,4827.2283690316335
6.88,-0.0028065145,100.04079236194146
0.6,2.3313873,288.5645469029745
0.15,1.7585026,1072.3350683848064
6.22,21.982506,253.41649193472418
24.72,2.1385326,91.348977999394
0.17,0.08111158,52.287305803859944
8.95,11.1519165,24.602419038058667
11.49,6.661341,42.02488084997272
2.46,1.9546291,20.54353399974544
18.65,7.4563866,60.01937498036402
13.03,16.339598,25.399828872036593
0.09,4.4634423,4859.380361768935
1.11,-0.6721252,160.55182164853755
0.17,-1.6788901,1087.5824170954086
0.0,-1.4708694,inf
34.34,-0.25556597,100.74422239701833
82.57,68.83205,16.6379477912207
0.11,-0.5198606,572.6005684245716
0.76,1.9918557,162.08628165094476
1.55,1.1427532,26.27398429378387
369.7,99.106445,73.19273862253179
0.46,0.24983469,45.688111626583606
2.28,6.748753,195.9979417031272
0.39,19.882818,4998.158518473307
0.01,0.040509373,305.0937294960022
17.0,19.810654,16.533256979549634
117.45,75.91,35.36823868700777
0.0,-0.4919952,inf
0.06,0.07966104,32.76840249697368
0.48,-1.8471841,484.8300129175186
113.33,60.57243,46.552166542855005
6.32,1.0956942,82.66306670406196
2.1,2.8118975,33.89988172621953
104.39,66.80973,35.9998749594931
0.16,-2.0384986,1374.0616500377655
12.0,7.147006,40.44161637624105
0.03,-0.3247207,1182.4023683865867
52.99,86.11781,62.517103435273754
9.2,-0.41803965,104.54390923614086
1.36,-3.0755847,326.145930149976
1.06,6.5130606,514.4396763927532
72.31,94.67398,30.92792243519655
0.06,-2.0680687,3546.7812379201255
40.49,18.654703,53.92762869780491
8.08,4.627642,42.727201055772234
0.74,3.1229393,322.018830840652
10.77,28.410349,163.79154031765938
3.7,8.690845,134.8876901575037
0.09,-0.21123347,334.7038520707024
0.0,-2.4503405,inf
1.71,3.0321548,77.31899406477721
0.29,-1.9440683,770.3683836706754
101.07,60.503254,40.13727719722214
30.98,8.100709,73.85181097002318
0.03,3.0183282,9961.09396616618
21.67,5.071601,76.59621174895494
0.21,0.66259897,215.52331788199288
0.91,2.4044087,164.22073552896688
12.71,3.28708,74.13784382757852
6.13,2.4019754,60.81606209958747
0.27,-4.685644,1835.4237591778788
129.36,128.16783,0.9215898106845826
150.16,76.423584,49.10523176320258
1.16,5.1968694,348.0059804587529
0.85,5.509732,548.2037375955022
0.0,-0.8378128,inf
0.08,-0.36970934,562.1366783976555
5.88,2.696336,54.14394505169927
2.32,0.33615267,85.51066065656727
0.01,16.724693,167146.9329833984
2.96,-2.529096,185.44242865330463
3.18,2.45071,22.93364596816729
0.4,-1.8778414,569.4603383541107
3.1,-4.0577707,230.89582996983683
32.32,3.0222282,90.64904628413738
22.16,25.65943,15.791649594634018
0.06,-2.5836146,4406.0243129730225
41.09,16.023123,61.0048119068494
0.25,2.249497,799.7987747192383
0.26,8.523704,3178.347528897799
14.79,-1.7899452,112.10240192555189
2.05,-1.7325839,184.51628684997561
0.09,0.9430758,947.8619734446208
0.07,1.392552,1889.3600259508403
213.31,164.8727,22.70746991568536
24.95,48.648727,94.9848794268224
0.01,-0.93494594,9449.459409713745
0.39,2.8865306,640.1360609592535
17.5,3.0968268,82.30384690420968
1.01,1.0830628,7.233937424008208
3.59,4.295657,19.656188242282713
4.5,7.7530065,72.28903240627713
111.55,87.918274,21.184873217587402
6.85,5.395722,21.230337045488564
19.55,40.469307,107.004127600004
13.52,6.649223,50.819357612429286
0.1,-4.1768465,4276.846504211425
4.11,3.7042012,9.873449599365834
0.02,-1.2070011,6135.005450248718
0.19,-2.958927,1657.329955853914
13.33,22.186157,66.43778864638034
0.06,-3.9267218,6644.536352157593
18.99,-6.0308146,131.75784437953956
51.87,7.992942,84.59043405362584
5.3,-1.7781271,133.54956743852148
0.2,4.5247293,2162.364625930786
6.9,1.7357622,74.84402552894923
1.33,-0.38746962,129.13305409868858
91.14,65.35268,28.294188729864427
0.0,-1.4332861,inf
93.74,29.086636,68.97094560529165
9.69,9.843467,1.5837642799590077
8.25,4.3226733,47.60395974823923
0.74,9.055887,1123.768543552708
0.05,-1.0487512,2197.5024700164795
8.18,3.6053226,55.92515159644241
28.73,39.835598,38.65505740321392
0.01,0.54515755,5351.575517654419
1.41,2.2103393,56.7616530343996
0.11,3.8221753,3374.7047857804732
83.3,50.140812,39.80694847519085
7.72,7.041329,8.791076334029277
0.82,0.14509836,82.3050782447908
0.31,0.13449016,56.61607673091273
0.41,-2.2110803,639.2878811533858
28.4,14.449044,49.123083705633455
0.06,-0.011563152,119.27192012468974
0.06,3.1661608,5176.934703191122
4.06,8.735925,115.17055962473303
0.06,-0.9687923,1714.6538654963176
3.42,3.3924172,0.8065148403770025
50.58,25.911562,48.77113094910561
8.11,28.406683,250.2673608895148
78.03,37.25124,52.26036168574737
0.01,8.526082,85160.82038879395
0.02,0.34286562,1614.3280804157257
14.49,6.8403773,52.792426978743755
0.77,8.2846155,975.9240930730646
0.0,41.450737,inf
7.01,6.4589767,7.860531446426976
34.3,8.463897,75.32391617666528
1.37,1.1683213,14.721076505897695
1.02,1.4329854,40.48876715641396
58.7,73.990585,26.04869732052544
3.27,0.5163332,84.20999319910638
0.08,-0.57848203,823.1025397777557
113.26,56.49193,50.12190702755966
1.45,-4.9181285,439.18127520331024
6.15,91.84614,1393.4331382193216
11.65,9.641238,17.24259044991031
6.56,0.5012013,92.3597367071524
46.58,4.0513844,91.30230904034967
57.06,52.93573,7.227953066125573
3.85,-0.8672155,122.52507829046867
24.27,26.745111,10.198234303477966
0.16,0.75658476,372.8654772043228
0.2,1.2646278,532.3139071464539
66.47,65.09572,2.067521613074976
13.27,5.2429595,60.49013188124242
0.61,-0.7550434,223.77760449393853
1.7,1.029472,39.44282391492058
0.04,-0.007118076,117.79519021511078
9.82,1.5721937,83.98988042975152
18.75,15.750422,15.997751871744791
29.51,40.83108,38.363542495360406
25.47,55.459373,117.7439084182218
59.95,13.923337,76.77508426567631
19.13,2.5280218,86.78504018589146
173.96,89.4429,48.584213835750674
0.76,0.45456138,40.189291772089504
14.36,2.6452138,81.57929079114228
16.93,0.17291752,98.97863251601038
3.0,9.347332,211.5777333577474
0.11,-1.4455694,1414.1539963808927
200.68,248.91458,24.035569712391926
0.31,11.457183,3595.86544652139
0.01,-0.20272383,2127.2383093833923
1.43,3.0727794,114.87967951314432
132.56,126.16883,4.821340621920617
33.72,33.52578,0.5759794658330519
2.26,2.2087505,2.2676775940751517
104.03,94.46346,9.195940757868074
2.59,-0.11371407,104.39050459953809
0.32,-1.6159395,604.981093108654
0.19,-3.0424669,1701.298357311048
0.15,-0.88681734,691.2115573883056
162.83,241.609,48.381129724420205
0.5,-0.190801,138.16019892692566
0.29,4.989498,1620.5165994578394
0.87,-2.575166,395.9960904614679
0.75,5.1825185,591.0024642944336
0.09,-1.4460219,1706.691016091241
123.31,9.090338,92.62806118457878
0.36,2.250528,525.1466936535305
3.36,-0.13293454,103.95638513423148
22.95,1.0554119,95.40125518582745
19.4,2.8701875,85.20521896401631
1.24,-0.15055165,112.14126185063392
0.4,0.3242499,18.937526643276218
0.01,-2.08859,20985.899066925045
0.73,8.445751,1056.9522178336365
0.03,-0.2943519,1081.1730186144512
0.01,-1.2812856,12912.856435775757
0.01,0.51554835,5055.4834842681885
0.18,-2.730325,1616.8472131093345
0.42,-0.93839586,323.4275851930891
78.65,27.354246,65.22028462870138
3.45,-2.3748944,168.83751827737558
60.48,41.489056,31.400370976281543
121.66,200.18379,64.54363974540342
18.97,3.7615178,80.17122950375426
2.18,14.921873,584.489591406026
82.05,28.792173,64.90899038925032
73.08,53.600002,26.655716627232675
3.48,0.52773297,84.83525953073611
0.02,0.80616343,3930.817151069641
270.4,300.35437,11.0777995995516
0.02,-0.54079235,2803.961730003357
3.15,1.9065987,39.473057550097266
71.44,46.215843,35.30817021180908
936.66,385.5371,58.839161555420326
5.45,19.501362,257.82315315456566
0.04,-0.8083385,2120.8463072776794
0.22,2.0680454,840.0206262415105
0.22,0.9977306,353.51391488855535
0.03,-0.32471642,1182.3880632718406
10.6,1.9047776,82.0303995654268
16.3,4.1768794,74.37497296947643
2.07,2.2384322,8.136819756549345
10.0,14.266139,42.66139030456543
44.47,3.0613806,93.11585197937684
7.5,-0.022544712,100.30059615770976
0.02,0.9176613,4488.306546211243
177.2,46.70205,73.64444172947455
0.28,-2.1501443,867.9086923599243
0.02,-0.23308071,1265.403574705124
6.72,124.48416,1752.442877633231
8.94,14.761374,65.11604556567984
6.67,-1.6477102,124.70330141116118
3.85,-0.5806879,115.08280209132602
0.62,4.160872,571.1083842862037
0.15,-0.15033802,200.22534926732385
0.5,0.959828,91.96560382843018
0.01,-0.77059925,7805.9924602508545
5.31,-4.9624286,193.45439867784745
10.44,4.0776415,60.94213134941014
0.51,1.0856911,112.88060674480363
8.29,11.637863,40.38435656429058
0.35,2.7340188,681.1482293265207
0.77,-1.4210533,284.5523753723541
0.62,1.2271544,97.92812485848704
15.86,9.056838,42.89509435319359
95.0,60.98345,35.806892796566615
0.06,0.27315298,355.25496204694116
46.82,26.518753,43.36020279419519
31.15,14.192503,54.43819269514007
0.16,-0.25105223,256.907644122839
0.15,-0.45554385,403.6958972613017
1.99,-0.829954,141.70623256932552
11.38,3.8780599,65.92214530716882
0.11,-0.8526329,875.1208001917058
0.38,4.542215,1095.319702750758
18.27,12.181228,33.326613661625636
0.36,-0.63089216,275.2478215429518
0.15,2.2034385,1368.9590136210124
0.21,-0.8757032,517.0015312376477
79.7,42.68882,46.43811808625608
2.1,3.583635,70.64929008483887
10.6,5.5936728,47.22950233603423
6.88,13.576157,97.32785779376363
5.24,0.7609278,85.47847716862918
26.28,15.752217,40.060055963524945
2.0,2.0540833,2.704167366027832
0.0,-1.5907521,inf
117.24,111.58969,4.819437766880434
0.02,-0.4837235,2518.617457151413
0.25,5.978465,2291.386032104492
0.0,2.7170608,inf
0.42,2.2874305,444.6263154347738
20.8,10.755516,48.29078821035532
0.19,6.43232,3285.431641026547
16.48,-0.2905973,101.76333306917866
1.63,0.7700106,52.76008646912369
84.5,57.605526,31.827779916616585
0.03,0.8497082,2732.360665003459
1.38,2.7639692,100.28762195421302
0.96,1.0497161,9.345428645610813
0.05,-2.4634483,5026.896572113036
0.27,0.73600924,172.59601487053763
171.09,128.67029,24.793799704285757
15.07,81.20264,438.83634186297286
61.36,43.403667,29.26390572041856
7.91,-1.2905163,116.3149969315559
31.42,27.148748,13.594053476043454
0.01,-5.9501853,59601.85298919678
8.91,5.7729344,35.208367712703755
0.1,2.1161096,2016.1096096038818
0.06,0.18801084,213.35140268007916
320.71,321.0943,0.11982766873694942
3.27,-2.1459172,165.62437850765497
0.05,-0.61758745,1335.1748943328857
0.02,-1.2986444,6593.222117424011
35.09,16.01803,54.35158117233977
88.76,140.52287,58.317792840023294
0.01,-1.8147424,18247.424459457397
36.26,112.26232,209.60375474949802
40.44,74.57138,84.40005097733525
22.92,61.02058,166.23289830605603
16.7,5.2374578,68.63797753157016
1.12,-1.2450289,211.16329048361095
11.6,3.788697,67.33881892829106
56.13,48.385056,13.798226363812248
1.3,3.206436,146.64891683138333
18.14,13.241098,27.006072745696454
0.0,1.4530092,inf
101.16,33.16948,67.21087448584699
0.54,-3.4935706,746.9575122550681
0.01,0.19582906,1858.2906365394592
1.12,-2.2510407,300.9857765265873
0.24,0.4946486,106.10358566045761
0.08,-0.6010927,851.3658702373505
0.13,0.88598883,581.529870400062
10.1,1.9086214,81.10275811488086
0.01,-1.5472349,15572.348928451538
5.84,27.452944,370.0846541417788
48.43,8.059806,83.35782393133151
28.44,39.087936,37.440001411277024
0.16,-0.7767967,585.4979366064072
9.46,9.100997,3.794958021877693
0.58,-0.067029804,111.55686275712375
40.23,24.457888,39.20485297157312
10.96,9.095934,17.007902242841517
1.72,0.2393271,86.08563355235167
13.78,15.689877,13.859771817100762
2.48,2.5403044,2.4316299346185506
13.11,4.913742,62.51912993570033
5.87,0.3585116,93.89247705420603
34.55,18.945024,45.16635458652259
45.5,5.4981475,87.91615936782334
61.56,66.04564,7.28661312229684
1.11,0.10717216,90.34485032966546
0.01,-0.96366775,9736.677503585815
0.02,-0.9061464,4630.732035636902
0.01,-0.20167503,2116.7502760887146
227.97,63.08478,72.3275950139367
16.03,9.869415,38.43159523890752
36.32,28.958916,20.26730255933585
9.4,-0.08498177,100.9040613757803
106.95,99.89745,6.594246556236123
0.42,-4.2329154,1107.8370003473192
56.75,6.9949493,87.67409807784966
20.77,-6.3040032,130.35148405718815
47.32,1.5902687,96.63933066120615
0.0,-1.4036177,inf
0.3,-0.83290565,377.63521671295166
333.18,227.3151,31.774087882183615
0.15,-0.50621545,437.4769687652588
2.46,-0.6937822,128.20252887601774
0.14,-0.46916804,435.1200265543801
8.5,-0.17573866,102.06751367625068
0.14,-0.07531342,153.7952993597303
0.38,2.032108,434.7652811753122
0.4,-2.5860999,746.524965763092
7.16,14.591693,103.79459391759094
51.55,15.30919,70.30225063734675
0.39,6.1553364,1478.2913794884314
3.55,-1.3277467,137.4013168711058
0.06,-0.17010435,383.50725769996643
99.05,114.009514,15.102992281656205
0.75,2.1883254,191.77672068277994
51.76,52.812366,2.0331655440411613
0.03,-1.8281893,6193.9641793568935
3.17,1.3075734,58.751626571270194
0.72,-1.2855479,278.54831284946863
3.82,9.027805,136.32998241804034
0.18,-1.2771109,809.5060745875041
14.96,28.19967,88.50047320605599
4.75,-0.19498953,104.10504278383758
0.0,1.8113753,inf
0.13,-0.19339523,248.76555937987106
0.09,-0.16510949,283.45498376422455
19.8,10.331548,47.82046597413343
40.67,17.224165,57.64896738930771
5.97,8.285547,38.786386205523065
0.02,4.53849,22592.449092864994
1.23,-0.58767843,147.77873434671542
0.73,0.6954342,4.735039358269676
1.67,-4.343024,360.0613040124585
14.89,3.338656,77.57786468341897
1.99,5.2464643,163.64141972220722
1.07,-0.06301007,105.88879128482854
23.04,6.2151484,73.02452930145793
11.75,28.22666,140.22689170025765
1.23,10.127529,723.376353194074
0.22,-2.7881844,1367.3565474423494
0.03,-1.3737768,4679.255978266398
1.72,2.387944,38.833952504535056
41.51,7.221167,82.60378923740079
38.18,5.6627,85.16841231996068
60.57,33.44426,44.78411813842713
12.74,7.808458,38.7091220454481
54.83,40.80354,25.581726653067573
18.64,18.7886,0.7972152448007447
0.19,3.0172603,1488.0317437021356
7.24,2.7634227,61.831177795789515
0.11,0.6994959,535.9053741801869
7.66,1.9787179,74.16817332683593
36.61,8.771238,76.04141402068734
18.01,6.863017,61.89329771119181
0.21,7.7492046,3590.0974455333894
0.0,-0.113639206,inf
0.01,-1.1841091,11941.09091758728
0.05,3.55883,7017.660045623779
0.1,-0.8027333,902.733302116394
0.55,-0.73097885,232.90524482727048
0.78,-1.7669786,326.5357207029294
26.2,5.430055,79.27459869675964
69.69,31.04194,55.457109070043174
5.84,1.601235,72.58159191641089
1.27,4.6529894,266.37711712694545
0.02,-1.1812571,6006.285643577576
0.04,-1.2650555,3262.63884305954
7.13,5.0907636,28.600791460334168
10.28,3.2512043,68.3734994917992
20.05,4.149462,79.30442781519712
57.68,49.971024,13.365077046514715
161.2,13.95287,91.34437322024968
0.0,-2.4178088,inf
1.08,7.219591,568.4806611802843
0.02,-3.2477505,16338.752603530884
5.26,1.4502841,72.42805849010047
0.02,-0.9225687,4712.84339427948
14.88,4.5483565,69.43308781552058
2.3,0.50224435,78.16328898720118
52.22,44.356335,15.058723312372084
7.95,21.45965,169.9327049015453
0.02,-3.0471423,15335.711336135864
131.14,114.28703,12.85112621545318
2.59,6.577663,153.96382026230506
0.31,1.1575652,273.4081406747141
4.74,0.86337054,81.78543169287187
11.0,2.465721,77.58435552770442
63.6,87.19728,37.1026428990394
0.06,-0.3039411,606.5685013930004
14.9,17.976343,20.64659835508205
11.6,9.450316,18.531754921222554
21.3,17.294928,18.80315682138076
94.13,41.09042,56.347158430588436
188.37,102.656105,45.50294365264962
0.22,0.48243728,119.28967400030658
10.14,5.512896,45.6321887480907
0.01,-12.000589,120105.89370727539
281.72,152.69962,45.7973819826368
0.0,-1.662022,inf
0.34,1.9612833,476.84803710264316
94.51,6.1823263,93.45854796652894
37.3,6.8441687,81.65102235113967
1.35,-0.8433794,162.47254654213233
24.65,-1.7592443,107.13689380436834
6.06,-0.58087575,109.58540848772913
1.11,3.0057056,170.78428783932247
0.03,-0.59717596,2090.586519241333
14.9,5.644514,62.117355141863726
102.8,3.2184618,96.86920063041065
0.23,-2.8822515,1353.1528265579886
1.34,0.5414921,59.59014145296012
0.05,7.7457404,15391.480827331543
3.51,8.036255,128.9531305644587
0.34,21.61931,6258.620699714212
3.49,0.08550897,97.5498861774674
1.92,22.716717,1083.1623315811157
59.93,11.866063,80.20012828636584
0.01,-0.99175084,10017.508363723755
0.25,-1.4447526,677.901029586792
36.35,21.045786,42.10237715562404
6.98,5.0388207,27.81059106646432
0.15,-1.6242231,1182.815408706665
0.09,3.9964693,4340.521399180095
0.01,1.4595381,14495.381021499634
0.0,0.2659556,inf
3.22,27.684353,759.7625116383807
0.11,1.4716159,1237.8326459364457
0.28,4.248625,1417.3660005841934
33.08,89.60197,170.86447054990978
0.0,-0.2789367,inf
0.15,1.3345743,789.7162278493247
0.0,-3.154895,inf
0.94,5.8419204,521.4808910451038
9.48,6.2524447,34.045941517825874
0.01,-1.1521753,11621.753072738647
678.82,639.171,5.840867901975126
0.27,30.562078,11219.288324426721
1.28,-5.1936774,505.75604885816574
0.4,1.0909642,172.74104952812195
0.09,1.6355978,1717.3309167226157
3.6,-0.19127688,105.3132466144032
0.1,2.072419,1972.4189281463623
50.73,57.948975,14.230188467129912
0.1,1.1451918,1045.1917886734007
0.12,-0.05481252,145.67710061868033
0.06,0.7489902,1148.3169635136924
2.13,6.154079,188.9238948553381
0.6,6.552337,992.0561949412029
0.0,-0.57310617,inf
0.2,0.0260984,86.95079982280731
0.23,-1.882543,918.4969425201416
0.34,-0.45862564,234.88989542512334
0.07,-0.9902898,1514.6997247423444
85.16,55.913013,34.34357273573044
119.94,166.2329,38.59671076993575
0.78,-0.7482611,195.93090949914392
67.41,-4.1973953,106.22666566489696
0.66,0.12019172,81.78913286238006
1.98,-0.9749645,149.24063128654404
57.23,-7.721378,113.49183618657845
0.02,0.3194901,1497.4505245685577
5.21,2.2192855,57.403349556071745
0.28,0.74670255,166.67948280061992
12.53,8.053258,35.72818880926012
1.32,-0.76797664,158.18004861022487
1.08,-4.159042,485.09647051493323
58.65,76.01152,29.60191029112053
12.63,24.67428,95.36247162807582
20.81,8.004884,61.53347541482788
0.17,7.7573113,4463.124320086311
2.11,8.823968,318.1975324007007
19.42,23.366234,20.320462542140017
12.8,4.412762,65.5252955853939
63.49,6.8671713,89.18385369737499
1.21,3.7609773,210.82456762140447
33.68,11.896633,64.67745502317887
6.76,15.490621,129.15119250145185
0.0,3.0111477,inf
44.0,9.087292,79.3470642783425
0.1,4.741489,4641.488933563232
0.23,6.3063936,2641.9102710226307
2.03,-1.3395575,165.98805559092557
4.33,0.7600628,82.44658628732448
0.01,-0.6394795,6494.795179367065
3.3,-2.977064,190.2140574021773
32.06,30.902212,3.611315836106258
0.89,1.6645333,87.0262087061164
0.19,3.5819232,1785.2227612545616
8.79,5.075281,42.26073784768513
0.98,23.002409,2247.1845899309433
23.0,12.737642,44.618946573008664
0.52,4.7133727,806.4178283397969
0.06,0.76318324,1171.9720602035522
1.79,-2.6189625,246.31075566041403
3.0,9.152777,205.09255727132162
4.97,16.1167,224.27966234909456
0.07,0.57188666,716.9809409550256
26.65,3.2733505,87.71725899730346
40.96,24.997215,38.97164240479469
1.64,-0.91897905,156.0353078493258
52.42,14.481593,72.37391619225669
8.36,11.146512,33.33148363104278
0.68,-3.0509055,548.6625685411341
0.66,-2.5422094,485.18324042811537
226.01,176.02177,22.11770528207062
0.01,-0.13550982,1455.0981879234314
114.38,70.37534,38.472334916284396
1.01,2.6562355,162.9936095511559
1.6,0.025839478,98.38503263890743
18.6,-2.198339,111.8190268034576
0.13,0.94806063,629.2774090400109
0.18,4.315306,2297.3923259311255
0.34,4.5386586,1234.8995938020594
32.07,7.5343795,76.50645624487282
0.03,-2.8500054,9600.017960866293
0.01,-0.8966292,9066.292142868042
50.65,19.741379,61.023931324423124
0.02,-2.1137998,10668.99905204773
6.57,3.378701,48.57380560725428
0.04,13.90539,34663.474464416504
0.17,-1.008916,693.4800119961009
5.78,5.2844825,8.572967489697946
0.02,-1.7563022,8881.511187553406
1.08,-0.3697408,134.23526055283017
17.57,2.790839,84.11588527698983
2.08,8.846842,325.3289332756629
83.55,59.00728,29.374891152145043
1.33,-1.7660121,232.78286259873468
0.22,0.28140894,27.9131526296789
2.09,1.6714293,20.02730734610671
64.67,46.05585,28.783282847276922
3.59,5.9617715,66.06605816684393
0.01,-0.025566429,355.66428899765015
4.17,1.6779915,59.76039545713283
148.42,34.26196,76.91553761223032
27.12,0.4667612,98.27890412381969
0.06,0.8126074,1254.345679283142
25.1,3.72276,85.16828700365772
0.03,-0.4573911,1624.6370434761047
0.01,0.04803744,380.37439584732056
0.01,2.8017952,27917.95244216919
0.96,10.338651,976.9427816073099
0.41,-0.8927678,317.7482407267501
0.15,1.5180327,912.0217800140381
0.06,12.336191,20460.31862894694
5.65,2.982127,47.218992013846886
0.18,-1.7443155,1069.0641694598728
0.32,1.6028544,400.8919909596443
0.84,-1.1230272,233.6937149365743
0.01,-1.3301615,13401.61452293396
0.65,0.673031,3.543226535503677
0.1,-0.66434515,764.3451452255249
0.12,2.8620422,2285.0351572036743
27.3,76.12859,178.85931664770774
1.12,3.0583518,173.06712099484034
0.04,-1.4542915,3735.728657245636
2.09,2.9496615,41.1321288660953
0.01,1.105971,10959.709787368774
10.0,3.8966954,61.03304624557495
0.29,2.5535667,780.5402393998771
0.01,-0.79600656,8060.065603256226
0.1,5.3704762,5270.476245880127
15.77,22.727957,44.12147604217239
0.7,-0.3566955,150.95650042806355
0.11,0.33176437,201.60397291183472
78.66,14.105794,82.06738627899581
0.13,-0.39297566,402.2889678294842
0.03,0.5129601,1609.8669211069744
26.82,15.531362,42.09037442246451
1.15,0.96076834,16.45492678103239
0.06,-0.795946,1426.5766700108848
21.08,9.073386,56.957371004166134
18.47,8.049087,56.42075489583245
1.55,3.6118453,133.022274509553
103.14,64.33096,37.62753234946129
0.42,-1.1194843,366.54388223375594
15.72,5.435652,65.42206247344272
1.62,-0.033801645,102.08652129879704
256.39,184.00806,28.23118817402199
0.3,4.608584,1436.1946423848472
2.28,4.442209,94.83371784812527
0.23,-0.74817264,425.2924525219461
3.0,1.7209078,42.63640642166138
0.02,-0.32903227,1745.161360502243
0.11,-0.24720415,324.7310497544029
5.57,-1.1100696,119.9294368497345
152.26,97.42573,36.013576878866225
0.32,-3.2368796,1111.5248709917068
11.12,-0.57094705,105.13441592669317
15.78,3.0954225,80.38388779257036
26.39,5.8893247,77.68349880610239
1.03,1.4291507,38.752495200888625
60.53,22.043936,63.5818011304199
116.6,100.048004,14.195536749236167
315.06,328.8442,4.37510561914298
0.01,-2.1613243,21713.242626190182
21.32,1.6137196,92.43095880601464
9.51,7.8907514,17.026799559969252
2.54,-3.2286031,227.11035923695002
14.93,25.464556,70.55964996889783
0.02,-0.1606749,903.3744990825653
0.05,-0.09139237,282.78473615646357
2.55,0.22589365,91.14142562828812
0.51,0.08692327,82.95622129066318
0.03,-0.37252554,1341.751809914907
0.96,1.7863196,86.07495973507564
0.71,1.8661972,162.84468006080306
38.36,32.74993,14.62478796806773
46.37,-1.4122881,103.04569348657546
2.78,6.467485,132.64334356184486
4.7,12.209321,159.77278770284448
0.09,-0.8565835,1051.759417851766
0.26,0.5528008,112.61568252856914
13.0,-1.5839914,112.18454929498526
1.01,-2.956196,392.6926801700403
4.23,7.920296,87.24104473213211
0.21,-0.366752,274.6438088871184
1.83,6.862268,274.98732082179333
325.1,218.84186,32.68475610268956
0.15,-1.0604872,806.9914340972899
0.31,3.0106266,871.169856286818
0.07,-0.034469932,149.24276045390536
3.9,1.8418037,52.774264873602455
27.46,1.3682393,95.01733691346793
100.46,187.85515,86.99497144677453
15.03,8.124666,45.94367123094305
76.59,22.40229,70.75037166178576
7.23,-1.5355161,121.2381209245526
0.34,4.012504,1080.148264941047
0.03,-0.34367117,1245.5705761909485
0.18,0.881127,389.5149999194675
4.5,5.4029226,20.064947340223526
0.6,0.3000199,49.99668498833974
9.07,3.6818292,59.40651362628369
29.2,58.531937,100.45183782708155
47.12,29.326468,37.762165717236655
0.76,20.682924,2621.4374040302473
18.87,31.771902,68.3725600654509
0.17,0.18198839,7.051993117612943
187.71,14.961339,92.02954611001694
0.13,-1.1392182,976.3217009030855
144.83,141.11977,2.56178537916761
0.02,-0.088555664,542.7783191204071
16.33,10.707805,34.42863025186401
5.48,1.6061946,70.68987928167748
0.26,0.6430193,147.31512253101056
75.07,37.06829,50.62169880052055
1.13,13.653244,1108.251683057937
82.23,44.134594,46.32786821887019
16.52,7.7364297,53.169311795915874
80.01,20.766413,74.04522842771485
91.44,20.2986,77.80118193004806
0.78,0.21163478,72.86733526449937
0.54,2.7048335,400.8950939884892
10.08,3.666261,63.628363514703416
6.3,-5.434158,186.25647378346278
57.14,1.8134292,96.82634015328658
0.68,3.6981409,443.8442440593943
26.0,50.720226,95.07779341477614
0.01,-1.5394186,15494.185781478882
0.06,0.7294538,1115.7563368479412
52.28,33.750725,35.44237797918809
0.2,0.9580251,379.01254892349243
60.76,51.858994,14.64945106933272
0.3,1.4963913,398.79709879557294
210.61,126.20129,40.078207912293834
49.63,11.414464,77.00087850717871
0.59,0.17027822,71.13928451376447
0.46,-1.441697,413.41239162113357
11.99,-0.79024255,106.59084697879285
5.22,56.794666,988.0204270169196
27.28,27.44427,0.6021597518249648
29.2,1.8256446,93.74779242358795
19.48,24.276339,24.621861279622728
126.63,213.48558,68.59005010213689
6.37,-1.4259037,122.3846731230827
22.24,6.959563,68.70700189535566
1.28,4.8969536,282.57449865341187
9.03,20.434753,126.2984874636628
1.29,-0.32301387,125.03983503164247
8.18,6.827746,16.53122353961823
15.32,6.8079967,55.56137891724589
12.28,-3.2357512,126.34976508174735
1.73,-1.0591367,161.22177735918518
0.54,1.2866514,138.268772761027
0.07,-0.07249007,203.55723755700245
0.0,-0.7797419,inf
0.02,-0.97764814,4988.240694999695
17.49,0.9063896,94.81766955930209
41.64,24.270117,41.71441689233844
8.67,6.162146,28.92565061751809
14.64,56.429573,285.44790340903023
11.63,6.950771,40.23412850429965
0.17,-1.179933,794.0782070159911
0.0,-0.5406569,inf
71.62,7.79718,89.11312458003177
39.4,57.087852,44.893026593978036
10.25,1.3922516,86.4170574560398
59.02,14.632512,75.20753627144978
804.75,189.7869,76.41666408798346
0.35,-3.2716537,1034.758186340332
80.24,44.836468,44.12204917382861
0.25,-2.1314406,952.5762557983398
1.73,1.3060981,24.502999796343676
2.0,2.7560775,37.8038763999939
62.13,18.87085,69.62683146728634
10.0,-5.485132,154.85132217407227
14.59,3.8799825,73.40656290975967
57.01,56.710842,0.5247463031602151
0.02,-2.11005,10650.249814987183
0.02,-1.1633967,5916.983580589294
10.44,3.8204305,63.40583795788645
15.16,-1.779138,111.73573858190652
101.22,-0.90488565,100.89397910460491
7.3,10.81478,48.14767445603462
318.41,338.73425,6.383044794349258
0.02,-0.020789951,203.94975543022156
0.01,-0.6454116,6554.116106033325
0.03,-1.7761744,6020.581420262655
0.65,0.7709129,18.601982410137467
1.27,-2.4914603,296.1779782152551
1.11,-0.28234133,125.43615596788422
0.04,-2.9447272,7461.817955970764
0.01,-0.47987399,4898.739850521088
77.7,53.79716,30.762984424330863
0.99,-1.9741858,299.41270953477033
80.25,32.780346,59.15221692617066
0.17,4.642276,2630.750476612764
26.25,7.113318,72.90164584205264
1.51,1.4221221,5.819727095547101
0.01,-0.9920014,10020.014142990112
12.61,12.640845,0.24460982368826656
0.0,-0.26420245,inf
17.49,8.620618,50.711161426437315
0.07,2.0523956,2831.9936888558523
0.01,-6.5185165,65285.16540527344
13.59,7.218676,46.88244230875292
0.41,2.9419484,617.5483936216773
0.3,0.7400919,146.6973066329956
0.15,7.736382,5057.588005065918
46.91,30.884855,34.161468193592526
0.01,-0.22092089,2309.208905696869
1.42,-1.6547989,216.53513136044356
0.95,-0.52260387,155.0109336250707
0.01,-1.2175678,12275.678014755249
0.01,1.6732944,16632.94425010681
0.0,0.5169159,inf
0.14,-1.2478517,991.3226638521465
4.57,-0.36865506,108.06685023547783
0.05,-0.18227872,464.5574450492859
11.11,10.741288,3.318738207744109
0.5,1.7794582,255.89163303375244
0.04,4.5017505,11154.37617301941
10.43,40.752716,290.7259450091383
232.91,63.46641,72.75067125045031
18.64,6.9295993,62.824038169926325
0.03,-2.089661,7065.53627649943
13.37,0.38771978,97.10007643824473
0.1,0.8789245,778.9244890213013
63.86,50.933437,20.242033593153604
0.0,8.544343,inf
0.3,2.5484457,749.4819005330405
17.61,10.606692,39.76892496224901
20.01,-0.9995445,104.99522489407609
36.66,74.66013,103.65557381837537
0.06,-0.100845665,268.07610789934796
92.82,53.35538,42.517365856536415
0.15,-0.5034698,435.6465498606364
0.42,3.0560796,627.6380062103271
7.1,15.373905,116.53387580119389
0.15,-0.5055288,437.0192050933838
0.1,1.5167748,1416.7747735977173
215.29,227.42479,5.636485405133052
0.27,1.4015375,419.0879768795437
1.93,0.38105646,80.25614208508033
117.73,85.211334,27.621392823820926
67.64,63.82072,5.646480377576255
3.5,7.115952,103.31291471208844
0.07,-6.4425635,9303.662191118512
12.21,10.335466,15.35244566021544
124.73,42.46066,65.95794193289537
0.18,-2.4032562,1435.1423210567898
9.44,9.717556,2.9402118618205497
136.03,99.692154,26.7131118645416
4.54,15.770231,247.36192173894807
0.17,-3.241732,2006.9011071149039
0.04,37.674202,94085.50491333008
0.27,-4.6547694,1823.9886743051031
0.08,-3.8241174,4880.146777629852
30.17,14.129681,53.166454645194165
144.8,204.02225,40.89934206799248
97.1,183.07022,88.53781765938788
21.9,1.8657037,91.48080501382209
83.91,73.0446,12.948872076713512
10.56,17.876066,69.28092999891801
0.05,-1.679319,3458.638048171997
0.52,2.7770677,434.0514733241154
0.06,-0.8422836,1503.8060108820598
0.17,2.8485672,1575.6277925827924
0.03,0.051279694,70.93231280644736
0.02,-0.39332852,2066.642588376999
0.07,0.5244833,649.2618901388985
0.98,-0.10563788,110.77937532444389
100.49,144.82658,44.120393932037715
47.54,9.518716,79.9774592796393
0.18,-3.7777426,2198.745902379354
0.0,0.10119882,inf
0.61,-1.4103464,331.2043260355465
0.98,-1.9911255,303.176067799938
1.2,0.8564831,28.62640817960103
0.06,3.7182596,6097.099288304647
0.06,1.0503002,1650.5004008611045
1.22,2.700568,121.35802956878162
7.63,1.156844,84.83821730157494
25.0,2.9599292,88.16028308868408
2.02,-2.058098,201.88604345416076
81.9,31.12028,62.00210096198561
0.09,4.1611834,4523.537063598633
22.59,8.6938505,61.51460594390018
119.65,177.18372,48.08501113273087
37.6,4.26241,88.6638027556399
0.0,1.688521,inf
57.74,15.432929,73.27168507273733
1.36,0.037892967,97.21375239246031
30.62,7.2096324,76.45449903103201
11.7,6.189477,47.0984874627529
0.36,0.53650916,49.03032117419773
2.27,4.167396,83.58572989308361
0.42,2.153627,412.7683139982678
35.42,33.040016,6.719321924572545
20.31,13.127454,35.364579990073295
0.01,-0.9807676,9907.676076889038
0.07,-1.1502804,1743.2576520102364
8.79,2.951082,66.42682603872947
0.59,2.5106618,325.5359051591259
0.3,-0.8955091,398.503041267395
0.16,-4.337958,2811.2236618995667
0.3,-1.3287805,542.92684396108
22.11,49.735565,124.94602073969641
19.73,3.8303468,80.5861793069506
6.56,63.24133,864.0446523340737
181.03,242.8393,34.143122373967714
7.56,-0.61920345,108.19052180285175
0.0,1.5082594,inf
40.1,30.471235,24.01188210656221
3.5,13.710025,291.71499524797713
1.04,-0.094151825,109.05306006853397
0.07,-0.7663382,1194.7688988276889
0.01,4.405396,43953.95984649658
0.28,-1.8730897,768.9605968339102
0.56,-1.773435,416.684820822307
1.51,3.3804643,123.87180896784297
13.35,3.0180757,77.39269135150124
6.8,-0.31343135,104.6092845937785
224.54,119.610794,46.730741040624025
25.21,4.0479684,83.94300520585577
42.78,66.88322,56.342255394834396
31.6,75.83509,139.9844640417944
10.0,16.482077,64.82076644897461
4.54,1.3900744,69.38162175569241
1.04,2.0928779,101.23825623438908
0.09,1.909146,2021.2732791900635
28.56,9.468613,66.84659428957129
1.96,5.4748073,179.32690114391093
0.34,-0.17663988,151.9529072677388
102.92,45.692635,55.60373631702338
46.2,5.9406395,87.14147295270648
3.1,4.7692676,53.847340614564956
1.94,3.5017657,80.50338804107352
3.56,3.9894583,12.06343602598383
10.69,12.73381,19.118900138491004
57.76,59.218174,2.524539440292404
56.36,176.87518,213.8310559004059
25.34,50.84901,100.66697106365153
14.9,52.965446,255.47279511522126
0.0,0.07092872,inf
0.45,0.34393278,23.57049385706584
0.01,-1.469817,14798.17042350769
31.13,3.9838214,87.2026296432402
0.09,0.5444981,504.9978733062744
0.52,-0.5464537,205.08725276360144
10.21,9.21882,9.707937137854096
52.36,31.075945,40.64945588137377
4.61,2.721368,40.96815456795848
4.87,4.2180185,13.387709819315887
4.36,5.1784654,18.77214143035608
57.39,113.71394,98.14243506089095
1.5,3.2743957,118.29304695129395
0.08,1.8452688,2206.586056947708
6.22,2.0765684,66.6146565096938
0.09,-0.56350434,726.1159314049615
0.0,-0.5926937,inf
0.31,2.0191758,551.3470219027612
0.01,-2.232148,22421.47932052612
0.12,4.9579215,4031.6012541453047
0.06,-0.3530515,688.4191890557607
0.93,2.3516653,152.8672320868379
0.02,27.214159,135970.7950592041
0.42,5.594008,1231.9066592625209
0.54,1.0466925,93.83194269957364
0.17,7.0596824,4052.7543348424574
20.5,41.599445,102.924123624476
0.04,-0.5918735,1579.6838164329529
17.13,3.7167728,78.3025522783216
257.76,183.15622,28.94311782960045
0.0,-3.240657,inf
0.46,-5.6546273,1329.2668093805728
1.99,40.322018,1926.2320437023986
0.14,-1.1368297,912.0212384632656
0.03,-0.19116768,737.2256080309551
1.48,41.77074,2722.347331691433
1.17,6.188917,428.9672786354
3.64,-2.618457,171.93563403664055
37.24,40.03172,7.49656070828053
1.5,-1.014129,167.60860284169516
6.33,2.8680706,54.6908277659243
52.7,116.28252,120.64993639372331
0.63,2.066693,228.0465186588348
14.34,5.0926666,64.48628573238102
1.23,0.7246429,41.085945299970426
17.74,66.75102,276.2740830826787
4.14,15.426691,272.6253878091269
0.0,0.014604241,inf
0.02,-1.0920051,5560.025668144226
155.06,145.76938,5.9916299096418335
2.51,-2.1526659,185.76357982073174
0.36,0.7669245,113.03458346260919
1.92,-0.3465992,118.05204122016828
0.0,0.5346757,inf
35.15,59.223988,68.48929610055677
4.87,1.4853455,69.50009275510816
55.68,52.157753,6.3258746574664935
1.04,-0.5580524,153.65888659770673
7.15,4.9647493,30.562946346256286
34.1,3.4339502,89.92976485109749
0.06,0.67831767,1030.5294434229531
69.03,39.43582,42.87147394871342
0.2,1.3155466,557.7733159065247
2.44,-2.883815,218.18914139857057
8.88,2.6985884,69.61049131444983
0.04,4.6958756,11639.689111709595
7.53,7.5137653,0.21559979969445467
0.01,-1.1667007,11767.007207870483
0.2,3.3898396,1594.9198246002197
0.59,2.817413,377.52764265416033
17.34,6.9511333,59.91272634838417
1.27,0.08883634,93.00501243335994
16.81,6.678112,60.2729801901886
0.62,2.850907,359.8237237622661
0.41,0.9088894,121.68034460486436
105.26,57.619938,45.25941678061133
0.0,-0.8934339,inf
72.08,64.321754,10.763381720912308
2.74,-0.025601238,100.93435175227422
31.16,15.666296,49.72305518212765
0.06,-2.1866357,3744.3928877512617
2.22,5.5546565,150.20975250381605
17.55,1.907746,89.12965266453234
4.13,9.486502,129.69737757204808
7.22,-4.9692106,168.82563192098095
33.88,2.0480673,93.95493703862431
0.14,2.2656791,1518.3422292981827
0.01,-0.5855564,5955.5638790130615
3.64,3.7146862,2.0518174538245533
0.04,3.3845892,8361.472988128662
0.89,-1.4698709,265.1540365111962
260.04,288.75974,11.044352833187915
0.47,1.159331,146.66616257200852
0.65,8.628039,1227.3906707763672
35.42,20.67099,41.640344465741464
2.28,1.3345114,41.46879827767088
0.29,7.336659,2429.8823981449523
0.0,-0.7279295,inf
218.97,212.53271,2.9398023273736125
1.26,14.297986,1034.7607960776677
16.0,8.24634,48.460376262664795
184.21,171.3842,6.962596466095935
21.41,8.756946,59.09880611841949
9.2,3.139527,65.87470562561698
65.18,26.727142,58.99487214792211
24.4,4.1996155,82.78846115362448
20.22,3.6814568,81.79299305501725
0.64,-0.26069292,140.7332694157958
95.17,36.494286,61.65358244877998
9.02,-0.4624742,105.12720839411615
1.48,-0.15960345,110.78401667040748
0.04,5.0346017,12486.504220962524
0.0,-3.8684542,inf
27.44,12.231934,55.4229825300656
155.19,100.93705,34.95905028305776
0.77,-0.26681384,134.6511486288789
7.66,7.2375093,5.515545030798055
11.28,6.648441,41.05992165017635
1.33,-1.03066,177.49323558090325
0.76,3.489443,359.137245228416
6.01,8.924863,48.50021400388188
20.24,53.18513,162.77238672429868
0.07,0.344165,391.66428191321233
10.65,5.087813,52.2271089150872
10.49,2.357659,77.52469874655667
102.83,86.624084,15.759910072297723
57.17,47.765934,16.449302098165973
29.79,7.94738,73.32198702276614
0.0,0.5662018,inf
43.22,99.70014,130.68056896515105
14.17,9.008068,36.42859502669868
2.52,-2.0797207,182.52860061706056
0.63,3.0067942,377.26892289661225
0.59,0.64192736,8.80124770988853
17.37,-2.6151707,115.05567482578802
5.78,5.993398,3.6920101997349044
0.02,-4.308188,21640.939807891842
103.37,79.81987,22.782364327060865
0.09,1.9275123,2041.6803201039634
20.26,6.481746,68.00717573175308
103.74,73.20478,29.43437383977898
45.0,13.475844,70.05367914835612
0.04,-0.563784,1509.4600081443787
0.08,-1.0987047,1473.380869626999
1.77,12.603503,612.0623292222534
0.01,5.8152523,58052.523040771484
3.61,10.694838,196.25588837092604
0.04,0.21343294,433.58234465122223
0.0,-3.1198456,inf
6.58,5.092622,22.604531864989493
13.0,-3.3321974,125.63228790576642
0.0,0.7650517,inf
1.51,0.69011986,54.29669784394321
55.48,40.732807,26.581097405508597
14.69,-0.7524861,105.12243777898966
0.04,0.03361097,15.972575545310976
1.26,10.341875,720.7837362138051
16.09,-3.3153832,120.60524049643925
16.34,0.20665088,98.73530671383497
0.33,4.057655,1129.592381101666
104.01,10.134566,90.25616161227971
6.16,1.8561388,69.86787621077005
43.89,14.13585,67.79254966348199
0.29,-3.2646134,1225.72875516168
96.85,16.531588,82.93073040711614
1.23,-0.3064569,124.9151946083317
33.4,16.137722,51.68346701981778
0.1,3.5730565,3473.05645942688
8.66,2.6255262,69.68214561427162
63.5,25.006193,60.620168250376786
1.82,1.1648095,35.99947992261949
0.01,-0.4651936,4751.935994625092
0.09,34.89683,38674.25723605685
6.62,1.1321455,82.8981038666924
0.38,1.8816315,395.16618251800537
17.6,15.564942,11.562827500430027
19.07,3.514616,81.5699212764906
37.12,37.690746,1.5375708711558445
0.5,7.771208,1454.2415618896484
6.78,-1.099893,116.22261023451092
2.39,-2.8193104,217.96277936033624
1.91,-1.0391868,154.40768771146605
22.36,15.001822,32.90777069937991
0.81,-1.3112527,261.88305101276916
4.2,1.5943991,62.03811679567609
4.72,5.2506185,11.241916478690461
0.52,-0.541901,204.21172930644107
22.47,12.291955,45.29615044859074
16.13,3.25332,79.83062629439561
0.03,-0.46619114,1653.9704759915671
33.69,6.2465096,81.45886152566948
0.05,0.22999898,359.9979519844055
13.57,6.768929,50.118430326682464
3.45,0.3993546,88.42450414878734
0.06,-0.17066225,384.4370901584625
319.25,288.84033,9.52534627055599
0.0,-0.23862156,inf
7.7,-1.1922964,115.48436864629967
0.32,-0.5689243,277.7888461947441
16.9,1.5315272,90.9377091029692
114.77,81.84686,28.68618733731049
3.5,-7.6998734,319.99638421194896
25.12,7.1774955,71.42716767681632
1.09,3.1880386,192.48060436423765
1.67,1.6223136,2.85547193652855
0.46,2.4043458,422.68385887145996
0.01,-7.2747006,72847.0064163208
0.4,2.0137312,403.4328103065491
0.16,-4.187097,2716.935670375824
0.01,2.9970443,29870.44324874878
2.59,1.6672994,35.62550618381574
47.95,16.219742,66.17363540919904
0.01,-3.263354,32733.540630340576
0.87,2.0675266,137.64673320726416
0.25,-0.667251,366.9003963470459
53.36,51.7956,2.931782437943625
20.52,2.6407874,87.13066587206448
3.13,-1.1818985,137.76033465473796
5.82,0.13891712,97.61310793280191
100.32,56.181778,43.99743026903751
0.37,0.15562502,57.93918500075469
30.06,29.820469,0.7968433047641653
20.67,-3.2630498,115.78640464889754
0.04,0.9462904,2265.7259345054626
75.59,-0.16096935,100.21295058441818
105.26,27.201189,74.15809515377381
0.37,3.495609,844.7592013591045
33.68,22.948042,31.86448362264384
0.29,5.831179,1910.751428275273
20.25,4.694453,76.81751722170983
0.0,-2.2346385,inf
83.02,16.833866,79.72311958638309
1.5,-2.1512425,243.416166305542
5.72,6.3854527,11.633789289247746
0.06,-1.3057436,2276.2392918268843
0.1,41.010735,40910.73455810547
0.08,0.40523353,406.5419152379036
2.6,-1.1492959,144.20368946515597
0.03,0.46328273,1444.2757805188498
0.5,1.4427725,188.5545015335083
0.55,-0.42394575,177.0810463211753
0.48,0.25275865,47.34194750587146
0.94,1.6619328,76.80136447257185
43.44,49.449123,13.8331569580303
81.2,127.26645,56.73208001799184
17.66,7.4637847,57.73621350695566
0.32,0.10242954,67.99076907336712
0.23,-3.3909647,1574.3324984674869
49.28,155.51195,215.56807555161512
0.01,15.937141,159271.4141845703
0.0,0.6083256,inf
0.21,2.615606,1145.526699792771
110.5,106.79363,3.354178726403422
2.62,1.8932844,27.737235112954647
0.0,-4.573198,inf
26.44,10.544166,60.120402377961085
18.34,110.20108,500.87830055760975
33.52,109.793915,227.5474785051368
0.35,2.1978881,527.9680388314383
0.75,2.4047391,220.63188552856445
3.0,-2.2611868,175.37289460500082
2.19,2.1641624,1.1797992061806573
5.88,21.669565,268.53002042186506
0.23,9.798403,4160.175124458645
4.84,4.235798,12.483514833056235
5.66,0.9010464,84.08045237982653
0.0,4.6450486,inf
0.87,0.538499,38.1035634841042
0.02,-1.0965694,5582.847094535828
0.26,0.6836735,162.95134654411902
0.0,6.1406846,inf
13.76,19.367207,40.75004777242971
57.36,51.704536,9.859594773381657
2.85,7.8671026,176.03868852581897
8.19,1.0899588,86.69158990275439
1.58,0.21756425,86.23011044309109
31.95,-0.035746217,100.11188174264159
13.92,9.115094,34.518001545434714
57.92,3.4010105,94.1280895833811
0.01,-0.6513783,6613.782739639282
0.99,-2.6781766,370.5228930771953
1.03,2.1942508,113.03406039487967
8.1,12.094085,49.309688144259994
13.74,0.56264126,95.9050854220661
1.55,15.76448,917.0632023965159
33.05,53.69978,62.480422119509996
23.0,62.699173,172.60509988536006
67.27,43.638542,35.129266871870115
0.07,2.013098,2775.8542878287176
15.28,2.7583935,81.94768634766184
143.01,84.69709,40.77540721003721
0.01,-0.17385754,1838.5753989219666
0.02,-0.8073126,4136.563038825989
1.58,2.985722,88.96975094759011
5.59,1.6769739,70.00046620855179
28.33,11.55035,59.229261598273965
0.0,-1.3636421,inf
0.7,0.57453954,17.922922543116975
35.9,9.368889,73.90281655994299
93.43,28.56747,69.42366418651707
22.25,-3.3693416,115.14310836791992
2.54,-1.2476829,149.1213751590158
127.81,117.79455,7.836203712801841
0.0,-3.4574225,inf
2.4,44.314213,1746.4255332946777
0.79,0.38176218,51.675673828849305
23.3,17.23745,26.01952941632578
92.98,39.545795,57.46849275040457
104.96,23.490326,77.61973520604575
0.75,0.5738207,23.490571975708008
51.27,87.6373,70.9329014706151
0.11,-0.97317636,984.7057819366456
5.22,4.6769395,10.403458094688206
0.15,-0.26098475,273.98983240127563
0.56,9.221892,1546.766492298671
0.0,-0.73994005,inf
36.67,36.322235,0.9483634921683302
14.12,57.04837,304.02528584510003
0.51,3.7430632,633.933963027655
0.26,25.110012,9557.696944016676
9.65,10.860396,12.542967722205915
110.21,36.42319,66.95110146941599
22.19,3.8259714,82.75812814342058
3.42,4.3602767,27.493470732928717
241.44,36.535995,84.86746376598806
77.87,92.56382,18.86968008893528
0.28,-5.805804,2173.5013484954834
33.47,6.1740026,81.5536222067526
12.7,8.30581,34.599921459288105
0.73,-1.8201426,349.3346064058069
1.06,0.43437162,59.02154524371309
0.02,0.3935298,1867.6490128040314
0.53,3.833081,623.2228315101479
0.42,0.26411644,37.11513422784351
1.36,0.50503314,62.865210631314454
14.38,9.407348,34.58033602824629
3.72,3.8144004,2.5376460885488803
0.81,1.2620589,55.80973507445534
143.5,132.40218,7.733675328696647
1.29,8.602177,566.8354004852531
0.13,-2.3008053,1869.850254058838
5.72,0.8881444,84.47300045640318
0.01,-0.3218387,3318.3870673179626
76.23,18.551527,75.6637452140687
0.03,-0.08662352,388.74506553014123
26.71,5.7398376,78.51052921570806
0.01,1.8546711,18446.711206436157
43.89,25.036604,42.95601748094713
0.8,2.4291723,203.6465346813202
20.71,10.710887,48.28156950622294
0.09,-0.20389685,326.5520559416877
0.22,-1.3467463,712.1574206785722
0.03,0.3663551,1121.1836377779643
0.19,0.52419436,175.89176830492522
217.33,147.86792,31.961569998677128
16.78,2.4314911,85.50958798241416
0.07,3.123964,4362.805816105433
0.08,1.5441252,1830.1564991474152
0.2,2.0900679,945.0339317321777
8.28,8.222951,0.6889983651718579
60.05,43.12801,28.179833811586047
50.75,76.14349,50.0364406942734
18.75,4.4695497,76.1624018351237
0.28,4.784188,1608.6384977613175
0.11,-1.7537426,1694.3114324049516
50.02,18.586958,62.84094775785975
0.37,0.6496602,75.58384586024928
0.1,0.20988694,109.88693833351135
0.12,1.052714,777.2616585095724
49.82,33.084717,33.591495791097955
21.41,29.273787,36.729502778140144
70.98,19.067413,73.13692120304574
148.1,109.469604,26.083994265909855
1.56,24.756023,1486.924577370668
16.1,14.53039,9.749131765424844
0.46,-1.3159302,386.07179289278776
13.02,3.8900096,70.12281381223242
1.67,1.7230555,3.1769749647129126
0.15,0.11354986,24.300094445546467
0.01,7.7405005,77305.00450134277
0.22,-0.06790289,130.8649512854489
0.22,0.43350378,97.04717126759616
135.65,150.50677,10.952285221042201
23.37,6.087298,73.95251212489364
18.59,8.162152,56.09385535048823
4.24,2.143809,49.43846509141743
1.0,12.043372,1104.337215423584
274.09,78.92352,71.20525267276487
14.87,19.944115,34.12316533327905
0.01,-1.036508,10465.079641342163
6.32,6.0292306,4.600781730458711
3.9,72.78009,1766.1561623597754
1.85,-0.37758097,120.40978219058061
154.06,160.4735,4.162985514344045
0.02,0.2587277,1193.6384975910187
0.01,-2.0628426,20728.426074981686
0.02,-0.19842657,1092.1328723430634
3.28,2.7709758,15.51902962893974
0.13,-0.990311,861.7777127486007
52.9,75.35716,42.452102978423326
0.04,0.2829024,607.2559744119644
12.3,1.9910952,83.81223426601751
0.63,-0.2070845,132.8705566270011
0.01,-0.19881853,2088.1853461265564
2.33,0.3930489,83.13094797052538
10.01,2.0020092,79.99990855778132
0.15,-0.34181938,327.8795838356018
4.37,2.1075594,51.772095136838864
102.56,151.17906,47.405481561669696
2.26,0.7439505,67.08183689455015
1.5,2.6420438,76.13625526428223
0.7,1.6023041,128.9005858557565
0.18,13.25345,7263.027996487088
1.01,8.881153,779.322089771233
0.01,-1.2840108,12940.107679367065
0.55,-4.6119704,938.5400772094725
0.18,0.9152361,408.4645085864597
0.07,-0.27431235,491.8747816767011
0.22,-0.635569,388.89498927376485
8.72,11.036798,26.568778939203376
1.88,18.748184,897.2438406437002
186.85,109.093445,41.614426104244714
39.85,-9.0648365,122.74739398262282
83.08,79.105576,4.783852236972269
2.5,18.51713,640.6851959228516
36.66,57.958508,58.09740190355102
75.66,97.0309,28.245967549367656
56.12,12.3809805,77.93838116244088
0.03,-2.1583722,7294.573879241942
1.26,0.9638058,23.507476609850688
81.61,35.107258,56.9816715561603
0.01,0.6262108,6162.108087539673
3.97,3.3978956,14.410690816884081
0.01,1.1400596,11300.595903396606
23.07,-0.6848482,102.96856605701753
10.77,1.8320457,82.98936235539429
2.06,-0.43187365,120.96474026013347
41.2,2.695611,93.45725485422079
15.16,-6.3214903,141.6984847478942
0.01,-2.2990363,23090.362644195553
1.0,7.686884,668.6883926391602
0.08,-1.020604,1375.7550179958344
12.55,8.496312,32.30030166200433
0.01,-1.9279679,19379.6790599823
59.85,106.077126,77.23830501138914
0.03,2.9298885,9666.294956207275
3.45,25.555798,640.7477558522984
0.01,0.78416216,7741.62163734436
2.85,1.4152727,50.341308326051944
0.29,-0.046753734,116.12197736213948
23.2,4.48056,80.68724212975337
25.58,9.8082285,61.65665170939477
229.02,334.27682,45.959665073431076
12.83,9.482363,26.092262297799042
7.5,4.1935124,44.086500803629555
6.14,6.7117157,9.311330590263646
10.0,6.4622946,35.37705421447754
0.43,-3.2337053,852.024484235187
40.9,22.875942,44.06860090409631
0.02,27.646616,138133.07991027832
13.84,32.419243,134.24308424051097
7.0,-1.8298672,126.14096062523979
0.25,0.9630867,285.2346897125244
7.68,9.647721,25.621370971202854
3.92,22.31997,469.3869688072983
0.04,-3.1981404,8095.350956916809
15.7,6.6842923,57.424889704224405
0.02,-1.811737,9158.684706687927
50.47,1.6433269,96.74395308391586
20.2,10.566784,47.68918858896387
0.77,-2.431133,415.73156257728476
22.26,7.83633,64.79636146908715
0.75,6.792561,805.6748072306315
1.16,-2.4803116,313.81996828934246
73.12,20.155798,72.4346308009108
33.58,18.445421,45.0702167395114
2.27,-1.7381157,176.5689721716658
3.09,-2.4599626,179.6104403375422
1.03,3.844298,273.23280445580343
0.44,17.983984,3987.269089438698
35.37,11.875135,66.42596714234398
70.0,4.472165,93.61119270324707
21.78,2.0624325,90.53061282120241
16.32,1.5547186,90.47353790671218
0.03,-0.06780991,326.0330319404602
184.3,122.91247,33.308481846693994
1.26,0.12629762,89.97637913340614
8.49,3.3891053,60.081209423123596
0.32,-1.276122,498.78811687231064
155.02,110.30576,28.844172852129468
3.82,8.205627,114.80700108393324
7.0,2.1036258,69.94820322309222
154.7,200.54657,29.635791741576448
23.24,24.018993,3.3519508506262845
25.41,4.637472,81.74942088661959
0.02,40.311287,201456.43463134763
0.17,0.011787564,93.06613908094519
12.35,1.7185918,86.0842768479938
0.0,-0.25885233,inf
0.76,0.46078077,39.37095137018906
1.19,1.9438959,63.35259966489648
38.96,47.763382,22.59594958420896
0.25,2.260309,804.123592376709
2.29,9.395793,310.296635856795
1.03,0.47521558,53.86256465634096
20.02,-0.22830757,101.1403974774596
0.24,9.220678,3741.9493039449058
17.74,11.456115,35.42212644316835
198.68,7.2287664,96.36160336151337
1.33,6.6672387,401.2961437827662
25.94,9.907353,61.806656124964995
0.11,6.5758767,5878.069738908248
1.83,10.808601,490.6339551581711
18.85,6.5031,65.50079618904256
0.62,1.4773217,138.27770063954014
0.11,5.9103293,5273.026674444025
22.53,34.940247,55.083207199428536
5.97,8.285547,38.786386205523065
30.0,6.562884,78.12372048695882
248.16,287.87064,16.00202933040302
38.04,42.796783,12.504688347175673
26.5,-0.1285027,100.48491583680207
3.76,20.712732,450.8705402942415
1.04,2.3830192,129.13646239500778
0.47,3.5329688,651.6954807524986
12.8,-1.6508116,112.89696525782347
82.39,38.11479,53.7385703724758
7.83,2.4043496,69.29310899736933
10.49,3.7157896,64.57779259768068
0.12,-0.5406469,550.5390922228496
0.34,-0.21429,163.02646854344536
0.24,1.7181746,615.9060736497244
251.51,195.37387,22.319641028345043
0.26,-7.009731,2796.0503138028657
7.26,40.895153,463.29411908614736
0.03,2.668671,8795.569642384848
5.45,1.1081091,79.66772263203192
0.02,0.31896272,1494.8136150836945
0.12,3.13015,2508.458399772644
5.9,9.017631,52.84119622182037
0.49,-0.4169868,185.09934556727507
89.76,103.27052,15.051830516141997
86.89,78.34421,9.835184988293388
0.45,-6.660087,1580.0193574693467
8.28,10.356457,25.07798015207485
0.06,-0.123839706,306.3995103041331
7.06,18.548752,162.73019590729024
7.75,3.728811,51.886309346845074
70.28,35.14957,49.98638237750727
0.03,-0.18830904,727.6968121528625
31.11,96.18428,209.17480037128837
1.26,-0.8450874,167.07042928725951
15.5,12.114052,21.84482697517641
0.01,-1.8682851,18782.85059928894
0.16,4.934582,2984.113895893097
13.25,2.3124087,82.54785897596827
1.26,2.2758067,80.61957662067717
2.61,1.3349797,48.85135427745366
8.33,-1.742195,120.91470600462475
1.07,-0.051154464,104.78079107320197
44.13,12.019646,72.76309610034451
6.97,1.7864038,74.3701036554498
30.16,26.527174,12.045179058449337
0.34,-2.0025032,688.9715166652903
0.06,-2.145038,3675.0631491343183
0.02,-0.33556685,1777.8342425823212
52.33,28.031458,46.433292755587665
2.24,4.547461,103.01165325301032
40.04,2.6368415,93.41448167940001
44.81,0.88808596,98.01810765154684
0.85,-0.091717094,110.79024637446685
0.01,0.2671744,2571.743929386139
56.51,14.700478,73.98605981224976
32.87,130.94623,298.37611203937865
0.09,5.5557494,6073.0549070570205
3.57,81.1917,2174.2774172657346
426.83,348.58344,18.332020931379294
0.05,-1.8972315,3894.4629192352295
0.34,0.7458378,119.36406107509836
0.02,-2.9592092,14896.046018600464
25.5,1.8079125,92.91014718074425
40.95,166.96826,307.7369028540903
1.05,-1.4005793,233.38850793384367
292.0,129.7347,55.5703097826814
0.41,0.45707527,11.48177269028455
13.35,-1.6633241,112.45935668659568
0.03,-0.03550467,218.3488965034485
18.5,5.5816216,69.82907217902107
0.57,-3.0594165,636.7397425467508
4.03,-1.1428117,128.35760932998087
1.32,12.173164,822.2094217936198
37.13,10.779838,70.96731050811366
21.57,-4.529554,120.99932262507312
0.06,0.45936552,665.6091948350271
36.6,81.13512,121.68064638565146
0.02,-1.4054693,7127.34649181366
0.02,0.9557247,4678.623580932617
0.5,-0.93785894,287.5717878341675
1.15,-2.400923,308.77591423366385
10.56,9.354291,11.417699221408734
3.35,-10.011402,398.84782477990905
22.0,4.4416223,79.8108079216697
0.0,5.5277157,inf
12.6,1.2037212,90.44665741542029
0.3,1.6444384,448.14612865448
0.73,0.038876206,94.67449237222542
6.53,-1.7662281,127.04790321279997
4.53,2.045949,54.83556330598743
0.05,-0.23188671,563.7734293937683
0.14,37.136127,26425.805337088445
51.8,49.302174,4.822058659262633
0.72,-2.779853,486.09070910347833
0.08,-0.47483715,693.5464426875113
46.46,60.680424,30.607885786853778
4.6,-3.3557093,172.95020248578945
30.11,71.72505,138.21006934534313
4.04,48.160458,1092.0905349278214
0.17,2.0694823,1117.342545004452
3.27,-0.79805315,124.40529496662477
0.32,2.477227,674.1334289312364
13.83,1.6148645,88.32346732773301
0.01,-0.91758716,9275.87161064148
0.0,-3.3340566,inf
0.03,0.2672564,790.8546964327495
134.03,162.76868,21.441973258085877
0.0,2.9977856,inf
0.01,-3.140714,31507.13930130005
47.92,63.825764,33.19232826041856
25.22,2.0663383,91.80674741988518
2.44,0.47538963,80.51681845891672
0.02,2.4704196,12252.098226547241
4.35,4.7318425,8.777988916155945
0.05,-1.9426931,3985.3862285614014
0.17,14.435088,8391.228328031651
0.02,1.9058241,9429.120326042175
0.9,-1.6581587,284.2398511038886
2.68,3.1949735,19.215427939571544
0.04,1.2742487,3085.6217980384827
9.05,1.7674338,80.47034516518947
0.01,-0.20816454,2181.645429134369
0.18,-1.028818,671.5655618243748
24.81,7.68645,69.0187424241127
2.49,2.159795,13.261243138447352
0.15,-0.36537394,343.58262618382776
51.85,39.77921,23.280213814922107
8.44,7.512102,10.99405062707114
0.08,1.1206971,1300.8714258670807
2.97,-1.4678949,149.4240711032341
27.78,47.718403,71.77250850449542
213.77,155.57127,27.2249268822983
188.76,211.1455,11.859235300758078
0.11,-1.2356919,1223.356277292425
0.02,-0.34568724,1828.4362018108368
0.14,0.070759445,49.4575389793941
7.46,0.5367693,92.8047014625079
94.21,2.446815,97.40280754284525
0.41,1.8057696,340.43160066372013
1.8,13.826208,668.122673034668
59.89,61.09763,2.0164126684240107
4.01,2.0721774,48.32475286469495
40.69,122.080986,200.02699931911826
0.4,7.344521,1736.1302614212036
8.12,12.796077,57.587152396516856
0.01,-0.3453754,3553.753888607025
23.36,19.470922,16.648448330082303
8.91,-1.6927203,118.9979830976287
0.15,2.3466976,1464.465045928955
3.48,-1.8917059,154.359364098516
17.5,9.628489,44.98006548200335
3.6,1.3131745,63.522930939992264
30.31,15.467583,48.96871427701511
0.64,2.5990584,306.10287338495255
6.11,2.6525166,56.58728963224471
0.5,8.869567,1673.9133834838867
0.02,-2.4229953,12214.976644515991
0.14,2.2790306,1527.8789724622452
0.92,6.8019605,639.3435291621996
0.02,-0.26029906,1401.4952838420868
0.05,-1.1115288,2323.057508468628
3.11,5.4844446,76.34870155064623
65.45,39.715714,39.31900152639181
0.85,1.8647047,119.37702683841479
9.37,6.284309,32.93160181035354
54.77,29.529638,46.08428283657975
0.01,3.6013753,35913.75341415405
1.52,6.3386455,317.01614856719976
35.01,37.585686,7.357000085634022
0.02,4.5925717,22862.858676910404
0.01,-0.42629465,4362.946546077728
0.09,1.069944,1088.8266934288872
3.47,-3.0150087,186.8878584430266
0.37,0.81728137,120.88685551205197
0.06,-2.5322697,4320.449527104696
0.15,-0.5695356,479.69040870666504
0.27,-1.894071,801.507771456683
15.35,6.317027,58.8467290424757
0.04,6.1445694,15261.42349243164
7.6,2.8947322,61.91141793602391
35.62,4.3134284,87.89043121295052
0.59,-4.7657075,907.7470326827745
0.18,0.414529,130.29388652907477
66.67,74.21074,11.310543176454456
14.92,8.547647,42.71013755900611
0.05,-0.39618906,892.3781275749207
10.41,11.017988,5.840424639347306
67.54,34.29822,49.217912958047435
151.04,269.0191,78.11116525682353
0.09,-2.0918715,2424.301666683621
4.12,1.24396,69.80679556004051
21.0,1.2248534,94.16736477897281
0.42,5.4499354,1197.6036752973284
0.25,0.2021114,19.155442714691162
2.03,-0.2606338,112.83910327357025
11.51,-1.5796007,113.72372451603258
7.41,2.436127,67.12379288255123
15.26,8.527128,44.121047053705816
46.04,15.7771015,65.73175170129532
13.63,9.515345,30.18822729456364
3.95,-1.3892068,135.16979157170164
13.29,23.901896,79.84872477856501
8.82,22.47121,154.77562902195382
67.82,128.78966,89.89922971508913
0.08,0.43734708,446.6838553547859
23.56,29.287336,24.309577035175323
65.54,50.11108,23.541226472874992
317.58,162.60083,48.800040909967564
0.28,3.484142,1144.3364518029348
130.16,28.971056,77.74196682199057
0.01,0.5409013,5309.013032913208
19.28,2.7820227,85.57042160469466
68.52,79.657845,16.254881120048214
141.34,38.359646,72.86002133613566
0.11,-3.164817,2977.1064498207784
0.02,-2.5022032,12611.016130447388
0.01,-1.7806143,17906.142568588257
10.66,1.5349327,85.60100626095598
6.12,4.4419694,27.418800740460163
0.02,0.1483356,641.6780292987825
32.12,29.094923,9.418047884778389
0.02,-0.9631809,4915.904498100281
0.08,0.57545435,619.3179428577423
17.13,1.0462519,93.89228316962337
20.05,4.881156,75.65508245529973
37.92,5.059443,86.65758703328386
1.6,-0.8837174,155.23233860731125
103.07,46.601997,54.78607026730543
211.59,35.61397,83.1684050710312
0.45,7.482659,1562.8130806816948
0.03,1.6298157,5332.718992233276
48.48,28.931534,40.322743784082995
0.09,1.3044583,1349.3980672624375
16.07,31.713116,97.34359484840492
2.83,24.10018,751.5964548495127
6.86,28.303604,312.5889814282298
71.52,22.690157,68.27438907068581
858.37,432.23358,49.644840623161485
107.53,66.02689,38.59676963105863
0.05,26.058865,52017.72918701172
0.56,-2.5566256,556.5402865409851
9.5,-3.1348364,132.9982782665052
0.01,-3.206896,32168.960666656494
31.05,40.1553,29.324638133271684
0.01,-1.3500265,13600.264883041382
5.71,1.4015478,75.45450456088145
15.94,5.380494,66.2453317582383
108.77,27.5615,74.66075154057515
0.46,-1.4984769,425.7558397624803
0.01,0.22367063,2136.7063164711
137.69,247.84662,80.00335438473655
0.0,-2.8298028,inf
8.92,-1.0942854,112.26777319416337
1.61,4.834146,200.25751694389007
125.32,138.00943,10.125622352091153
0.11,0.50194705,356.3154957511208
0.04,2.131575,5228.937768936157
1.83,2.5921395,41.64696625673054
20.99,39.654877,88.92270942822476
0.23,-2.5248864,1197.7766824805217
169.71,90.99489,46.38212933494546
0.2,0.8829442,341.4721131324768
13.15,11.559691,12.093601299329404
2.73,6.1505466,125.29474544874478
0.17,1.5668608,821.6828206006218
6.17,3.7233844,39.65341360874269
24.7,18.988974,23.121564301401975
1.02,3.1169202,205.58041497772814
30.21,16.852657,44.21497081060829
61.28,19.481035,68.20979890250662
4.57,-1.7268187,137.78596675630732
0.76,1.7778045,133.9216439347518
1.13,14.605551,1192.5266164593993
1.02,2.7227676,166.9379991643569
3.14,3.422128,8.984966946255625
0.13,-4.0570073,3220.7748559805063
0.57,6.345437,1013.2345701518813
126.53,50.27969,60.262633534483236
57.11,122.55769,114.59935822350782
13.35,2.0224025,84.85091741611895
1.1,-1.0847524,198.6138582229614
46.84,52.57329,12.24016178173452
0.37,-2.396979,747.832187446388
22.77,34.615345,52.02171717707819
0.09,-0.70543754,883.819490008884
0.14,0.47736946,240.97818391663685
0.03,0.5445148,1715.0492509206138
1.26,4.065132,222.6295350089906
3.4,4.3448663,27.79018458198099
0.4,-4.395947,1198.9867448806763
0.0,-7.295548,inf
34.51,4.28192,87.59223426193198
0.24,0.09623161,59.90349600712459
161.49,74.51974,53.85489055442916
21.2,31.068892,46.551375119191306
0.6,16.600122,2666.6870752970376
15.17,6.934666,54.286973257951225
1.19,-0.49458537,141.5617953829405
85.74,35.6624,58.40634558899907
6.49,7.4904428,15.415142570695446
78.91,79.528984,0.7844177795263239
0.08,-0.7696537,1062.0670974254608
0.29,4.495562,1450.1938195064151
67.0,26.389116,60.61325927278889
1.24,0.4870154,60.724564809953016
12.71,0.6359316,94.99660416159641
1.22,1.0240141,16.06441677593794
2.4,32.174366,1240.5985832214355
0.21,18.4308,8676.571182977586
0.01,-1.9417452,19517.45162010193
43.49,0.74591887,98.28484968964766
20.01,3.8697784,80.66077763768568
336.53,306.43915,8.941506567254399
2.13,4.729742,122.05361737891542
66.48,32.423294,51.22849869527255
1.0,1.5799681,57.99680948257446
63.17,22.856161,63.81801311136028
15.79,10.674346,32.39806225361742
0.28,4.056374,1348.70502608163
17.24,5.4794693,68.21653538679578
50.02,134.4626,168.81767434627707
11.11,2.8957622,73.93553370725562
48.64,1.6789366,96.54823889661776
0.55,-1.9358829,451.9787138158624
71.07,14.369023,79.78187234689871
25.6,11.21363,56.19675889611245
174.64,59.509758,65.92432547205367
2.0,4.7726765,138.6338233947754
0.23,-2.407055,1146.5456091839333
9.82,5.6349597,42.617518353122314
0.03,-9.000064,30100.212987263996
0.27,21.372105,7815.5943128797735
0.38,0.3058912,19.502319473969308
0.05,0.35536543,610.7308506965637
120.91,145.94214,20.703116923228023
0.04,-0.8161496,2140.373980998993
96.09,152.70744,58.92126468654874
2.53,-2.9574883,216.89677068838486
11.41,5.2768183,53.75268820813619
41.38,-6.9863143,116.88331149522091
25.2,2.8808546,88.56803727528406
0.7,10.318208,1374.0296772548134
0.11,-3.9540322,3694.5747115395293
5.21,0.8315035,84.04023972216586
0.67,0.21676698,67.6467189148291
60.13,26.737553,55.533755791082214
0.0,-6.847862,inf
55.68,6.2544327,88.76718268997368
8.41,51.173897,508.488665749712
0.06,-4.981294,8402.156925201416
17.38,3.6528916,78.98221153110026
3.27,3.4786997,6.382253337708453
0.17,1.4033104,725.4767165464513
90.23,57.138245,36.674892354088165
6.44,3.0285132,52.97339762219732
6.1,-1.0737695,117.60277787192923
3.05,1.4096633,53.78153050532106
22.49,40.48056,79.99359850037519
3.77,-0.99777067,126.46606543968463
25.14,13.88865,44.754773506401264
0.73,1.5051848,106.18969446992222
0.14,-1.6854376,1303.8839714867727
145.1,89.64183,38.22065441465476
0.06,-1.7470516,3011.7526610692344
0.78,13.799405,1669.1544997386443
0.03,-0.37252554,1341.751809914907
16.28,9.156218,43.75787730298992
0.01,0.27004495,2600.449526309967
0.33,1.1181022,238.8188463268858
159.6,91.75897,42.50690966919251
1.09,-0.20601687,118.90063012411834
20.75,15.485769,25.369786641683923
2.41,6.3348317,162.85608774398867
27.57,52.89568,91.85955558170821
0.0,-0.15130171,inf
15.83,11.259238,28.874047737820423
1.77,11.147826,529.8206889696714
1.26,-0.68967474,154.7360900848631
0.11,1.7507225,1491.5659340945158
1.03,14.57581,1315.127226449911
0.06,2.0463173,3310.5288982391357
146.88,28.970034,80.27639321512127
4.0,1.3359286,66.60178601741791
0.04,-1.0261225,2665.3061270713806
2.28,2.1964414,3.6648503521032416
21.71,7.518466,65.3686504109232
135.03,61.521633,54.4385446580809
18.99,17.122107,9.836195091500658
42.03,19.538576,53.512785805142435
0.27,-3.0682528,1236.3899266278302
0.01,-0.56566894,5756.689405441284
0.33,2.9403627,791.0189975391735
0.03,-0.35227713,1274.2570996284485
1.6,4.8339696,202.12309956550598
0.02,-2.140463,10802.31556892395
0.12,-0.44578776,471.48979802926385
5.79,3.2139704,44.49101169698185
44.85,40.893288,8.822101095448371
6.0,7.9224906,32.04150994618734
1.64,2.2099485,34.752959739871145
0.09,-0.73409116,915.6568474239774
0.05,6.502157,12904.314422607422
45.63,87.33242,91.3925495268926
114.2,95.791824,16.119243134132827
5.48,1.7411802,68.22663902366249
0.03,3.389982,11199.93995030721
11.5,1.2723888,88.93574942713198
24.28,18.01937,25.785135397997486
0.21,-1.443977,787.6080944424584
18.75,12.015875,35.91533406575521
2.61,10.538322,303.76714362951986
36.14,-2.134722,105.90681238074163
0.05,8.722581,17345.161819458004
85.11,75.31515,11.50846269545019
0.47,2.4567838,422.7199513861474
53.21,12.021882,77.40672419246393
0.0,-0.15980372,inf
0.04,-0.12790903,419.7725862264633
0.01,0.87400544,8640.054368972778
1.53,6.694281,337.5347124984841
0.08,4.993728,6142.160201072693
39.46,68.21739,72.87732379060678
33.67,16.749878,50.25281280164093
2.01,2.32713,15.77761588405022
0.08,-0.9528421,1291.05264544487
9.69,59.38764,512.8755614730474
6.0,-3.4836032,158.06005398432413
12.9,0.45609728,96.46436220915743
4.99,0.01049152,99.78974909486178
2.4,1.1816489,50.76463123162587
22.76,1.013353,95.54765821550768
4.0,-7.6379,290.94749689102173
0.0,-1.0870804,inf
0.09,-2.3015869,2657.3187404208716
0.01,0.49587598,4858.759844303131
15.36,0.9672667,93.7026908931633
2.0,7.5170016,275.8500814437866
