aud,predicted_aud,percent_diff
0.76,0.6230175,18.02401448550977
0.63,0.59673834,5.2796288142128605
0.74,0.7177973,3.0003676543364644
0.77,0.6740423,12.462040975496368
0.43,0.55336946,28.690572672112044
0.33999999999999997,0.6602395,94.18809343786802
0.7,0.63917357,8.689490386417928
0.64,0.7305362,14.146284759044644
0.38,0.48969248,28.866441940006457
0.4,0.73976547,84.941366314888
0.1,0.6279736,527.9736161231995
0.62,0.6275493,1.2176275253295905
0.7,0.6989413,0.1512442316327713
0.73,0.71587616,1.9347723216226633
0.75,0.6822429,9.034283955891928
0.5900000000000001,0.7328236,24.207391577251872
0.8099999999999999,0.67557675,16.595463399533866
0.75,0.7026967,6.307109196980794
0.36,0.61496437,70.82343498865764
0.6,0.6400699,6.6783169905344675
0.82,0.8355544,1.8968806034181236
0.55,0.7557708,37.41287318142977
0.6599999999999999,0.61243665,7.20656785097988
0.53,0.6212787,17.222396832592075
0.71,0.66555977,6.259187510315797
0.77,0.74511653,3.2316192404016295
0.71,0.6603029,6.999594728711621
0.8300000000000001,0.7275035,12.348978490714575
0.8,0.64514965,19.35629397630692
0.53,0.6563482,23.839288387658453
0.72,0.77439713,7.555157608456086
0.67,0.76081157,13.553965269629629
0.48,0.7326894,52.64362096786499
0.76,0.79004943,3.953872856340909
0.6599999999999999,0.69476825,5.267916664932726
0.8400000000000001,0.70703715,15.828910611924679
0.32999999999999996,0.66572845,101.73589388529463
0.72,0.6456958,10.320027006997
0.31,0.5680868,83.25380740627166
0.45,0.5949294,32.20653269026014
0.7,0.66838324,4.516679900033127
0.75,0.79682434,6.243244806925456
0.74,0.5496967,25.716664340045
0.77,0.6384181,17.088561243825147
0.8099999999999999,0.60861677,24.862127245208356
0.78,0.8220351,5.389112081283175
0.49000000000000005,0.6168027,25.878100492516328
0.62,0.6456958,4.144484766067998
0.5,0.61450356,22.900712490081787
0.71,0.64054817,9.781947941847246
0.6900000000000001,0.66764396,3.240005175272632
0.79,0.7972627,0.9193326853498582
0.73,0.723822,0.8463016928058756
0.62,0.64261127,3.6469782552411485
0.62,0.6475956,4.450900708475421
0.79,0.58190066,26.341689085658597
0.55,0.4760396,13.447347554293552
0.5599999999999999,0.764915,36.59196240561351
0.62,0.6319103,1.9210200155934987
0.62,0.6361719,2.608367320029967
0.6599999999999999,0.6590292,0.14709306485723964
0.5,0.6020119,20.40238380432129
0.73,0.72992253,0.010611912975570128
0.71,0.6096937,14.127647037237459
0.5900000000000001,0.7011772,18.8435897988788
0.77,0.70207906,8.820901598249165
0.27999999999999997,0.63785607,127.80573793819974
0.76,0.7194961,5.329464297545584
0.75,0.72653365,3.1288464864095054
0.6900000000000001,0.6249865,9.422242123147722
0.49000000000000005,0.5242259,6.984875640090621
0.49000000000000005,0.7567241,54.43349371151047
0.75,0.7981883,6.425110499064128
0.67,0.670558,0.08327996552879534
0.8,0.6048858,24.38927292823792
0.72,0.7014921,2.5705456733703578
0.7,0.7876013,12.51447030476162
0.67,0.6498501,3.0074521676817993
0.79,0.74285185,5.968119826497915
0.72,0.75771725,5.238507191340132
0.74,0.6658559,10.019475060540275
0.8800000000000001,0.79126626,10.083379257809042
0.82,0.5953608,27.395022496944517
0.32999999999999996,0.5869983,77.87826783729324
0.5599999999999999,0.5630655,0.5474158695766008
0.35,0.6995771,99.87916946411133
0.8,0.69573873,13.032658398151401
0.8300000000000001,0.73843646,11.031751747590958
0.45,0.7204137,60.09192996554904
0.79,0.6572549,16.803180416928065
0.8,0.7512485,6.093940138816839
0.85,0.6956079,18.163776397705078
0.67,0.68613154,2.4076920836719053
0.75,0.6283451,16.220657030741375
0.54,0.61618894,14.109063590014415
0.8099999999999999,0.5805154,28.33143399085527
0.75,0.574521,23.397199312845867
0.53,0.6200868,16.997507383238588
0.78,0.7609751,2.439086865156128
0.6599999999999999,0.71616787,8.510282906618999
0.43,0.73190325,70.21005929902543
0.62,0.6324875,2.0141090116193223
0.71,0.6504527,8.386947403491378
0.36,0.48969248,36.02568871445126
0.8400000000000001,0.8271881,1.5252292156219576
0.45,0.3918687,12.918064329359268
0.6599999999999999,0.63723737,3.4488833311832194
0.53,0.6600891,24.545108597233604
0.6900000000000001,0.6869716,0.4388978515846225
0.3,0.5600563,86.68544292449951
0.51,0.46359882,9.098271061392394
0.85,0.71559536,15.812310050515565
0.72,0.6833966,5.083808634016245
0.5599999999999999,0.604762,7.99321745123183
0.74,0.7455463,0.749497478072709
0.54,0.58190066,7.759380782092052
0.7,0.69715333,0.4066671643938274
0.5900000000000001,0.6483025,9.881778894844686
0.78,0.8676702,11.239766463255267
0.63,0.6648215,5.52722310263013
0.16999999999999998,0.5761323,238.90135147992305
0.78,0.7348029,5.794499776302243
0.5700000000000001,0.6219779,9.11893426326282
0.6900000000000001,0.5851282,15.198813314023232
0.62,0.7230647,16.623342037200928
0.58,0.692748,19.439312096299805
0.76,0.72632444,4.430994862004331
0.6599999999999999,0.70044523,6.128065875082318
0.61,0.66742873,9.414546216120488
0.75,0.7652291,2.0305474599202475
0.61,0.713974,17.044917872694676
0.45999999999999996,0.60229784,30.934313587520442
0.72,0.60441655,16.05325705475277
0.72,0.729805,1.3618045383029551
0.62,0.6588871,6.272111015935098
0.61,0.5953608,2.399866307368042
0.61,0.6689362,9.661670981860555
0.6,0.63649035,6.081724166870121
0.54,0.5762313,6.709500153859449
0.85,0.7774865,8.530999632442697
0.8400000000000001,0.82707053,1.539222115562085
0.74,0.8013342,8.288405714808285
0.48,0.4633483,3.4691043198108638
0.79,0.749115,5.17531769185127
0.8699999999999999,0.7131455,18.02925351022303
0.6599999999999999,0.71509635,8.347932497660333
0.85,0.80131555,5.727582819321574
0.6799999999999999,0.62963706,7.406314330942482
0.5599999999999999,0.57664967,2.973154612949927
0.72,0.6475086,10.068247053358286
0.7,0.6603029,5.671017510550357
0.64,0.57702416,9.839974716305735
0.7,0.6999051,0.013557502201618936
0.54,0.6475506,19.916774608470767
0.6900000000000001,0.6723298,2.560900950777366
0.71,0.7138172,0.5376308736666877
0.78,0.7032637,9.837987178411243
0.79,0.69581753,11.921831625926348
0.77,0.7261243,5.69814459069983
0.48,0.519504,8.230002224445347
0.78,0.74196917,4.875747668437472
0.73,0.63649035,12.809541780654696
0.54,0.8376648,55.123107963138146
0.36,0.47944605,33.179459306928855
0.76,0.7424958,2.3031874706870643
0.55,0.6072286,10.405195843089702
0.6900000000000001,0.6854875,0.6539842356806299
0.6799999999999999,0.583543,14.18485255802378
0.54,0.69194746,28.138418550844538
0.64,0.55515313,13.25732320547104
0.72,0.6682457,7.188100947274099
0.31,0.55858636,80.1891480722735
0.8300000000000001,0.7420517,10.59617823865041
0.8300000000000001,0.72616315,12.510463990360865
0.47000000000000003,0.4876502,3.755358685838409
0.79,0.78819907,0.2279661878754866
0.63,0.6176588,1.958921599009681
0.77,0.72014123,6.475164673545146
0.76,0.684917,9.87934564289294
0.49000000000000005,0.6519819,33.05752861256501
0.53,0.5492408,3.630344822721656
0.65,0.59185964,8.944670970623312
0.7,0.6161435,11.97949647903442
0.76,0.7452514,1.9406030052586618
0.55,0.67132133,22.058424082669337
0.82,0.7393914,9.830318718421744
0.58,0.63936317,10.235029253466383
0.6599999999999999,0.5228027,20.787468101039067
0.5700000000000001,0.6604909,15.875591311538415
0.79,0.78491294,0.6439311594902759
0.6900000000000001,0.6765629,1.9474050273066064
0.79,0.56314135,28.716285319267953
0.8099999999999999,0.76638484,5.384587652889293
0.79,0.6912043,12.50578361221507
0.64,0.73688656,15.13852514326572
0.48,0.46871972,2.3500581582387254
0.27999999999999997,0.7796502,178.4465040479388
0.54,0.6340872,17.423556469104902
0.8,0.82123435,2.654293179512018
0.65,0.6339984,2.461785536545977
0.64,0.6564989,2.57795453071594
0.64,0.69050956,7.892118394374845
0.82,0.8221954,0.26773301566519986
0.6,0.6397128,6.618801752726241
0.79,0.787622,0.30101582973818686
0.75,0.7065467,5.79377015431722
0.58,0.6017969,3.7580905289485607
0.82,0.6611855,19.367621584636403
0.5599999999999999,0.5352146,4.4259637594222925
0.8300000000000001,0.7722631,6.95625184530236
0.6799999999999999,0.700509,3.0160311390371977
0.64,0.585583,8.50266069173813
0.85,0.7154345,15.83123627830954
0.65,0.6263435,3.639463277963495
0.73,0.72360796,0.8756222790234686
0.6,0.6520987,8.683119217554731
0.55,0.6080703,10.558238896456622
0.6599999999999999,0.63706005,3.475750576366066
0.72,0.72858506,1.1923700571060218
0.37,0.5900776,59.4804267625551
0.76,0.74933946,1.4027024570264326
0.67,0.7038645,5.054405198168393
0.6900000000000001,0.6614986,4.130636781886012
0.55,0.50407046,8.350825309753425
0.54,0.5848241,8.300756525110309
0.63,0.7459455,18.404049721975174
0.7,0.8062045,15.172071116311216
0.48,0.5071444,5.655081570148472
0.67,0.7147997,6.686522711568799
0.79,0.6419595,18.739305266851115
0.8400000000000001,0.69006205,17.849756422496984
0.6900000000000001,0.5642105,18.230366015779804
0.62,0.6446649,3.9782070344494245
0.74,0.67853284,8.306373132241738
0.78,0.7017361,10.03383428622515
0.67,0.6258547,6.588855074412792
0.8099999999999999,0.70187604,13.34863650945969
0.64,0.715788,11.84187605977058
0.73,0.7459027,2.1784543991088894
0.74,0.6514418,11.967322633073136
0.24,0.59740627,148.919278383255
0.6599999999999999,0.6818804,3.3152143160502243
0.65,0.62166744,4.358854660621059
0.53,0.5945326,12.175963959603934
0.76,0.7160923,5.777330461301303
0.62,0.73969245,19.305233801564864
0.5700000000000001,0.6636467,16.429245262815225
0.61,0.5995889,1.706742458656184
0.78,0.6519819,16.41257817928608
0.45999999999999996,0.64550006,40.32610084699549
0.64,0.61560005,3.8124922662973426
0.77,0.7312703,5.029829446371502
0.63,0.67184883,6.642671993800572
0.8,0.6989805,12.627436220645908
0.5900000000000001,0.60614514,2.7364650015103478
0.8300000000000001,0.4225016,49.096193514674546
0.79,0.6392676,19.080047667781013
0.67,0.7428819,10.877894643527352
0.67,0.65540135,2.178903124225679
0.52,0.5329979,2.4995973476996753
0.77,0.7811324,1.4457662384231347
0.58,0.7227084,24.60489725244457
0.54,0.6312343,16.89523855845133
0.6900000000000001,0.70447457,2.0977635314499037
0.8099999999999999,0.8407209,3.792702710187001
0.75,0.6237275,16.83633327484131
0.8800000000000001,0.684161,22.254430976780988
0.61,0.63602203,4.265906771675487
0.8300000000000001,0.8219758,0.9667678051684361
0.63,0.61560005,2.2857064292544416
0.55,0.6506248,18.295420299876813
0.8,0.7202163,9.97296571731568
0.6799999999999999,0.7642703,12.392692004933089
0.6,0.6408824,6.813728809356693
0.73,0.67461514,7.586966475395305
0.76,0.6189478,18.559499477085314
0.6599999999999999,0.6892561,4.432738188541309
0.5700000000000001,0.6100719,7.030157457318211
0.55,0.5329979,3.091289780356675
0.8800000000000001,0.80685633,8.311780203472496
0.6,0.517964,13.672665754954018
0.72,0.6941078,3.596142927805579
0.74,0.55111283,25.525293156907367
0.74,0.73124886,1.1825870823215783
0.6900000000000001,0.7810042,13.189013107963222
0.65,0.7350872,13.090340907757096
0.73,0.69440526,4.875992095633727
0.78,0.7647805,1.951215206048431
0.65,0.7457041,14.7237099134005
0.58,0.46359882,20.069169381569168
0.74,0.6511177,12.011123992301323
0.76,0.6738462,11.33602826218856
0.82,0.8261576,0.7509304255974062
0.67,0.76815224,14.64958760275769
0.86,0.7404668,13.89921238256055
0.7,0.71975416,2.822022778647293
0.6,0.68983597,14.972660938898725
0.6599999999999999,0.7809495,18.325677785006448
0.58,0.13236363,77.17868408252453
0.6,0.6783055,13.050917784372968
0.6900000000000001,0.6517265,5.546886333520869
0.63,0.7488203,18.86036585247706
0.32999999999999996,0.38225594,15.83513382709389
0.5599999999999999,0.58604103,4.650184512138377
0.32,0.6462791,101.96221768856049
0.72,0.4603711,36.059568491246964
0.8800000000000001,0.7684843,12.672239271077252
0.63,0.71155256,12.94485084594242
0.8,0.72616315,9.229606389999395
0.47000000000000003,0.32221508,31.443599944419056
0.65,0.6343967,2.4005119617168753
0.71,0.7586522,6.85242397684447
0.8300000000000001,0.8247952,0.6270859614912371
0.8300000000000001,0.65897346,20.605607779629267
0.5900000000000001,0.7560596,28.145692712169566
0.45999999999999996,0.608389,32.258482601331636
0.82,0.7443468,9.226000308990473
0.8400000000000001,0.7402326,11.877072992778967
0.8,0.49080068,38.64991515874863
0.53,0.7248652,36.767018516108664
0.49000000000000005,0.58217704,18.811641420636846
0.63,0.69232833,9.893386326138936
0.49000000000000005,0.4603711,6.04671288509759
0.58,0.64611465,11.399077135941084
0.8,0.82048476,2.560594677925104
0.8,0.6689035,16.387058794498447
0.73,0.70187604,3.852596674879934
0.67,0.75867665,13.235320617903518
0.73,0.69890314,4.259843369052833
0.61,0.73602057,20.659109021796557
0.8099999999999999,0.781161,3.560369103043161
0.72,0.7071315,1.787290970484412
0.79,0.74253577,6.008130387414864
0.6,0.7551978,25.866303841272995
0.5599999999999999,0.7104341,26.863228423254842
0.72,0.72951704,1.3218114773432452
0.6599999999999999,0.6382048,3.3023010600696794
0.86,0.7542076,12.301440571629723
0.7,0.65197223,6.8611093929835665
0.72,0.67716134,5.949814452065358
0.54,0.7168277,32.74586862987941
0.78,0.6949417,10.904910319890735
0.6900000000000001,0.7263205,5.263841324958239
0.77,0.7705005,0.06499754918085833
0.18,0.6097997,238.7776017189026
0.43,0.6906096,60.60687774835631
0.53,0.7325846,38.2235086189126
0.6599999999999999,0.7291441,10.476378238562395
0.5900000000000001,0.62710863,6.289598901393036
0.5700000000000001,0.6048858,6.120318697209933
0.8099999999999999,0.6839162,15.56589986071174
0.48,0.72567916,51.18315815925598
0.52,0.5369536,3.2603130890772856
0.38,0.47833,25.876312193117645
0.77,0.7740222,0.5223664370450083
0.32,0.52071863,62.7245731651783
0.8,0.7547818,5.652277171611791
0.67,0.6102787,8.913623041181427
0.7,0.7397385,5.676931994301939
0.8,0.7042876,11.964051425457004
0.5700000000000001,0.6980326,22.46186273139818
0.61,0.6934189,13.675232793464039
0.86,0.719225,16.36918727741685
0.53,0.4606097,13.092508630932507
0.89,0.79345083,10.848221082365917
0.64,0.64351696,0.5495246499776819
0.72,0.39529985,45.09724279244741
0.71,0.71509635,0.7177964062757946
0.6599999999999999,0.61243665,7.20656785097988
0.73,0.6023803,17.482154010093375
0.71,0.76735145,8.077668807875948
0.45999999999999996,0.4380407,4.773760101069567
0.45,0.62112397,38.02754878997803
0.67,0.7003555,4.530676087336747
0.77,0.7011521,8.941287498969539
0.74,0.72247016,2.3688967163498327
0.5,0.648425,29.684996604919434
0.8099999999999999,0.547911,32.35666810730356
0.7,0.67102766,4.138905661446701
0.48,0.83381504,73.71146629254024
0.52,0.6495799,24.91920819649329
0.72,0.8284455,15.061874190966293
0.55,0.6599596,19.99265714125199
0.54,0.5610483,3.8978386808324674
0.62,0.68652755,10.730250035562824
0.78,0.6314234,19.048280288011604
0.78,0.7534464,3.4043076710823286
0.5900000000000001,0.5795921,1.7640493683895955
0.45,0.35715383,20.63248157501221
0.48,0.5890936,22.727838655312862
0.8,0.71237445,10.953193902969364
0.61,0.6283451,3.0073888966294606
0.75,0.75939095,1.252126693725586
0.76,0.692095,8.934870832844785
0.73,0.5708197,21.80552384624742
0.45999999999999996,0.5224476,13.57556218686312
0.6,0.7529235,25.487248102823898
0.86,0.7458679,13.271173488262086
0.45,0.5326795,18.37322182125515
0.6799999999999999,0.59523153,12.465951021979828
0.6599999999999999,0.5732282,13.147245392654872
0.8,0.76735145,4.081068933010107
0.39,0.50819695,30.306910245846474
0.8300000000000001,0.62943304,24.16469447584038
0.8099999999999999,0.7875372,2.7731830691113815
0.75,0.9476558,26.354106267293293
0.5599999999999999,0.73688656,31.586885878017988
0.58,0.60960585,5.104456687795712
0.71,0.7270631,2.4032562551364145
0.8699999999999999,0.61675173,29.108996500914117
0.6599999999999999,0.65540135,0.6967652927745352
0.6599999999999999,0.81623876,23.672539537603217
0.54,0.7264164,34.521557225121384
0.76,0.6972556,8.255840602673983
0.64,0.7523358,17.55246669054031
0.5900000000000001,0.6921724,17.317357305753013
0.73,0.6941272,4.914081913151151
0.78,0.7521142,3.575105544848323
0.8300000000000001,0.788468,5.003855027348171
0.65,0.61314124,5.670578663165756
0.79,0.6069875,23.166142234319377
0.12,0.74377096,519.8091308275859
0.6799999999999999,0.7028245,3.3565402030944917
0.67,0.6885013,2.761387825012201
0.52,0.64693767,24.411090062214775
0.78,0.6226376,20.17466288346511
0.5700000000000001,0.6532353,14.60268706606144
0.71,0.77761436,9.523148603842298
0.49000000000000005,0.5887333,20.14965621792539
0.5900000000000001,0.70220965,19.01858499494648
0.8,0.7829626,2.129672467708593
0.62,0.6689035,7.887666071614912
0.71,0.71121526,0.17116304854272618
0.5599999999999999,0.6063255,8.272411993571701
0.72,0.7529397,4.574958483378096
0.73,0.7526402,3.101395580866568
0.7,0.6577487,6.035900115966791
0.71,0.7364943,3.7315919365681447
0.5700000000000001,0.5675418,0.43126700217264824
0.53,0.72607106,36.994539566759784
0.73,0.640667,12.237394345949772
0.85,0.788354,7.252472989699418
0.61,0.5909203,3.127814902633915
0.71,0.72794324,2.5272171262284453
0.7,0.7854708,12.210111958639969
0.62,0.6760066,9.033325026112218
0.8099999999999999,0.6941272,14.305283699506589
0.73,0.6935193,4.997356950420221
0.71,0.667666,5.96253267476256
0.77,0.72547936,5.7819007279036905
0.75,0.7018346,6.422050793965657
0.79,0.6492472,17.816806443129916
0.64,0.6843072,6.92300274968147
0.63,0.6250046,0.792922292436873
0.76,0.8583437,12.939963215275814
0.6599999999999999,0.7201345,9.111287377097403
0.6599999999999999,0.5775895,12.486437595251825
0.85,0.6138793,27.77890317580279
0.77,0.7376246,4.204599269024739
0.85,0.6623934,22.071365749134735
0.32999999999999996,0.472946,43.31696611462219
0.5900000000000001,0.7674781,30.08103532306217
0.8,0.700689,12.413872778415683
0.5,0.6007547,20.150935649871826
0.6599999999999999,0.5889593,10.763745958154841
0.8,0.5642572,29.467849433422092
0.6799999999999999,0.68818474,1.2036379645852575
0.85,0.64738446,23.837121795205505
0.79,0.7178527,9.132568142082121
0.73,0.7646063,4.7405886323484685
0.63,0.6535437,3.7370969378758985
0.65,0.53350264,17.92267102461595
0.77,0.7093438,7.877429739221352
0.6599999999999999,0.6374511,3.4164981408552575
0.5700000000000001,0.6452429,13.200513940108438
0.6599999999999999,0.6536906,0.9559732494932113
0.7,0.69809735,0.27180739811487925
0.71,0.6105891,14.001537040925358
0.76,0.7323097,3.643460650193065
0.8,0.7354114,8.073574304580694
0.8300000000000001,0.6972454,15.99452782826252
0.6599999999999999,0.63594943,3.644025325775135
0.75,0.608389,18.8814640045166
0.49000000000000005,0.65615517,33.90921816533925
0.8099999999999999,0.7533332,6.995899883317352
0.8300000000000001,0.7695336,7.285111496247449
0.6799999999999999,0.68746656,1.0980237932766277
0.72,0.706863,1.8245852655834585
0.5599999999999999,0.6427989,14.785517965044304
0.8,0.63708925,20.363843441009525
0.44000000000000006,0.5715741,29.903202707117238
0.76,0.8270657,8.824435033296282
0.6799999999999999,0.63936317,5.976004460278671
0.67,0.6891256,2.8545667876058487
0.19,0.53225714,180.13533667514199
0.77,0.75226575,2.303149173786116
0.4,0.41838178,4.595445096492761
0.74,0.6186438,16.399483745162552
0.7,0.65841484,5.940737043108253
0.82,0.69968283,14.672825394607166
0.36,0.7355541,104.32058307859633
0.62,0.58319217,5.936746828017696
0.5,0.565221,13.044202327728271
0.6,0.64065623,6.77603880564372
0.78,0.5098718,34.631822965083984
0.49000000000000005,0.5020618,2.461588626005202
0.6799999999999999,0.7265786,6.849793125601385
0.77,0.7517627,2.3684820571503105
0.77,0.7107838,7.690418231022824
0.7,0.80121607,14.459437983376645
0.77,0.7178527,6.772375106811525
0.31,0.47084972,51.887007298008086
0.67,0.6320853,5.658906965113403
0.72,0.6709649,6.81043101681603
0.55,0.5827764,5.959350412542161
0.6799999999999999,0.65841484,3.174288132611434
0.63,0.6405889,1.6807745373438268
0.78,0.7313245,6.240449501917916
0.67,0.5288403,21.068611429698436
0.72,0.7051725,2.0593778954611848
0.5599999999999999,0.7167239,27.986414091927678
0.73,0.5982684,18.045426068240648
0.76,0.6682598,12.071079015731812
0.78,0.6196013,20.563934705196285
0.62,0.6177393,0.36462583849506924
0.49000000000000005,0.40088978,18.185758347413987
0.8800000000000001,0.7710817,12.377081134102571
0.73,0.63417023,13.127365177624844
0.49000000000000005,0.4828843,1.4521861562923604
0.42000000000000004,0.60312647,43.60153958910986
0.75,0.7573067,0.9742259979248047
0.71,0.68456537,3.582342913453003
0.71,0.6230175,12.251057759137217
0.8300000000000001,0.82342035,0.7927294237067986
0.6799999999999999,0.631386,7.149120288736672
0.8,0.7712054,3.599321842193609
0.76,0.76077425,0.10187563143278307
0.61,0.49093854,19.51827143059402
0.65,0.6987296,7.496857643127439
0.8699999999999999,0.76081157,12.55039456246912
0.58,0.6955784,19.927309710403975
0.58,0.6578763,13.426950471154582
0.8400000000000001,0.7588463,9.661156790597106
0.8,0.6257854,21.77682369947434
0.75,0.7037448,6.167356173197429
0.45,0.599478,33.217334747314446
0.76,0.71457714,5.9766923126421485
0.52,0.6679723,28.456216592055096
0.64,0.6952973,8.640203252434727
0.76,0.60614514,20.244060064616956
0.82,0.73940283,9.828923097470906
0.48,0.75469583,57.22829848527908
0.55,0.62902874,14.368861371820614
0.79,0.7099539,10.13241719595994
0.77,0.6928763,10.016067616351242
0.63,0.7048548,11.881712126353431
0.8099999999999999,0.7942174,1.9484681847654672
0.71,0.65421337,7.857271986947928
0.73,0.66636246,8.717470626308492
0.76,0.69394344,8.691652511295521
0.77,0.6743064,12.427741211730167
0.78,0.6626615,15.043398355826357
0.8400000000000001,0.67317975,19.859554086412707
0.6900000000000001,0.5992293,13.155177365178654
0.6,0.61679256,2.798759937286381
0.71,0.74834085,5.400119029300319
0.16999999999999998,0.7209876,324.1103635114783
0.79,0.66636246,15.6503209584876
0.73,0.55963993,23.336995791082515
0.63,0.6224282,1.2018763829791363
0.6599999999999999,0.68721634,4.123688105380909
0.82,0.650236,20.702925542505774
0.6900000000000001,0.6835492,0.9348948796590252
0.85,0.7371242,13.279505336985867
0.6599999999999999,0.76932895,16.564992702368546
0.6599999999999999,0.7429759,12.572104641885481
0.8300000000000001,0.7274132,12.359858133706709
0.6599999999999999,0.71509635,8.347932497660333
0.6599999999999999,0.67961514,2.9719909032186
0.75,0.73249775,2.3336331049601235
0.6,0.7258166,20.969434579213463
0.73,0.6803795,6.797327407418863
0.74,0.665383,10.083380905357567
0.37,0.4640695,25.42418531469397
0.7,0.70706517,1.009309291839606
0.5900000000000001,0.6478815,9.810425063311028
0.64,0.6054944,5.391503125429155
0.6599999999999999,0.651405,1.302276235638231
0.6900000000000001,0.69391215,0.5669780399488282
0.42000000000000004,0.5651908,34.56923621041433
0.53,0.6377451,20.329260826110833
0.6900000000000001,0.6996622,1.4003200807433112
0.47000000000000003,0.63226974,34.52547661801601
0.52,0.66886336,28.627568483352658
0.52,0.70077246,34.76393543756925
0.75,0.6692062,10.772506395975748
0.64,0.6471619,1.1190470308065394
0.65,0.5326795,18.04930796990028
0.82,0.7065766,13.832123686627638
0.62,0.54817694,11.584363829705023
0.82,0.7242873,11.672283963459288
0.71,0.7441118,4.804475542525176
0.5700000000000001,0.6073928,6.560138233920973
0.65,0.6808278,4.742737916799689
0.82,0.7416369,9.556478988833538
0.7,0.6456958,7.7577420643397685
0.58,0.6971127,20.191841289914894
0.86,0.69340396,19.371632642524187
0.6799999999999999,0.71005625,4.420036077499399
0.73,0.6878478,5.774274917498024
0.82,0.7504101,8.486575615115276
0.8400000000000001,0.7264522,13.517598594938013
0.6599999999999999,0.7110797,7.739351012490025
0.7,0.46991792,32.86886811256409
0.77,0.74725425,2.9539931904185925
0.51,0.71376204,39.953342138552195
0.64,0.6995158,9.299346804618832
0.62,0.6060008,2.257938538828203
0.8099999999999999,0.807563,0.3008633484075028
0.77,0.7696975,0.03928735658720173
0.61,0.66733146,9.398599530829761
0.63,0.71079683,12.824894133068266
0.52,0.26647013,48.7557434118711
0.65,0.64178854,1.2633011891291726
0.62,0.6380393,2.9095630491933524
0.86,0.770086,10.455117391985514
0.8300000000000001,0.70196754,15.425597903240165
0.79,0.68983597,12.678991691975657
0.76,0.74951583,1.3794958591461193
0.5,0.7151476,43.02952289581299
0.58,0.62989724,8.602971866213048
0.48,0.53247136,10.931533078352615
0.6599999999999999,0.72735703,10.205610593160007
0.58,0.69165915,19.251578018583107
0.48,0.648425,35.08853813012441
0.51,0.6714573,31.658292284198836
0.62,0.5823977,6.064887200632402
0.6,0.7090474,18.174562851587936
0.63,0.7306589,15.977601399497381
0.6900000000000001,0.6615292,4.1262053061222765
0.61,0.68421745,12.166795574250772
0.7,0.6767024,3.328231402805867
0.65,0.81522393,25.41906650249774
0.45,0.6319103,40.42451646592882
0.65,0.60585225,6.791962110079254
0.85,0.79420674,6.5639131209429555
0.85,0.75360215,11.340923870311062
0.8400000000000001,0.7592122,9.617595729373758
0.86,0.7973423,7.285779021507084
0.82,0.74603796,9.019760969208502
0.7,0.6770511,3.278410434722894
0.76,0.7040795,7.357959370864066
0.58,0.63195574,8.957886695861824
0.85,0.76457345,10.050181781544403
0.76,0.61675173,18.848456520783273
0.8300000000000001,0.6675652,19.570454631943306
0.45999999999999996,0.5536576,20.360345944114364
0.8800000000000001,0.74459016,15.387481451034557
0.73,0.69581753,4.682530115728507
0.4,0.6250046,56.25114738941191
0.37,0.4596691,24.234895448426943
0.7,0.64872265,7.32533591134207
0.6599999999999999,0.6699791,1.5119841604521904
0.74,0.65789497,11.095274461282266
0.82,0.73485315,10.383762382879484
0.52,0.63474447,22.066243336750908
0.73,0.62394416,14.528196805144008
0.75,0.6489287,13.476173082987467
0.77,0.7250224,5.841249924201472
0.82,0.7712345,5.947010691572974
0.79,0.7460274,5.566150629067727
0.51,0.57528067,12.800130657121246
0.49000000000000005,0.652954,33.25591476596131
0.76,0.77876973,2.469701516000847
0.65,0.7443173,14.510352794940651
0.77,0.68747103,10.718047773683228
0.64,0.73738027,15.21566659212112
0.48,0.5921571,23.366067806879684
0.6599999999999999,0.8058746,22.10221001596163
0.72,0.69018775,4.140589965714345
0.5599999999999999,0.74441063,32.93047036443439
0.5599999999999999,0.70225906,25.403404235839854
0.75,0.4147854,44.695281982421875
0.7,0.59601736,14.854662758963444
0.48,0.7056903,47.01881756385168
0.79,0.66761744,15.491463262823567
0.6599999999999999,0.6811022,3.1973054914763606
0.73,0.8038093,10.110860981353344
0.8,0.759959,5.005127191543584
0.8099999999999999,0.6922584,14.535997826376073
0.82,0.6428929,21.598427179383066
0.6599999999999999,0.7185954,8.878088719917079
0.7,0.61695457,11.863633564540313
0.8400000000000001,0.6862555,18.30291492598398
0.75,0.6668301,11.089317003885904
0.64,0.69715333,8.93020778894424
0.54,0.5618892,4.053550296359585
0.6,0.6492472,8.207871516545618
0.85,0.68652755,19.232052915236526
0.6599999999999999,0.6567599,0.4909215551434021
0.6599999999999999,0.6040091,8.483470931197648
0.48,0.5323678,10.90996364752452
0.85,0.71314836,16.100193472469552
0.42000000000000004,0.66644883,58.6782932281494
0.6900000000000001,0.7022871,1.7807359280793478
0.71,0.68652755,3.3059788421845724
0.72,0.5887333,18.231483962800763
0.51,0.37369713,26.726052574082917
0.72,0.72605085,0.8403963512844547
0.6599999999999999,0.58404535,11.508280219453743
0.82,0.68019944,17.048848256832212
0.71,0.7336484,3.330763292984229
0.8099999999999999,0.75988525,6.187005984930338
0.52,0.5375985,3.384325137505161
0.64,0.5988991,6.422011554241183
0.73,0.6604457,9.527987649995984
0.8400000000000001,0.7763335,7.57934394336883
0.74,0.67025954,9.424387119911811
0.5599999999999999,0.64248526,14.729510886328573
0.5900000000000001,0.6249865,5.929920228861132
0.8099999999999999,0.7556502,6.70984909858232
0.6599999999999999,0.6551581,0.7336208314606517
0.78,0.7418688,4.888616158412057
0.6900000000000001,0.6591024,4.477915902068657
0.74,0.71509635,3.3653575020867414
0.8099999999999999,0.70345265,13.153994230576497
0.4,0.6747114,68.67785155773161
0.61,0.6410871,5.096248329662888
0.8400000000000001,0.6544089,22.094181889579417
0.78,0.64283824,17.584841067974388
0.5599999999999999,0.48799303,12.858387189252028
0.6799999999999999,0.68597835,0.8791695622836935
0.76,0.7082196,6.8132121311990845
0.74,0.6993198,5.497327044203473
0.77,0.76918054,0.10642386102057352
0.65,0.732313,12.663534971383898
0.6,0.71005625,18.342707554499313
0.35,0.5522291,57.779744693211164
0.5599999999999999,0.6324875,12.944192120007116
0.82,0.65112555,20.594445089014563
0.85,0.78119767,8.094392103307385
0.6599999999999999,0.60469085,8.380174275600538
0.8,0.7704441,3.694488108158117
0.82,0.57100815,30.36486026717395
0.55,0.5859371,6.534015048633914
0.72,0.7635447,6.047872040006854
0.76,0.6842821,9.962878415459082
0.52,0.7037448,35.33554398096525
0.61,0.6024695,1.2345075607299782
0.73,0.66139394,9.398090349484795
0.78,0.7131455,8.571090453710315
0.75,0.6090315,18.79580020904541
0.62,0.5371827,13.357630852730043
0.7,0.6948752,0.7321170398167138
0.8,0.7138739,10.765759646892551
0.8400000000000001,0.7350137,12.498366265069878
0.75,0.7883228,5.109707514444987
0.63,0.67634946,7.3570573140704445
0.51,0.6459516,26.65718209509756
0.77,0.67370105,12.506357415930019
0.53,0.6015654,13.50290955237622
0.53,0.5418488,2.2356186272962986
0.62,0.7781245,25.503953426114975
0.58,0.5708096,1.5845512521677936
0.7,0.6908772,1.3032572610037605
0.6,0.53825605,10.290658473968504
0.6599999999999999,0.64262325,2.6328415581674167
0.7,0.59042144,15.654080254690983
0.48,0.58749664,22.39513297875723
0.72,0.69919646,2.8893808523813846
0.6799999999999999,0.6883253,1.224306751700018
0.72,0.65535986,8.977796634038286
0.75,0.74806607,0.2578576405843099
0.7,0.67691815,3.2974072865077364
0.6,0.64592206,7.653677463531498
0.5900000000000001,0.5884064,0.27010440826417365
0.73,0.6065639,16.909051268068076
0.74,0.53132653,28.199117248122757
0.78,0.83781594,7.412300048730309
0.78,0.6549411,16.033194615290718
0.29,0.31131256,7.34915733337403
0.58,0.659749,13.749822665905137
0.74,0.6336263,14.374826727686703
0.79,0.71681625,9.263766264613675
0.77,0.7447349,3.281183985920698
0.62,0.5815958,6.194229279795
0.75,0.6277707,16.297237078348797
0.8,0.5807405,27.40743607282639
0.54,0.663761,22.918707353097414
0.65,0.69573873,7.0367281253521226
0.61,0.5228027,14.294637617517688
0.85,0.7381081,13.163753116832059
0.67,0.73514766,9.723530598540798
0.64,0.6677905,4.342261329293249
0.8,0.8272893,3.4111604094505252
0.6799999999999999,0.69968283,2.894534082973714
0.8300000000000001,0.7810042,5.903109584946239
0.74,0.7823694,5.725591247146196
0.77,0.76436603,0.7316843255773791
0.65,0.5863396,9.793908779437729
0.77,0.7398811,3.911545679166722
0.86,0.61576,28.399996702061145
0.85,0.8139125,4.2455869562485615
0.85,0.7297237,14.150153889375574
0.8099999999999999,0.61571103,23.986292179719893
0.62,0.6382048,2.9362601618612976
0.8800000000000001,0.75865525,13.789176128127368
0.8400000000000001,0.7093925,15.548513333002733
0.64,0.7011721,9.558142721652981
0.8099999999999999,0.7311489,9.73470387635407
0.77,0.57576835,25.224889408458363
0.64,0.51619804,19.34405639767647
0.8300000000000001,0.71764433,13.53682724826308
0.77,0.75335693,2.161437195616885
0.8099999999999999,0.7372637,8.979792653778446
0.85,0.6695115,21.233941526973947
0.78,0.602424,22.766150572361095
0.74,0.58469975,20.986520277487266
0.16,0.518412,224.00749623775482
0.58,0.5815913,0.2743634684332555
0.49000000000000005,0.57486427,17.31923842916682
0.73,0.6992287,4.215246030729109
0.79,0.60826766,23.00409304944775
0.86,0.7106781,17.36301155977471
0.52,0.51203185,1.532335923268248
0.85,0.71227616,16.202804621528173
0.78,0.7362031,5.614990454453691
0.53,0.7611257,43.60861958197827
0.7,0.73576385,5.109121118273061
0.72,0.6431552,10.672886504067312
0.71,0.60639006,14.592949437423487
0.63,0.59024996,6.309530848548526
0.7,0.74214166,6.020237718309682
0.48,0.49356258,2.825537323951725
0.8099999999999999,0.68771636,15.096745078946332
0.8300000000000001,0.7353552,11.402988146586598
0.86,0.71840453,16.464589362920716
0.52,0.5371827,3.304363214052637
0.6900000000000001,0.82122666,19.01835600535074
0.71,0.75938076,6.955036311082442
0.8099999999999999,0.7454795,7.965490847458068
0.63,0.500098,20.619366660950675
0.76,0.70368034,7.41048204271417
0.71,0.7301407,2.836716342979759
0.64,0.66516936,3.932712227106092
0.77,0.7450675,3.237989970615934
0.74,0.6024302,18.59051021369728
0.63,0.6619769,5.07569426581973
0.29,0.617545,112.94655471012511
0.71,0.7464262,5.130454184303826
0.8099999999999999,0.7093337,12.427936071231036
0.65,0.79153055,21.773930696340702
0.65,0.76717794,18.027375294612
0.58,0.46666962,19.539720847688866
0.71,0.66384774,6.50031768100362
0.5599999999999999,0.6231249,11.272303121430545
0.5,0.52433014,4.86602783203125
0.61,0.6477313,6.18545969978708
0.75,0.77466923,3.2892306645711265
0.8,0.7014155,12.323065102100376
0.6900000000000001,0.667666,3.2368089841759806
0.64,0.7633376,19.27150189876556
0.42000000000000004,0.64844614,54.391938731783895
0.63,0.69910437,10.968947410583496
0.49000000000000005,0.78336966,59.87135926071477
0.8300000000000001,0.62369406,24.856137080364924
0.5599999999999999,0.50309974,10.1607607943671
0.55,0.7058346,28.33356857299804
0.62,0.45505562,26.60393157312947
0.73,0.6243059,14.47864329978211
0.25,0.4044673,61.78692579269409
0.42000000000000004,0.58784425,39.962917282467785
0.8,0.6830045,14.624437689781193
0.79,0.5003972,36.65858160091352
0.77,0.5813572,24.49906739321622
0.61,0.6600639,8.207200394302122
0.8300000000000001,0.81072044,2.3228381053511002
0.42000000000000004,0.76495636,82.132465498788
0.8099999999999999,0.8019819,0.9898856834128981
0.6799999999999999,0.6761178,0.5709150258232475
0.65,0.7319637,12.609799091632546
0.61,0.6658207,9.150937346161392
0.62,0.6554366,5.715576679475847
0.58,0.6123348,5.574963421657175
0.6900000000000001,0.7695973,11.535839412523345
0.5900000000000001,0.70521027,19.527164152113045
0.75,0.7087933,5.494228998819987
0.76,0.6883628,9.425950364062661
0.55,0.61570454,11.946279352361497
0.67,0.55714524,16.843994339900235
0.86,0.7598878,11.64095179979191
0.6599999999999999,0.7050751,6.829558358047961
0.82,0.6654066,18.852855519550598
0.71,0.6098083,14.111503413025758
0.77,0.6449329,16.242477181669955
0.49000000000000005,0.6742466,37.601348818564894
0.5900000000000001,0.5492408,6.9083343117924185
0.58,0.5729498,1.215547117693664
0.85,0.68859726,18.98855742286233
0.43,0.6887389,60.171833149222444
0.76,0.75685805,0.4134143653668867
0.8,0.71001726,11.24784201383591
0.85,0.7700062,9.411037669462313
0.8,0.6252799,21.84001207351685
0.73,0.7284166,0.21690113903724742
0.8400000000000001,0.6795987,19.09539415722802
0.61,0.6695913,9.769066826241918
0.61,0.6726299,10.267195545259073
0.73,0.6297925,13.727053224223932
0.8,0.57304,28.36999893188477
0.6799999999999999,0.6915772,1.702528841355277
0.47000000000000003,0.57452726,22.23984332794838
0.5,0.53281724,6.563448905944824
0.5700000000000001,0.5307455,6.886753283048941
0.82,0.6506748,20.649412201672064
0.55,0.58226156,5.865738608620375
0.75,0.63713855,15.04819393157959
0.5900000000000001,0.63936317,8.366638927136423
0.67,0.634718,5.26597001659337
0.8099999999999999,0.6333626,21.80708749794665
0.62,0.6427989,3.677242032943234
0.6,0.7239889,20.66481510798137
0.6900000000000001,0.63039976,8.637715422588853
0.61,0.6540415,7.21992273799709
0.79,0.75502515,4.427196406110937
0.63,0.65335476,3.707105394393678
0.58,0.59445775,2.492714750355695
0.8300000000000001,0.57994413,30.127212800175318
0.76,0.7114197,6.392144529443039
0.6599999999999999,0.6103875,7.517044833212177
0.55,0.65506476,19.10268393429842
0.38,0.46759737,23.051938257719343
0.8,0.27089855,66.13768115639687
0.5,0.43404323,13.191354274749756
0.8400000000000001,0.78198206,6.906897113436753
0.79,0.6819721,13.674419439291656
0.75,0.5947222,20.703705151875813
0.41,0.6033097,47.14870511031734
0.41,0.5958173,45.32129939009505
0.8,0.7923787,0.9526595473289545
0.65,0.72708017,11.858487129211422
0.6900000000000001,0.78127223,13.227859787319009
0.65,0.6918363,6.436353463392988
0.8,0.7418688,7.266400754451757
0.67,0.7691912,14.804657537545724
0.65,0.6514656,0.22547611823448427
0.78,0.7017361,10.03383428622515
0.4,0.643671,60.91774404048918
0.51,0.68421745,34.16028490253523
0.86,0.7384386,14.135045783464296
0.73,0.60837567,16.66086732524715
0.72,0.5474006,23.972139755884804
0.62,0.63146836,1.849734783172608
0.8,0.6053381,24.33273792266846
0.85,0.75407875,11.284853430355295
0.6900000000000001,0.64392275,6.6778628722481175
0.7,0.6414478,8.36460249764578
0.8400000000000001,0.7170168,14.640855221521294
0.71,0.7033122,0.9419411001071074
0.64,0.79771227,24.642541632056233
0.49000000000000005,0.7305362,49.08902499140524
0.5700000000000001,0.6677757,17.15362992203025
0.64,0.6247925,2.376169338822367
0.58,0.59628105,2.807077868231419
0.58,0.6138407,5.834603309631355
0.5900000000000001,0.52623343,10.80789242760611
0.5700000000000001,0.76646006,34.46667738128125
0.8099999999999999,0.6553855,19.08821058862003
0.72,0.669155,7.061805327733354
0.6900000000000001,0.6783055,1.6948541005452555
0.76,0.73738027,2.9762807645295806
0.79,0.71523595,9.463803979414932
0.54,0.5921571,9.658726939448597
0.4,0.6603029,65.07571935653685
0.75,0.7747242,3.296558062235514
0.67,0.6478815,3.301267481561923
0.73,0.5945421,18.555878613093125
0.5700000000000001,0.7669581,34.55405569913093
0.63,0.79356086,25.962041673206148
0.6799999999999999,0.79806143,17.361975066802092
0.79,0.6817597,13.701301888574532
0.5900000000000001,0.5838234,1.0468842619556626
0.43,0.5679545,32.08243736000948
0.8300000000000001,0.75956875,8.485692667673877
0.52,0.4896462,5.837269929739148
0.6900000000000001,0.60412306,12.445933922477398
0.7,0.591466,15.504855769021166
0.6599999999999999,0.7847084,18.895209196842092
0.71,0.6871115,3.223732827414924
0.58,0.7354284,26.797998773640607
0.6799999999999999,0.71108854,4.571843848508957
0.73,0.71372604,2.229309082031248
0.85,0.783113,7.8690584968118085
0.64,0.7561691,18.151418864727017
0.7,0.73465896,4.951279503958572
0.6599999999999999,0.69450074,5.227385506485461
0.8300000000000001,0.83997065,1.2012829263526186
0.8300000000000001,0.7918339,4.598328004400423
0.8699999999999999,0.7617992,12.436871693052083
0.63,0.6339984,0.6346657162620901
0.64,0.68935156,7.71118104457855
0.6799999999999999,0.7452947,9.602160313550174
0.8800000000000001,0.7480119,14.998649196191277
0.55,0.6000839,9.106161377646698
0.72,0.74888897,4.012356864081492
0.77,0.5519215,28.321884824083995
0.8400000000000001,0.67783946,19.30482642991203
0.63,0.6230567,1.102109560890804
0.39,0.58479005,49.946166918827934
0.6900000000000001,0.6883628,0.23727866186612728
0.8099999999999999,0.71121526,12.195647204363782
0.72,0.49789873,30.8473989367485
0.78,0.6476458,16.968490832891224
0.48,0.57719904,20.24980038404465
0.55,0.7037448,27.953605218367134
0.54,0.65194994,20.73147076147573
0.62,0.6916381,11.55453420454456
0.78,0.6590788,15.502720918410867
0.61,0.59225774,2.908567522392896
0.76,0.62289554,18.04006068330062
0.62,0.71146935,14.753121329892066
0.77,0.7668661,0.40700156967361484
0.79,0.6907723,12.560468987573556
0.52,0.58327955,12.16914424529442
0.6799999999999999,0.68686765,1.0099491652320505
0.53,0.5654336,6.6855889446330465
0.53,0.62613076,18.13787919170451
0.65,0.72705466,11.854562392601597
0.85,0.6567546,22.73475142086253
0.63,0.7808724,23.9480007262457
0.77,0.7486919,2.7672835758754206
0.74,0.7045898,4.785164304681725
0.76,0.8087669,6.4166975648779605
0.8400000000000001,0.75831485,9.724422863551556
0.63,0.77818894,23.522054581415084
0.64,0.690676,7.918120920658109
0.32999999999999996,0.5708993,72.99979022054963
0.77,0.7133665,7.354998898196532
0.6,0.5186219,13.563013076782225
0.8099999999999999,0.7360214,9.133160555804212
0.64,0.6765658,5.713410302996634
0.67,0.750314,11.987163771444287
0.61,0.6614929,8.441456419522648
0.79,0.71298367,9.748902803734891
0.58,0.6131208,5.71048177521805
0.8,0.69256264,13.429670035839084
0.58,0.5393709,7.005018201367603
0.8300000000000001,0.82980716,0.02323345965650564
0.85,0.732313,13.845532080706427
0.62,0.67512274,8.89076417492282
0.67,0.56407,15.810449799494961
0.86,0.7190862,16.385322116142095
0.65,0.62482053,3.8737645516028802
0.6799999999999999,0.2746607,59.608719629399914
0.54,0.631386,16.923330006776023
0.5700000000000001,0.6592746,15.662206683242516
0.8300000000000001,0.7503232,9.599617303135892
0.5599999999999999,0.577784,3.1757146120071518
0.79,0.7114382,9.944534301757816
0.5700000000000001,0.6336263,11.162505651775147
0.8800000000000001,0.72897,17.162500999190602
0.61,0.5875323,3.683232479408137
0.75,0.7405787,1.2561718622843425
0.53,0.6431037,21.34032429389233
0.79,0.7291055,7.708168029785161
0.62,0.8750839,41.14256828061996
0.73,0.6916381,5.255053141345714
0.73,0.69715333,4.499543856268057
0.76,0.67802817,10.785767592881855
0.76,0.6327358,16.74529094445078
0.5700000000000001,0.4540204,20.347296355063467
0.8300000000000001,0.6775866,18.363058423421474
0.6599999999999999,0.6413536,2.825211033676598
0.64,0.7166706,11.979776993393894
0.7,0.559733,20.038146632058275
0.76,0.7697397,1.2815378214183595
0.6,0.73012626,21.68771028518677
0.58,0.6851619,18.131360103344104
0.8099999999999999,0.72278845,10.766857641714585
0.63,0.49026638,22.179939254881845
0.63,0.6636467,5.340745713975694
0.8300000000000001,0.6975248,15.960869157170682
0.5599999999999999,0.49655548,11.32937903915132
0.44000000000000006,0.443023,0.6870445880022784
0.71,0.66985273,5.654544561681608
0.8099999999999999,0.7386124,8.813282295509614
0.16,0.7065545,341.59654527902603
0.8800000000000001,0.8332876,5.3082276474345935
0.61,0.67333907,10.38345391633081
0.6900000000000001,0.67359185,2.3779924365057545
0.61,0.70444214,15.482318596761738
0.74,0.66589576,10.01408647846531
0.63,0.79763484,26.608704763745504
0.65,0.55756897,14.220158870403585
0.82,0.6941078,15.352710863439043
0.6599999999999999,0.66341877,0.5179954297614942
0.76,0.72590196,4.486584035973801
0.6,0.59117115,1.4714757601420048
0.5900000000000001,0.6123348,3.785557261968049
0.62,0.744044,20.007097721099854
0.75,0.7674781,2.3304144541422525
0.71,0.6990277,1.5453919558457876
0.75,0.7259757,3.2032410303751626
0.74,0.7452686,0.7119707159093921
0.77,0.6993198,9.179249367156588
0.6799999999999999,0.69724065,2.535389802035173
0.7,0.7259757,3.7108131817409036
0.62,0.48666406,21.50579729387837
0.67,0.7135927,6.5063743448969085
0.82,0.69348526,15.428626828077357
0.8300000000000001,0.7109606,14.34209318046111
0.79,0.7897074,0.037035157408899864
0.45999999999999996,0.49357125,7.298098180605026
0.77,0.7393914,3.975144609228359
0.74,0.806466,8.981889647406502
0.58,0.37197056,35.86714411603993
0.58,0.77718216,33.99692444965758
0.74,0.68837905,6.9758041484935855
0.6799999999999999,0.6703631,1.417187031577606
0.77,0.6989413,9.22840384693889
0.61,0.6498394,6.531049384445443
0.78,0.6614126,15.203513243259533
0.7,0.6506748,7.046454293387271
0.77,0.70747906,8.119602636857469
0.8400000000000001,0.73514766,12.482422022592461
0.64,0.69358325,8.372382819652554
0.55,0.6952973,26.417691057378587
0.77,0.7524241,2.2825817009071274
0.73,0.70702463,3.147310426790418
0.85,0.7223361,15.019280770245718
0.54,0.6400029,18.51905672638504
0.24,0.7469813,211.242217818896
0.65,0.7333067,12.8164163002601
0.6799999999999999,0.6968964,2.484760915531841
0.6799999999999999,0.71535945,5.199919027440698
0.75,0.6614929,11.800948778788248
0.58,0.5953099,2.6396401997270327
0.8400000000000001,0.746742,11.102141652788442
0.53,0.59371465,12.021632914273239
0.55,0.60585225,10.154953869906329
0.7,0.60731846,13.240219865526468
0.63,0.6405738,1.6783808904980848
0.77,0.7138172,7.296470233372282
0.6799999999999999,0.87315226,28.404743531171025
0.42000000000000004,0.60960585,45.14424971171786
0.78,0.6684347,14.303246216896257
0.53,0.59587526,12.429294946058736
0.5700000000000001,0.5679088,0.3668730719047789
0.62,0.43462887,29.898568699436805
0.85,0.719523,15.350233807283288
0.63,0.66235733,5.1360841781374
0.71,0.6668301,6.080264440724543
0.77,0.721722,6.2698692470401935
0.75,0.7395196,1.397387186686198
0.76,0.7373043,2.986280227962294
0.62,0.6833966,10.225254489529517
0.72,0.7788481,8.173348837428627
0.5,0.64608634,29.21726703643799
0.7,0.49670753,29.041781595775056
0.8300000000000001,0.723869,12.786864372621107
0.6900000000000001,0.6998255,1.423989171567162
0.5,0.7171172,43.42343807220459
0.45,0.61119884,35.821965005662705
0.8099999999999999,0.7366709,9.05297391208601
0.55,0.56875336,3.409702127630052
0.54,0.648425,20.07870056011058
0.75,0.57091063,23.87858231862386
0.6900000000000001,0.7038114,2.001653201338165
0.74,0.69427896,6.178519532487198
0.6599999999999999,0.684161,3.660758697625375
0.72,0.72833997,1.1583291822009654
0.78,0.69889516,10.398056873908414
0.48,0.55391693,15.399360656738285
0.76,0.687148,9.58579276737414
0.73,0.66415787,9.019470214843748
0.5599999999999999,0.5617727,0.3165543079376324
0.35,0.6455795,84.45129053933282
0.6900000000000001,0.70561177,2.2625746934310165
0.7,0.72458005,3.511435644967222
0.73,0.71337026,2.27804608540992
0.49000000000000005,0.43229312,11.776914888498743
0.52,0.65926003,26.780775877145615
0.77,0.7648225,0.6724047970462178
0.79,0.7322207,7.313834262799618
0.65,0.6680989,2.784450237567605
0.8300000000000001,0.61193687,26.27266659794084
0.8,0.6391273,20.10908573865891
0.71,0.6407821,9.748997486812963
0.65,0.64872265,0.1965155968299313
0.79,0.74509895,5.683677407759658
0.55,0.52467567,4.604424129832882
0.78,0.76783943,1.5590472099108608
0.77,0.77202916,0.26352746146065614
0.61,0.7250334,18.85793482671019
0.6900000000000001,0.7093438,2.8034479721732675
0.79,0.70352703,10.945945148226585
0.47000000000000003,0.72654253,54.583517541276635
0.8,0.66705215,16.618481278419498
0.63,0.5715741,9.27395366487049
0.7,0.7530158,7.573688030242927
0.5,0.675131,35.02620458602905
0.53,0.58470386,10.321483522091267
0.8699999999999999,0.8218748,5.531632489171509
0.8400000000000001,0.74044985,11.851208834421074
0.8300000000000001,0.6652776,19.846072254410718
0.58,0.61560005,6.137939568223632
0.58,0.7360214,26.90024129275619
0.76,0.66405475,12.62437481629221
0.47000000000000003,0.36617857,22.089665494066608
0.8300000000000001,0.7009154,15.552361901984165
0.67,0.7141597,6.591004044262325
0.77,0.78190017,1.5454762941831095
0.86,0.7930199,7.7883847924165925
0.26,0.21548826,17.119901913862964
0.58,0.6450307,11.212185744581559
0.67,0.7599786,13.42964065608693
0.51,0.53615224,5.127890904744464
0.65,0.66413736,2.1749789898212106
0.6599999999999999,0.72588307,9.982282826394759
0.73,0.6343967,13.096346267282144
0.52,0.52094656,0.18203120965223704
0.27999999999999997,0.52352,86.97142601013186
0.82,0.7065545,13.834820433360768
0.73,0.686668,5.935893320057488
0.22000000000000003,0.7318778,232.6717290011319
0.72,0.7655872,6.3315570354461705
0.67,0.7128708,6.398623381088023
0.58,0.61496437,6.028338958477159
0.8099999999999999,0.6166454,23.870938795584212
0.76,0.7463808,1.7919992145739114
0.32,0.5661283,76.91509798169136
0.65,0.7811324,20.17421539013202
0.7,0.6534228,6.653889587947295
0.55,0.66123134,20.223879814147942
0.63,0.6935453,10.086552680484832
0.63,0.64965796,3.120311858162047
0.6799999999999999,0.714785,5.115438208860519
0.39,0.71376204,83.01590895041441
0.52,0.5288403,1.700058350196248
0.42000000000000004,0.6488134,54.47938726061865
0.6,0.50580263,15.699561436971026
0.6599999999999999,0.66705215,1.0685075413097158
0.67,0.65033406,2.9352148967002814
0.61,0.72009695,18.048679633218736
0.8099999999999999,0.6433913,20.56897392979374
0.77,0.61376214,20.29063113324054
0.44000000000000006,0.47978112,9.041163867170146
0.85,0.63144034,25.712901003220498
0.63,0.6176588,1.958921599009681
0.48,0.71438813,48.83086085319519
0.75,0.6273256,16.356587409973145
0.74,0.76960003,4.000004562171731
0.7,0.6804492,2.7929731777736055
0.71,0.79379565,11.80220355450268
0.5599999999999999,0.6681923,19.320058396884384
0.82,0.6643294,18.984218341548264
0.74,0.69648284,5.880697675653405
0.71,0.77356493,8.952807708525327
0.52,0.6303029,21.21209731468787
0.6599999999999999,0.71536523,8.388671369263633
0.35,0.5991851,71.19574546813966
0.64,0.77786833,21.541926637291905
0.8099999999999999,0.5717191,29.417393825672285
0.52,0.5470913,5.209866395363437
0.64,0.5898602,7.834343612194064
0.74,0.6789288,8.252865881533236
0.38,0.5284455,39.064600593165345
0.5700000000000001,0.6650927,16.68293099654347
0.5700000000000001,0.71580875,25.580482315598857
0.4,0.5374553,34.363830089569085
0.76,0.60205615,20.782086096311872
0.45999999999999996,0.4654049,1.1749778104865112
0.49000000000000005,0.43676192,10.864915166582389
0.72,0.6425876,10.75172192520565
0.73,0.7314998,0.20545084182530476
0.8300000000000001,0.635746,23.404096120811378
0.6599999999999999,0.66914487,1.3855861895012256
0.67,0.80921525,20.778395168816857
0.41,0.7095648,73.06458659288361
0.6900000000000001,0.67897266,1.5981650006943937
0.6599999999999999,0.7050324,6.823092157190509
0.38,0.62482053,64.42645537225823
0.77,0.6969552,9.486337141557176
0.65,0.6500896,0.013787929828346944
0.79,0.7753813,1.850464977795569
0.55,0.6223793,13.159873268821013
0.67,0.64228225,4.136977978606728
0.82,0.8473772,3.338680616239228
0.75,0.67041266,10.611645380655924
0.76,0.6960606,8.413079224134748
0.77,0.70352703,8.632852814414287
0.6900000000000001,0.7178527,4.036624880804523
0.6599999999999999,0.6908999,4.6818043246413845
0.67,0.6603029,1.4473317274406834
0.75,0.63226974,15.697367986043295
0.76,0.700793,7.790391068709525
0.42000000000000004,0.6123518,45.79804170699345
0.6799999999999999,0.6483025,4.661397723590618
0.89,0.79976153,10.139153512676112
0.79,0.8539396,8.093619346618647
0.72,0.64742273,10.08017626073625
0.77,0.6722021,12.701024637593854
0.65,0.74951583,15.310127918536843
0.61,0.6067754,0.5286224552842416
0.61,0.6892561,12.992798695798783
0.8,0.7482511,6.468614935874944
0.5599999999999999,0.7260754,29.656323364802784
0.78,0.71165174,8.762597120725195
0.85,0.85345787,0.4068080116720787
0.52,0.51726645,0.525682247602026
0.64,0.5990008,6.406123191118243
0.7,0.72478384,3.5405482564653736
0.61,0.6513388,6.776855030997858
0.8699999999999999,0.7705893,11.426518155240453
0.76,0.5783848,23.896734651766327
0.8300000000000001,0.6739667,18.79919207239726
0.77,0.69902796,9.217148632198187
0.54,0.5474118,1.3725554501568762
0.61,0.67295533,10.320546587959669
0.5900000000000001,0.6720877,13.91317440291581
0.73,0.6548067,10.300455681265214
0.7,0.7103437,1.477674075535372
0.8,0.74582934,6.771332025527959
0.54,0.5820519,7.787383927239305
0.75,0.72401696,3.464404741923014
0.6799999999999999,0.69850534,2.7213738245122667
0.6900000000000001,0.7442219,7.858250106590373
0.54,0.6629523,22.768945164150654
0.65,0.5789679,10.92801094055176
0.79,0.7989617,1.1343922796128625
0.75,0.7047381,6.0349225997924805
0.78,0.7550625,3.197112755897721
0.8099999999999999,0.6730629,16.90581227526252
0.75,0.72654724,3.1270345052083335
0.8,0.62029606,22.462992370128635
0.76,0.6969549,8.295407107001857
0.62,0.6782636,9.397355587251726
0.78,0.44262043,43.25379148507729
0.6799999999999999,0.6593155,3.0418343403760035
0.6599999999999999,0.75013083,13.656186696254858
0.64,0.69938886,9.279509633779522
0.86,0.729125,15.218020594397254
0.64,0.5040855,21.236643567681316
0.58,0.631386,8.859652075274244
0.64,0.6761178,5.643402785062788
0.6,0.63746715,6.244524319966638
0.78,0.7158508,8.224260195707666
0.6900000000000001,0.68434525,0.8195296577785409
0.6900000000000001,0.673758,2.3539173430290856
0.48,0.54164743,12.843215465545658
0.76,0.7774865,2.3008556742417174
0.71,0.76393956,7.597121050660045
0.73,0.7522598,3.0492864242971787
0.61,0.61896,1.4688562174312425
0.53,0.39529985,25.4151222840795
0.8,0.71633834,10.457707941532139
0.63,0.53783166,14.629894589620923
0.63,0.76481074,21.398530309162442
0.6,0.66914487,11.524144808451338
0.77,0.7952584,3.280312055117122
0.64,0.69621694,8.78389701247215
0.79,0.60675114,23.19605773008323
0.52,0.73399127,41.15216640325693
0.65,0.6806359,4.713219862717845
0.76,0.6862555,9.703221760298078
0.54,0.7756904,43.64636606640285
0.6,0.6514656,8.577599128087366
0.62,0.7181956,15.838002774023241
0.63,0.684161,8.59698530227419
0.71,0.7597191,7.002686446821191
0.75,0.6957114,7.238483428955078
0.27999999999999997,0.24513239,12.452719041279376
0.7,0.7040795,0.5827869687761643
0.38,0.73191214,92.60845686260022
0.77,0.58269036,24.325927511438145
0.5599999999999999,0.70412874,25.73727539607458
0.72,0.6982536,3.0203372240066493
0.67,0.7100556,5.978446220284072
0.78,0.6565884,15.82200313225771
0.8300000000000001,0.4455071,46.324444678892576
0.8,0.64611465,19.235669076442722
0.5900000000000001,0.49080068,16.813444283048995
0.7,0.7581993,8.314182077135365
0.54,0.68649006,27.127788684986246
0.53,0.62902874,18.68466746132328
0.6799999999999999,0.7234624,6.391529826556945
0.73,0.6833785,6.386504434559441
0.61,0.6514656,6.79763848664331
0.27999999999999997,0.5313625,89.77231213024686
0.58,0.6358966,9.637348816312599
0.5599999999999999,0.6865908,22.605498347963618
0.77,0.7859994,2.0778464032457995
0.7,0.73543036,5.061479977199016
0.6900000000000001,0.66235733,4.0061840112658595
0.64,0.67796534,5.932084843516348
0.7,0.71954525,2.7921778815133296
0.6900000000000001,0.7287729,5.619257774905873
0.8400000000000001,0.77505636,7.7313854580833885
0.67,0.73386204,9.531648123442231
0.79,0.63533217,19.578206690051893
0.71,0.60257447,15.130356667746955
0.52,0.46221524,11.112452928836532
0.9099999999999999,0.78333265,13.919489462297035
0.39,0.7227084,85.30984719594319
0.85,0.80734795,5.0178878447588735
0.62,0.68016356,9.703800370616298
0.86,0.71155256,17.26133019425148
0.72,0.7929039,10.125541687011722
0.75,0.8100912,8.012159665425619
0.7,0.5605481,19.92169618606567
0.8099999999999999,0.7691912,5.038122777585624
0.61,0.5479231,10.176542938732707
0.71,0.64742273,8.813699870042393
0.4,0.55391693,38.47923278808593
0.55,0.75013083,36.3874240355058
0.76,0.806839,6.163024902343749
0.67,0.7786733,16.21989420990445
0.6,0.72112346,20.18724282582601
0.48,0.4408226,8.161958058675127
0.5900000000000001,0.574624,2.6061013593512197
0.72,0.84627706,17.538480295075317
0.52,0.7331698,40.99419116973877
0.38,0.69358146,82.52143734379818
0.6799999999999999,0.6408452,5.758061829735243
0.75,0.6976483,6.980228424072266
0.73,0.74415296,1.9387620769134963
0.8400000000000001,0.7254688,13.634664955593298
0.75,0.683538,8.861597379048666
0.6799999999999999,0.7004387,3.00568798009088
0.64,0.6696429,4.631707072257994
0.49000000000000005,0.5230976,6.754607083846102
0.9,0.84137917,6.513426038953995
0.74,0.67825496,8.343924058450234
0.8400000000000001,0.79572076,5.27133856500899
0.51,0.6902795,35.348918391209025
0.76,0.70175415,7.663927266472266
0.58,0.50605,12.750001611380736
0.6599999999999999,0.6839858,3.634216568686758
0.7,0.8011974,14.45677280426026
0.6900000000000001,0.6540415,5.211372651915627
0.7,0.6474752,7.503545284271234
0.62,0.5616998,9.403256831630584
0.8,0.567868,29.016500711441044
0.62,0.6515789,5.09337148358745
0.8800000000000001,0.6989431,20.574650168418895
0.62,0.6965221,12.342276880818028
0.8300000000000001,0.71399415,13.976608988750419
0.8,0.73742384,7.822020351886755
0.8300000000000001,0.72855633,12.22212831658054
0.54,0.6012918,11.350328833968543
0.6599999999999999,0.5992293,9.207685427232212
0.61,0.5369536,11.974815071606242
0.76,0.79735905,4.915664384239597
0.63,0.72236544,14.661180783831885
0.77,0.70800996,8.050654770491962
0.8099999999999999,0.6972454,13.920318638836891
0.7,0.5666031,19.056696551186693
0.61,0.41015503,32.761470802494735
0.51,0.6795887,33.252681470384786
0.5700000000000001,0.66070974,15.913989251120034
0.64,0.6705298,4.770278558135031
0.73,0.61218566,16.138951092550197
0.25,0.5555045,122.20180034637451
0.74,0.6327841,14.488631325799066
0.82,0.7502755,8.502988699005865
0.76,0.80481493,5.8967019382276025
0.5,0.7362133,47.24266529083252
0.6599999999999999,0.6471619,1.9451665155815236
0.8400000000000001,0.73808306,12.1329685052236
0.58,0.46843553,19.23525415617844
0.77,0.790971,2.7235040416965215
0.8099999999999999,0.722989,10.742095959039377
0.8099999999999999,0.74125546,8.486979979055894
0.8099999999999999,0.75150955,7.22104355140968
0.6,0.6955784,15.929732720057173
0.5900000000000001,0.62327117,5.639180894625374
0.58,0.68345094,17.83636849502038
0.25,0.13528843,45.88462710380554
0.76,0.72927177,4.043188220576237
0.51,0.66101795,29.61136359794467
0.73,0.6887389,5.652207871005958
0.73,0.72588307,0.5639634720266657
0.85,0.6917735,18.61488538629868
0.6799999999999999,0.73698395,8.379993368597601
0.8800000000000001,0.7696097,12.5443534417586
0.74,0.669955,9.46553848885201
0.63,0.7003555,11.167544410342261
0.62,0.719974,16.124835706526234
0.6599999999999999,0.810707,22.834389859979815
0.6900000000000001,0.7151291,3.6418952803680775
0.5599999999999999,0.62396175,11.421740480831701
0.72,0.6690396,7.077832354439626
0.45,0.70154464,55.8988094329834
0.6,0.7390189,23.16981951395671
0.75,0.6370675,15.057667096455893
0.11000000000000001,0.72614825,560.1347706534646
0.48,0.6176717,28.68161002794902
0.8,0.69598806,13.001492619514469
0.74,0.7374755,0.34114670109104345
0.8,0.75849307,5.188366770744329
0.63,0.56608814,10.144739680820042
0.65,0.57830656,11.029760654156027
0.67,0.8363671,24.83090607088003
0.49000000000000005,0.55048996,12.34489022469033
0.6599999999999999,0.8124042,23.09154777815849
0.6799999999999999,0.5841797,14.091220673392792
0.48,0.6812534,41.92778617143631
0.58,0.701626,20.970000480783405
0.48,0.472946,1.4695857961972518
0.8099999999999999,0.7702112,4.9121950879508995
0.75,0.7560596,0.8079449335734049
0.51,0.5410993,6.0979039061303215
0.71,0.7365336,3.7371242550057477
0.78,0.59385425,23.864839932857418
0.6,0.5664625,5.589580535888668
0.65,0.6387064,1.7374790631807802
0.6799999999999999,0.6119235,10.011247676961554
0.72,0.7381081,2.515013681517711
0.8400000000000001,0.7141597,14.980984869457433
0.73,0.7617372,4.347565402723341
0.43,0.5114035,18.931046752042548
0.77,0.53112787,31.022354534694127
0.77,0.69832706,9.308173439719463
0.6,0.35842678,40.26220341523488
0.78,0.7180762,7.938944987761672
0.71,0.75360036,6.140895628593342
0.7,0.5286124,24.483946391514365
0.73,0.6475956,11.288276110609914
0.44000000000000006,0.5949616,35.21854173053393
0.6799999999999999,0.73506784,8.098212410421942
0.51,0.6700541,31.38315256904153
0.65,0.64592206,0.627374649047855
0.8099999999999999,0.6111739,24.546428668646158
0.73,0.6878478,5.774274917498024
0.77,0.69867605,9.262850687101292
0.7,0.7149424,2.134627955300474
0.61,0.6505406,6.645998407582771
0.78,0.79738843,2.2292864628327163
0.7,0.5700685,18.56164591653006
0.72,0.7585375,5.352426568667098
0.53,0.6677757,25.995413312372165
0.65,0.69206935,6.4722079497117235
0.79,0.83807945,6.086006647423848
0.29,0.5936981,104.72347736358644
0.72,0.65806466,8.602130081918501
0.73,0.67169034,7.987623998563581
0.52,0.21215248,59.20144594632662
0.51,0.56075525,9.95201036041858
0.5599999999999999,0.76241213,36.14502336297718
0.44000000000000006,0.6075264,38.07418671521271
0.8300000000000001,0.7680212,7.467322177197568
0.44000000000000006,0.49356258,12.173313444310955
0.74,0.74757195,1.0232358365445535
0.8,0.7873963,1.5754610300064142
0.6900000000000001,0.70709944,2.4781793787859403
0.5599999999999999,0.6211476,10.919209463255756
0.6,0.648425,8.070830504099531
0.6799999999999999,0.67837137,0.239504435483138
0.27,0.54456824,101.69194097872133
0.67,0.7151329,6.736252556985878
0.5700000000000001,0.67261,18.00175173240794
0.55,0.6270841,14.015286619012997
0.61,0.6795887,11.40797958999384
0.5700000000000001,0.628445,10.253513905039993
0.74,0.73854953,0.19600939106296728
0.78,0.62189597,20.269747575124107
0.67,0.6517265,2.7273904031782066
0.71,0.6532086,7.998786845677331
0.8400000000000001,0.7081529,15.696084499359138
0.73,0.5856974,19.767477740980173
0.6900000000000001,0.6887389,0.18277064613674834
0.79,0.6182805,21.736649320095403
0.54,0.6626615,22.71509126380637
0.8099999999999999,0.7289662,10.004175739523799
0.86,0.7690369,10.577105921368265
0.61,0.66092116,8.347730558426656
0.76,0.6841579,9.979222636473807
0.61,0.64523834,5.776777032945979
0.79,0.77495205,1.904803288133843
0.7,0.7919991,13.142728805541998
0.6599999999999999,0.7007672,6.176851373730297
0.74,0.6267351,15.306068755484917
0.74,0.62989724,14.878751780535724
0.51,0.7474242,46.553761818829706
0.62,0.65243566,5.231558122942525
0.48,0.47451463,1.1427847047646804
0.61,0.6573292,7.7588855243120065
0.47000000000000003,0.66504264,41.49843378269925
0.63,0.6917735,9.805313367692252
0.77,0.68435484,11.122747829982215
0.8800000000000001,0.8188293,6.95121613415806
0.5700000000000001,0.6231581,9.325981976693125
0.7,0.62680304,10.456708499363485
0.8,0.7921044,0.986947119235998
0.7,0.7472997,6.757095881870821
0.6900000000000001,0.73610824,6.682354125423699
0.64,0.69006205,7.822194695472715
0.65,0.69640994,7.13999087993915
0.85,0.50788796,40.24847535526052
0.58,0.65155315,12.33675068822401
0.75,0.6464145,13.811397552490234
0.82,0.7856906,4.184072482876656
0.67,0.64733714,3.3825166189848543
0.6,0.65615517,9.359194835027063
0.47000000000000003,0.47802153,1.7067089993902915
0.8300000000000001,0.7260918,12.519059985517027
0.53,0.69021654,30.229536092506258
0.76,0.70296335,7.504822078504062
0.71,0.645446,9.092112326286204
0.71,0.6734924,5.141919431552076
0.49000000000000005,0.4763062,2.7946530556192295
0.82,0.76227164,7.040043575007735
0.37,0.4530983,22.45899922138936
0.8099999999999999,0.7132494,11.944520326308256
0.63,0.70560586,12.000930876958938
0.78,0.72642666,6.868376793005531
0.79,0.64711237,18.08704183071475
0.39,0.47521588,21.85022616997743
0.71,0.5884064,17.125861409684298
0.7,0.7230886,3.2983745847429615
0.77,0.74415296,3.3567580309781184
0.6900000000000001,0.6885013,0.2172031264374305
0.6,0.63791746,6.319576501846317
0.78,0.675131,13.44474064998138
0.6799999999999999,0.8454439,24.329985941157634
0.8,0.69534117,13.082353770732883
0.8,0.6826392,14.670102298259739
0.51,0.5398844,5.85968400917801
0.75,0.6893963,8.080490430196127
0.75,0.75418764,0.5583524703979492
0.75,0.72211325,3.718233108520508
0.51,0.67055845,31.48204953062768
0.78,0.7848353,0.6199075625492942
0.8099999999999999,0.79068005,2.38517890741795
0.65,0.71580875,10.124422953679009
0.53,0.6748639,27.33280658721923
0.49000000000000005,0.529667,8.095310172256148
0.74,0.70986754,4.071954456535544
0.74,0.7480004,1.0811328887939464
0.58,0.6304729,8.702223876426967
0.8099999999999999,0.7758961,4.210361433617856
0.6599999999999999,0.63642174,3.5724636280175295
0.75,0.66641474,11.144701639811197
0.86,0.7871401,8.472084721853564
0.5599999999999999,0.8720573,55.72452119418555
0.67,0.35885325,46.43981332209573
0.64,0.69011724,7.830818742513654
0.6900000000000001,0.66779274,3.2184438429017077
0.35,0.38038358,8.681023120880134
0.86,0.7360437,14.41352422847304
0.71,0.66127014,6.863360337808094
0.35,0.5642572,61.216344152178095
0.79,0.53504366,32.27295483214946
0.77,0.70161045,8.881760262823727
0.8300000000000001,0.74708456,9.989812287939609
0.7,0.7180508,2.578682558877134
0.8300000000000001,0.70372516,15.213836244789958
0.61,0.57122666,6.356285830013086
0.5599999999999999,0.69909376,24.838171260697514
0.73,0.7098576,2.7592351991836317
0.8099999999999999,0.70984286,12.36507892608642
0.63,0.75917923,20.504640397571382
0.8300000000000001,0.7595626,8.486432339771692
0.73,0.67541856,7.476910173076471
0.72,0.63049275,12.431562940279639
0.61,0.6680989,9.524414187572045
0.52,0.6704742,28.937340699709374
0.62,0.6300734,1.6247464764502748
0.63,0.6575595,4.374526039002433
0.3,0.5563385,85.44616301854452
0.5700000000000001,0.7270631,27.554933230082177
0.39,0.5206216,33.4927173761221
0.53,0.6772668,27.786184256931513
0.7,0.779193,11.313283443450935
0.62,0.7528136,21.421544782577023
0.39,0.5882112,50.823379174256935
0.61,0.42268547,30.70729931846994
0.53,0.5609897,5.847109038874783
0.76,0.7122868,6.278056533713091
0.8300000000000001,0.63580215,23.397331352693495
0.71,0.7033122,0.9419411001071074
0.6,0.73433095,22.388492027918502
0.72,0.73843646,2.56061951319377
0.64,0.6273026,1.9839707762002965
0.76,0.7931602,4.363184226186651
0.44000000000000006,0.6275493,42.62483878569167
0.85,0.6522231,23.267869388355926
0.6799999999999999,0.7112162,4.590619311613205
0.5,0.5542218,10.844361782073975
0.78,0.7648097,1.9474708116971562
0.62,0.66907907,7.915978277883222
0.6900000000000001,0.65729886,4.739295226940218
0.47000000000000003,0.52787656,12.314160833967486
0.72,0.66413736,7.758699523078067
0.77,0.71276534,7.433073241989336
0.6900000000000001,0.6850696,0.7145477377850159
0.75,0.7528721,0.3829479217529297
0.55,0.73152435,33.00442695617675
0.6799999999999999,0.77495205,13.963537356432758
0.8,0.773924,3.259500861167913
0.6599999999999999,0.6826392,3.430179032412455
0.7,0.73082995,4.404279163905559
0.73,0.6506248,10.873313472695544
0.75,0.6051829,19.308948516845703
0.8400000000000001,0.8182066,2.594451393399929
0.5700000000000001,0.49737853,12.740609102081844
0.79,0.6034947,23.608265345609645
0.6,0.65197223,8.662039041519169
0.6799999999999999,0.6535437,3.890630778144379
0.71,0.84680104,19.267752472783485
0.7,0.6965957,0.48632451466151017
0.77,0.78515476,1.9681506342702073
0.8,0.63556844,20.553945004940037
0.74,0.80200255,8.378722861006455
0.18,0.32742414,81.90229932467143
0.85,0.7374755,13.238174775067495
0.32,0.4771015,49.094220250844955
0.71,0.6544089,7.829736320065776
0.75,0.781161,4.154801368713379
0.5900000000000001,0.59300745,0.5097364975234073
0.74,0.73418254,0.7861437024296929
0.85,0.7575418,10.877438152537625
0.71,0.7803916,9.914306183935896
0.76,0.7760749,2.115116621318615
0.61,0.7365336,20.74321019844931
0.8,0.775989,3.001375496387487
0.45,0.5277796,17.2843509250217
0.5700000000000001,0.62708765,10.015377663729472
0.8400000000000001,0.793542,5.53071101506552
0.7,0.7587929,8.39898245675224
0.77,0.7986419,3.719729881782034
0.76,0.6723298,11.53555481057418
0.6,0.7201954,20.032568772633873
0.75,0.7360383,1.8615563710530598
0.71,0.6750205,4.926687898770179
0.71,0.83456224,17.543977750858797
0.6900000000000001,0.6128621,11.179404327834868
0.5,0.527787,5.557405948638916
0.72,0.6987296,2.9542257388432787
0.8400000000000001,0.80684334,3.947221381323687
0.73,0.66696346,8.635142731339961
0.8,0.7095648,11.30439937114716
0.63,0.7381515,17.166903283860947
0.6799999999999999,0.590603,13.146618534536913
0.51,0.49007612,3.9066422219369943
0.41,0.6552429,59.81534632240855
0.5,0.64705837,29.411673545837402
0.58,0.6571586,13.303209173268293
0.72,0.7857103,9.126427107387123
0.71,0.68421745,3.631344647474687
0.55,0.59360343,7.927896759726775
0.78,0.6804492,12.762924646719911
0.6900000000000001,0.64705837,6.223424966784498
0.8,0.7577644,5.279450118541723
0.73,0.7010722,3.962710132337594
0.53,0.59042144,11.400271361728878
0.51,0.7016016,37.56894597820207
0.78,0.7441649,4.594245629432877
0.71,0.6618772,6.777857055126777
0.8400000000000001,0.71083915,15.376291388557078
0.6599999999999999,0.6068836,8.047941598025224
0.77,0.69938886,9.170277706988449
0.6900000000000001,0.6520609,5.498416527457867
0.75,0.74044985,1.273353894551595
0.58,0.6283659,8.338943843183854
0.5700000000000001,0.61439997,7.789468346980568
0.71,0.68746656,3.1737236909463324
0.74,0.72419727,2.1355042586455464
0.41,0.62902874,53.421643303661824
0.82,0.79572076,2.9608834080579745
0.67,0.70706666,5.532336590895006
0.6,0.6546652,9.11086201667786
0.71,0.7077043,0.32333723256285263
0.22999999999999998,0.48787516,112.11963632832403
0.7,0.7285329,4.076130049569273
0.8300000000000001,0.712109,14.203731410474669
0.8099999999999999,0.722989,10.742095959039377
0.6799999999999999,0.5824742,14.34203351245206
0.6,0.62943304,4.905505975087488
0.82,0.8036504,1.9938561974502134
0.51,0.744524,45.98509844611673
0.63,0.7100556,12.707236456492591
0.78,0.60508174,22.425418328016235
0.4,0.56973684,42.434209585189805
0.71,0.7062061,0.5343544651085173
0.72,0.45283613,37.106093598736656
0.72,0.61156005,15.061104628774851
0.6900000000000001,0.6964989,0.9418653405230893
0.72,0.74643236,3.6711616648568084
0.85,0.6990277,17.76144504547119
0.8400000000000001,0.8057135,4.081729196366819
0.77,0.65645176,14.746524451614976
0.58,0.667846,15.14586621317371
0.6,0.6222743,3.7123799324035684
0.8400000000000001,0.82499003,1.7869007019769672
0.6599999999999999,0.6206898,5.956089496612537
0.6,0.6092008,1.533462603886926
0.73,0.7888828,8.066135889863318
0.63,0.65615517,4.151614128597198
0.8099999999999999,0.7076353,12.637619324672364
0.5700000000000001,0.6673795,17.084122540657965
0.5599999999999999,0.6102787,8.978343861443665
0.6799999999999999,0.8004411,17.711924454745137
0.5900000000000001,0.6982536,18.348063048669832
0.8,0.65246105,18.442368507385257
0.6,0.5847391,2.5434851646423304
0.58,0.77493304,33.609144852079204
0.82,0.7620573,7.0661823923994795
0.6599999999999999,0.51094174,22.58458426504423
0.85,0.7805256,8.173455911524155
0.41,0.42522928,3.7144588261115903
0.62,0.69560677,12.19464002117034
0.8,0.66907907,16.365116834640506
0.6900000000000001,0.70352703,1.9604396128999928
0.8400000000000001,0.63025224,24.969971179962165
0.51,0.72015125,41.20612658706366
0.45,0.527787,17.286006609598793
0.64,0.60883,4.870316386222841
0.65,0.48440757,25.47575785563543
0.82,0.84753746,3.358226578410085
0.64,0.7404239,15.691237151622769
0.75,0.61840975,17.545366287231445
0.6599999999999999,0.6299492,4.553149685715172
0.8300000000000001,0.7802011,5.9998701853924565
0.8300000000000001,0.7684908,7.410748033638468
0.53,0.53112787,0.2128056760104147
0.22000000000000003,0.58680624,166.73010804436421
0.76,0.701958,7.63710517632334
0.73,0.66154945,9.376787812742466
0.7,0.6818804,2.5885122162955088
0.44000000000000006,0.5589297,27.02947313135319
0.7,0.7484594,6.922771249498647
0.31,0.40021124,29.100401555338212
0.58,0.5570077,3.9641947581850183
0.74,0.7966677,7.657796627766379
0.74,0.68935156,6.844383961445575
0.8800000000000001,0.7868707,10.582872954281905
0.79,0.78475434,0.6640081164203158
0.8,0.6925091,13.436360657215122
0.5700000000000001,0.7890808,38.43522782911332
0.8400000000000001,0.65741324,21.736518541971847
0.78,0.7483776,4.054151131556588
0.77,0.7934715,3.0482487245039485
0.58,0.4768191,17.78981069038654
0.4,0.60834026,52.08506584167479
0.63,0.72503525,15.084960347130185
0.55,0.5977414,8.680259097706179
0.65,0.69612294,7.095837593078611
0.67,0.7151541,6.739419609753048
0.43,0.724131,68.40255537698435
0.5900000000000001,0.6192772,4.962233769691583
0.6599999999999999,0.6962187,5.487686215025018
0.53,0.56105924,5.86023330688476
0.75,0.7339244,2.1434148152669272
0.71,0.70220965,1.0972321872979773
0.6900000000000001,0.70109576,1.6080811403799664
0.75,0.692095,7.720669110616048
0.8300000000000001,0.7573067,8.758229519947474
0.8300000000000001,0.77604884,6.500139868403064
0.63,0.6954066,10.382002497476245
0.5599999999999999,0.75309056,34.48045722075873
0.8099999999999999,0.7251461,10.475788293061427
0.77,0.65878767,14.443160032297111
0.55,0.6489879,17.997798052701075
0.6799999999999999,0.61208415,9.987624953774837
0.73,0.6575595,9.923354240312966
0.78,0.67825335,13.044441968966757
0.85,0.6278664,26.133366192088403
0.62,0.5630655,9.182979214575983
0.72,0.7026967,2.4032387468549903
0.67,0.6992361,4.363596261437253
0.78,0.85351676,9.4252253190065
0.63,0.713974,13.329206194196429
0.62,0.58667296,5.375328756147814
0.62,0.6943408,11.990455658205095
0.71,0.6864386,3.3185042126077953
0.64,0.65526146,2.3846026510000207
0.64,0.6387932,0.1885671168565771
0.6,0.6385987,6.433113416035974
0.75,0.5148993,31.346758206685383
0.5700000000000001,0.6095852,6.94477641791627
0.75,0.75045365,0.060486793518066406
0.49000000000000005,0.71616787,46.156707588507196
0.82,0.7564103,7.7548413741879285
0.58,0.6658559,14.802738715862413
0.8099999999999999,0.6889849,14.940139393747582
0.82,0.7444624,9.211905991158828
0.8099999999999999,0.73640454,9.08585948708616
0.6,0.57600397,3.999338547388709
0.45,0.6427989,42.844200134277344
0.74,0.7376804,0.3134627599973924
0.67,0.76482755,14.153365590679106
0.8300000000000001,0.67010456,19.26451045346548
0.6799999999999999,0.71812105,5.606037027695609
0.6900000000000001,0.6496499,5.8478379595106995
0.72,0.70036936,2.726478046841088
0.78,0.74650615,4.29408275164091
0.32999999999999996,0.5390314,63.34284435619009
0.74,0.57478154,22.326819316760915
0.5900000000000001,0.53195757,9.83770055285956
0.75,0.71165174,5.113101005554199
0.79,0.72013044,8.844247648987594
0.6799999999999999,0.71399415,4.999139028437007
0.8099999999999999,0.7649377,5.5632470566549355
0.8,0.6833785,14.577685296535495
0.82,0.7090358,13.532217828238878
0.65,0.6850696,5.395326247582065
0.6599999999999999,0.6993093,5.955952947789985
0.74,0.6850604,7.424272717656315
0.52,0.4981118,4.209266488368698
0.8099999999999999,0.69534874,14.15447658962673
0.63,0.58667296,6.87730766478039
0.6799999999999999,0.6806714,0.09873439283932872
0.58,0.56783545,2.0973361771682146
0.45999999999999996,0.3952156,14.083565058915505
0.44000000000000006,0.6103652,38.71936635537579
0.6599999999999999,0.7529738,14.086938626838466
0.72,0.65747285,8.684326542748343
0.7,0.58525825,16.39167921883719
0.78,0.6789288,12.957847118377689
0.58,0.6517265,12.366635223914844
0.58,0.6119041,5.500704255597352
0.58,0.70007384,20.702385902404792
0.67,0.7028245,4.899175131498872
0.58,0.5380711,7.229121389060179
0.71,0.70828056,0.24217417542363057
0.5599999999999999,0.5810272,3.754858885492608
0.58,0.7399938,27.585139767876996
0.8300000000000001,0.7461843,10.098278378865812
0.64,0.7488372,17.005808278918263
0.76,0.7201915,5.237963325098942
0.45999999999999996,0.59300125,28.913314446159042
0.8099999999999999,0.57920474,28.493242204925153
0.38,0.6279736,65.25621476926301
0.76,0.47846058,37.04466051176975
0.82,0.6957267,15.155281380909239
0.5900000000000001,0.71234876,20.73707782616048
0.76,0.71000683,6.578048279410916
0.77,0.7602524,1.2659199826129095
0.53,0.5630655,6.238779032005449
0.79,0.58093584,26.463818248314197
0.55,0.8089992,47.09076014432039
0.6900000000000001,0.7860272,13.916984502819993
0.6900000000000001,0.71021855,2.930224460104229
0.76,0.73386204,3.4392049438075025
0.6799999999999999,0.6326291,6.966309337054973
0.76,0.6162487,18.91464120463321
0.61,0.7452514,22.172363468858066
0.55,0.66092014,20.167298750443884
0.5700000000000001,0.55323356,2.941480017544941
0.8300000000000001,0.57411283,30.829779211297097
0.72,0.5073469,29.53514887226952
0.65,0.79806143,22.77868160834679
0.73,0.63594943,12.883639335632322
0.51,0.47940925,5.9981867378833265
0.55,0.6358493,15.60896309939297
0.63,0.6540614,3.819266198173401
0.75,0.6749699,10.004011789957682
0.74,0.6600338,10.806240262211979
0.43,0.6270841,45.83350614059803
0.76,0.7470005,1.7104584919778936
0.67,0.6522734,2.6457587284828357
0.5599999999999999,0.633318,13.09250124863217
0.8400000000000001,0.6715043,20.059009676887882
0.74,0.71720845,3.079939855111611
0.45999999999999996,0.5580317,21.311234391253937
0.8099999999999999,0.55732876,31.193980169884945
0.16999999999999998,0.6466439,280.3787511937759
0.78,0.6911125,11.395830985827327
0.6799999999999999,0.6279736,7.650938805411835
0.78,0.7365498,5.570539144369275
0.72,0.6297925,12.52881785233815
0.65,0.5805649,10.6823205947876
0.6599999999999999,0.60861677,7.785337982755707
0.8300000000000001,0.8081001,2.6385416467505847
0.86,0.6893206,19.84643908434136
0.8,0.63215744,20.980319380760196
0.74,0.77845156,5.196157017269651
0.41,0.58479005,42.63171975205585
0.24,0.5493203,128.88345022996268
0.71,0.58052987,18.23522977426018
0.8400000000000001,0.8038233,4.306750921976008
0.74,0.75874454,2.5330456527503773
0.6799999999999999,0.64038783,5.825318659053121
0.65,0.64120376,1.3532675229586122
0.65,0.67512274,3.8650365976186865
0.55,0.64514965,17.29993603446266
0.82,0.78354526,4.445700529145026
0.63,0.6245472,0.8655264264061344
0.5900000000000001,0.64935815,10.060703956474677
0.82,0.779193,4.9764653531516405
0.8099999999999999,0.7718355,4.711665930571373
0.61,0.5842419,4.2226349721189385
0.31,0.5907911,90.5777762013097
0.64,0.68104315,6.412991881370542
0.71,0.7213245,1.5950004819413357
0.78,0.81756073,4.81547850828904
0.8099999999999999,0.7120851,12.088255823394393
0.76,0.7601041,0.01369997074729401
0.61,0.7160923,17.392178441657396
0.63,0.6139609,2.545885434226385
0.79,0.6915772,12.458582769466355
0.8300000000000001,0.7557708,8.943276807486301
0.79,0.74136007,6.1569533770597475
0.79,0.7771542,1.6260497177703515
0.5599999999999999,0.60373366,7.809581926890792
0.75,0.7596273,1.2836376825968425
0.78,0.7174834,8.01494855147142
0.86,0.7332129,14.74268741385881
0.6799999999999999,0.72364634,6.418579816818247
0.6599999999999999,0.75605315,14.553507530328012
0.71,0.65878767,7.213004542068692
0.6,0.6016745,0.2790828545888302
0.75,0.6604785,11.936203638712565
0.38,0.6047412,59.14242518575568
0.47000000000000003,0.61032647,29.85669552011692
0.8099999999999999,0.70590645,12.851055463155104
0.45,0.44681618,0.7075164053175209
0.71,0.70128644,1.2272626581326287
0.75,0.6952824,7.295680046081543
0.74,0.73767215,0.3145743060756362
0.5,0.6522734,30.454683303833008
0.82,0.76436865,6.7843105734848335
0.71,0.6184866,12.889213629171877
0.6799999999999999,0.7046012,3.6178276819341417
0.73,0.6606677,9.49757295112087
0.77,0.7320487,4.928741517005031
0.76,0.728697,4.118815534993223
0.48,0.599941,24.987711509068813
0.67,0.6686139,0.20687900372406146
0.75,0.64966255,13.378326098124186
0.72,0.41216663,42.754635380374054
0.74,0.67994964,8.11491334760511
0.78,0.80610865,3.347263275048668
0.45,0.47593722,5.7638261053297235
0.6599999999999999,0.5495419,16.73607717860828
0.52,0.74671817,43.599647742051346
0.6799999999999999,0.7534504,10.80152848187616
0.8400000000000001,0.21527979,74.37145383585067
0.73,0.71024966,2.705525698727122
0.8300000000000001,0.7168521,13.632273674011238
0.65,0.6243405,3.9476192914522645
0.6599999999999999,0.7033011,6.560768503131301
0.77,0.74415296,3.3567580309781184
0.5599999999999999,0.70621896,26.11052819660733
0.64,0.69071096,7.923587784171102
0.18,0.76781535,326.5640841590034
0.71,0.70225906,1.0902727153939211
0.85,0.74611455,12.221817409290985
0.37,0.6249865,68.91527820277858
0.6599999999999999,0.44541106,32.51347632119149
0.8400000000000001,0.6906096,17.78457448596047
0.77,0.855395,11.090262214858807
0.6599999999999999,0.631978,4.245761307803056
0.52,0.65408456,25.785492933713467
0.8400000000000001,0.7065543,15.886393615177706
0.8699999999999999,0.71832645,17.43374144893952
0.6900000000000001,0.7506475,8.789490616839856
0.76,0.7466452,1.7572089245444862
0.71,0.6239908,12.113975471174209
0.5700000000000001,0.59908974,5.1034634573417685
0.6599999999999999,0.7266142,10.093057155609145
0.5900000000000001,0.61105245,3.568212460663345
0.78,0.7686792,1.4513844098800301
0.58,0.7275401,25.4379440998209
0.64,0.6917484,8.085684478282925
0.77,0.64523834,16.20281299987397
0.8099999999999999,0.7801646,3.6833827878221985
0.5,0.617662,23.532402515411377
0.6799999999999999,0.739015,8.678673996644871
0.72,0.6768152,5.997887253761288
0.75,0.6879493,8.27342669169108
0.43,0.5552197,29.120862761209178
0.73,0.7411771,1.5311071317489857
0.48,0.59960234,24.917154510815944
0.71,0.5404208,23.884398500684277
0.55,0.73755926,34.10168344324284
0.37,0.42226645,14.126068514746589
0.7,0.67994964,2.8643369674682555
0.6,0.7392262,23.20437033971151
0.63,0.6548067,3.937567226470462
0.58,0.5544357,4.407643038651032
0.65,0.6284357,3.3175890262310355
0.52,0.65645176,26.240723408185513
0.8400000000000001,0.73374766,12.649087962650125
0.74,0.6858452,7.318216723364752
0.61,0.57669866,5.459235926143457
0.8400000000000001,0.6431037,23.440033481234604
0.63,0.5996493,4.817569823492142
0.58,0.6759593,16.544705012748988
0.42000000000000004,0.5805915,38.236071382250095
0.71,0.758675,6.855630874633794
0.6799999999999999,0.72026247,5.920951156055236
0.8400000000000001,0.66057426,21.360207455498838
0.62,0.68901527,11.131495045077417
0.49000000000000005,0.7087933,44.65169030792858
0.85,0.80016863,5.8625137104707585
0.8099999999999999,0.81092423,0.1141027167991427
0.65,0.640667,1.4358428808359034
0.71,0.7957641,12.079449102912156
0.6799999999999999,0.62795746,7.653314225813913
0.63,0.7242886,14.96644171457442
0.7,0.7727501,10.392868518829353
0.6,0.54243404,9.594327211380003
0.72,0.73778814,2.4705751074685027
0.73,0.6562915,10.097056872224153
0.65,0.58313435,10.287022590637209
0.5599999999999999,0.5040449,9.991983856473642
0.67,0.63633597,5.0244822430966565
0.6,0.65305597,8.842660983403528
0.53,0.49310517,6.961288092271341
0.65,0.7181956,10.491633415222164
0.74,0.725481,1.9620305783039802
0.47000000000000003,0.46719837,0.5960910878282973
0.82,0.74682677,8.923564887628316
0.85,0.6928981,18.482577099519617
0.73,0.5361198,26.55892894692617
0.52,0.695978,33.841920357484085
0.8,0.7246377,9.420289099216467
0.75,0.6890493,8.12675952911377
0.65,0.76318014,17.41232872009277
0.51,0.47697198,6.476081586351583
0.54,0.60901546,12.780641626428668
0.64,0.5617744,12.22275421023369
0.6,0.54164743,9.725427627563475
0.74,0.71960986,2.7554247830365144
0.55,0.59399843,7.999714938077051
0.6799999999999999,0.68970245,1.4268310631022827
0.75,0.58790284,21.612954139709473
0.6599999999999999,0.6970452,5.612910155094044
0.64,0.5973845,6.658669933676722
0.36,0.6817597,89.3776986334059
0.8699999999999999,0.56758326,34.76054449191038
0.67,0.55458,17.226869668533556
0.6,0.6579494,9.658231337865198
0.65,0.65793955,1.2214697324312616
0.41,0.62148803,51.5824474939486
0.73,0.73331225,0.4537327648842196
0.71,0.594373,16.285494683494026
0.65,0.6715598,3.316893944373494
0.76,0.64738446,14.817833586743003
0.7,0.69972616,0.039119379861007886
0.72,0.7143342,0.7869180705812205
0.76,0.7269121,4.353673520841098
0.09,0.75304353,736.7150359683567
0.62,0.71778613,15.771956982151154
0.25,0.5366105,114.64419364929199
0.71,0.6703631,5.582658002074331
0.74,0.6266813,15.313334078402132
0.74,0.5085232,31.28064516428355
0.62,0.7650291,23.391785929279944
0.85,0.7730133,9.057259559631346
0.8,0.69890845,12.636443972587589
0.5599999999999999,0.6121191,9.306978327887409
0.63,0.7230873,14.775763617621527
0.6900000000000001,0.7287729,5.619257774905873
0.22000000000000003,0.6980748,217.3067352988503
0.58,0.60469085,4.257043065695934
0.51,0.56186515,10.169637436960256
0.6900000000000001,0.75029814,8.738861222198036
0.67,0.61813986,7.74031895310132
0.51,0.37991917,25.506044836605295
0.58,0.6358493,9.629189145976106
0.77,0.7351352,4.52789641045905
0.5599999999999999,0.6177715,10.316340412412382
0.71,0.6460973,9.000379938474838
0.52,0.6368863,22.47813435701223
0.65,0.63877463,1.7269794757549612
0.78,0.6987296,10.419285297393802
0.82,0.72002643,12.191898357577434
0.45,0.6164953,36.998958057827416
0.8800000000000001,0.80577815,8.434301614761365
0.64,0.49039143,23.376338556408886
0.6799999999999999,0.5326795,21.664779677110552
0.41,0.434082,5.873658889677473
0.75,0.71954525,4.0606339772542315
0.8,0.80234146,0.2926826477050726
0.6599999999999999,0.7033703,6.5712535020077
0.67,0.71499777,6.716084836134264
0.51,0.6962187,36.51347627826765
0.78,0.4654049,40.33270539381566
0.5900000000000001,0.58468854,0.9002467333260363
0.67,0.5085013,24.10428488432472
0.8,0.68737346,14.078317582607273
0.5,0.55680853,11.361706256866455
0.6900000000000001,0.62613076,9.256411635357408
0.7,0.723421,3.345853941781187
0.78,0.6540605,16.14609192579221
0.6900000000000001,0.6236455,9.616596456887072
0.62,0.36681968,40.835535526275635
0.82,0.7632755,6.9176214497263775
0.79,0.7147178,9.529391723343092
0.71,0.74090415,4.352697520188888
0.7,0.65793955,6.0086352484566765
0.62,0.67952096,9.6001555842738
0.79,0.62310016,21.126561828806434
0.72,0.719225,0.10764035913678965
0.79,0.7645448,3.2221791110461315
0.8099999999999999,0.73982304,8.663821809085793
0.58,0.48894757,15.698694771733772
0.7,0.69504195,0.7082922118050649
0.7,0.67370015,3.7571208817618174
0.58,0.6792348,17.109448745332923
0.86,0.7856566,8.644584722297134
0.71,0.7365336,3.7371242550057477
0.44000000000000006,0.5712693,29.83392585407602
0.55,0.68762827,25.02332167191938
0.63,0.71261346,13.11324815901499
0.8,0.85023063,6.278829276561731
0.63,0.6408123,1.716234570457821
0.7,0.6625775,5.346070017133434
0.78,0.70904607,9.096658229827884
0.5,0.5375985,7.519698143005371
0.67,0.6740423,0.6033260430862595
0.6,0.567868,5.355334281921383
0.52,0.6495799,24.91920819649329
0.4,0.7405676,85.1419061422348
0.73,0.56314135,22.857349866057096
0.73,0.7755688,6.242299079895022
0.51,0.6098273,19.57397647932464
0.54,0.60136044,11.363044491520627
0.64,0.76241213,19.126895442605015
0.74,0.70372516,4.902005517804944
0.5,0.5956534,19.130682945251465
0.76,0.69860256,8.07861089706421
0.75,0.48648053,35.135928789774574
0.8800000000000001,0.81475747,7.413924282247382
0.72,0.6006078,16.58224827713436
0.78,0.60229784,22.782327884282825
0.21000000000000002,0.2980142,41.911520844414106
0.77,0.6751633,12.316450824985258
0.62,0.68392986,10.31126783740136
0.8300000000000001,0.695288,16.230361145662982
0.89,0.8122978,8.730581905064959
0.74,0.7107838,3.94813788903726
0.6,0.58189857,3.016904989878333
0.62,0.67894703,9.507585725476664
0.77,0.7627721,0.9386904827960149
0.86,0.78181773,9.090961134710975
0.63,0.605729,3.8525422414143886
0.6799999999999999,0.7333044,7.838879613315368
0.53,0.692095,30.583958805732
0.6900000000000001,0.7264164,5.2777404370515155
0.74,0.70109576,5.257329747483536
0.61,0.7529527,23.434868015226773
0.64,0.691558,8.055938035249707
0.71,0.7055039,0.6332562003337112
0.82,0.54775053,33.20115455767003
0.7,0.64606327,7.705247402191156
0.6599999999999999,0.6614704,0.22278988000119584
0.74,0.71468365,3.4211281183603637
0.62,0.6103652,1.5539980703784566
0.65,0.75957924,16.858344811659588
0.58,0.6637418,14.438246036398008
0.67,0.73453873,9.632646859581785
0.64,0.7392262,15.504097193479534
0.6599999999999999,0.84250015,27.651537909652262
0.74,0.7452457,0.7088777181264528
0.6599999999999999,0.60128963,8.895510615724495
0.74,0.6644589,10.208260690843735
0.78,0.6994039,10.332835637606111
0.76,0.6346643,16.49153985475239
0.61,0.55523074,8.97856774877329
0.8,0.7201915,9.976065158844
0.6,0.76089877,26.8164614836375
0.76,0.7323286,3.640974509088618
0.62,0.746927,20.47210047321935
0.8,0.7578984,5.262701213359838
0.8300000000000001,0.7883808,5.0143612436501455
0.77,0.73563325,4.463213759583314
0.8,0.68762827,14.046466350555423
0.67,0.68434525,2.141081397213147
0.6799999999999999,0.7089299,4.254396522746376
0.7,0.7529738,7.56768499101912
0.65,0.72777945,11.966068928058327
0.62,0.68762827,10.907785354122039
0.5900000000000001,0.5692798,3.511900012776016
0.61,0.6941078,13.788159167180298
0.55,0.6729743,22.358961538834997
0.74,0.6767313,8.549825887422303
0.64,0.7299282,14.051280543208119
0.78,0.6986378,10.43105339392638
0.71,0.6800655,4.2161249778640055
0.8099999999999999,0.7454275,7.9719149036171935
0.8,0.7275401,9.057490527629858
0.76,0.724534,4.666582220479063
0.58,0.678253,16.940171554170814
0.67,0.6636467,0.9482540301422634
0.67,0.6807209,1.6001381091217435
0.73,0.5939388,18.63851677881528
0.48,0.7514901,56.56044085820516
0.8400000000000001,0.71011525,15.46246977079483
0.74,0.7250334,2.022513183387549
0.73,0.7028245,3.722674879309247
0.6599999999999999,0.57050985,13.559113488052821
0.78,0.7444624,4.5561062983977525
0.6,0.6952973,15.882883469263716
0.75,0.6858014,8.559815088907877
0.67,0.62819827,6.23906477173763
0.4,0.7188621,79.71552908420561
0.7,0.65948355,5.788064002990716
0.79,0.72878104,7.749234875546231
0.35,0.38884804,11.09943900789534
0.64,0.5959296,6.8859964609146145
0.6799999999999999,0.74407774,9.423197367612064
0.8099999999999999,0.76502454,5.552525579193486
0.71,0.74343073,4.708554039538751
0.38,0.42751873,12.50492773557964
0.54,0.6030431,11.674644328929752
0.77,0.75489926,1.9611346257197415
0.6900000000000001,0.63936317,7.338671062303633
0.61,0.8677873,42.26021336727455
0.55,0.56259334,2.2896983406760394
0.79,0.7587852,3.951242000241827
0.5700000000000001,0.6658172,16.810035287288184
0.7,0.76960003,9.942861965724408
0.62,0.63051254,1.6955702535567752
