critic,predicted_critic,percent_diff
0.63,0.71813285,13.989341826665969
0.4,0.51152,27.880007028579705
0.81,0.74150395,8.45630198349188
0.67,0.69745004,4.097021159841048
0.42,0.35980856,14.331294241405665
0.33,0.48996192,48.473309748100505
0.65,0.7168094,10.278367996215817
0.63,0.57890475,8.110357466198149
0.43,0.6273903,45.904726760331975
0.87,0.4029401,53.68504661253129
0.56,0.19182706,65.74516807283675
0.49,0.48646557,0.7213115692138654
0.77,0.7168094,6.907871172025608
0.46,0.54593384,18.68127014326012
0.7,0.7501689,7.166988509041929
0.24,0.38524115,60.51714619000753
0.5,0.5715708,14.314162731170654
0.69,0.6923129,0.33520235531572756
0.63,0.5155125,18.172614915030344
0.41,0.49836206,21.551723015017632
0.91,0.6684713,26.541617938450408
0.64,0.39706397,37.95875459909439
0.51,0.656155,28.65784121494667
0.43,0.37857002,11.960460418878597
0.66,0.6648605,0.7364374218564997
0.86,0.64855105,24.587087575779407
0.57,0.5757416,1.007296327959036
0.85,0.57372844,32.50253621269675
0.69,0.7458114,8.088609101115802
0.44,0.4114148,6.496635892174461
0.8,0.59455204,25.680994987487797
0.69,0.45624018,33.87823519499405
0.8,0.46018612,42.47673451900483
0.87,0.60483986,30.4781768513822
0.75,0.5610433,25.1942237218221
0.55,0.6388855,16.160999644886356
0.51,0.2368383,53.56111842043259
0.65,0.66650546,2.539300918579098
0.42,0.3778965,10.024645782652351
0.46,0.3659013,20.456241006436557
0.58,0.62505436,7.767993006212965
0.68,0.64430445,5.249344951966236
0.28,0.652947,133.1953602177756
0.53,0.45923752,13.351412089365837
0.41,0.6746693,64.55349398822321
0.9,0.6743544,25.071736176808677
0.31,0.4161734,34.249483385393695
0.65,0.6297833,3.1102657318115265
0.18,0.17862521,0.7637716001934438
0.69,0.7240711,4.937838471454131
0.44,0.5226267,18.77879500389099
0.65,0.65850073,1.3078047679020774
0.66,0.60079724,8.970115762768375
0.45,0.51103395,13.563100496927895
0.78,0.70123935,10.097519556681318
0.38,0.568802,49.68473660318475
0.33,0.58716273,77.92810093272816
0.74,0.50044227,32.37266669402251
0.32,0.51872224,62.10069879889488
0.56,0.54559404,2.5724934680121376
0.55,0.5066204,7.8871987082741555
0.48,0.46248215,3.649551173051195
0.56,0.552995,1.2508881943566552
0.59,0.68730545,16.49244922702596
0.51,0.48593926,4.717791314218561
0.8,0.7753317,3.083540499210363
0.68,0.5005992,26.382469780304856
0.79,0.5661726,28.332582304749312
0.57,0.6342323,11.268821515535064
0.66,0.68789554,4.226596427686282
0.38,0.52084285,37.06390794954802
0.32,0.5428846,69.65143382549286
0.52,0.65828246,26.592780535037697
0.71,0.69542867,2.0523000770891167
0.38,0.65998983,73.68153521889134
0.58,0.8612573,48.49264046241498
0.69,0.7321096,6.102841487829244
0.57,0.53909403,5.422099849633995
0.85,0.95456696,12.301994772518384
0.82,0.5907133,27.961789980167293
0.68,0.73212063,7.664798989015458
0.88,0.7075153,19.60053416815671
0.53,0.5966393,12.573448217140049
0.54,0.44130355,18.277120148694078
0.44,0.50872904,15.620236505161632
0.36,0.2682414,25.48849847581651
0.64,0.7515562,17.43065901100635
0.76,0.73637444,3.1086266040802015
0.78,0.6213567,20.338881321442436
0.37,0.5851105,58.13796906857877
0.66,0.7914043,19.90974346796671
0.77,0.6529218,15.204961578567309
0.62,0.53314644,14.00863855115829
0.37,0.5529657,49.45018935847927
0.65,0.5464673,15.928107041579029
0.64,0.67926025,6.134414672851561
0.51,0.7483061,46.72668541178984
0.49,0.34031022,30.548935520405674
0.82,0.6618896,19.281754551864246
0.75,0.5636122,24.851703643798828
0.65,0.5204059,19.937555606548607
0.55,0.63309705,15.108555013483214
0.45,0.587459,30.546450614929196
0.43,0.641929,49.28580716598866
0.99,0.74514455,24.732874138186677
0.23,0.46178162,100.7746178170909
0.57,0.68196934,19.643744669462517
0.66,0.5635009,14.62107860680783
0.69,0.58760834,14.839371390964667
0.3,0.34895748,16.31915966669719
0.31,0.3938579,27.05093429934594
0.49,0.55603135,13.475784963491014
0.64,0.580074,9.363435581326486
0.39,0.4591943,17.74212886125613
0.75,0.67555916,9.925444920857748
0.38,0.42698735,12.365092101850008
0.8,0.6939599,13.255013525485996
0.62,0.59006155,4.828783004514632
0.6,0.65462285,9.103808800379438
0.59,0.6171937,4.609101505602826
0.14,0.3427155,144.7967869894845
0.68,0.63513094,6.598390901789953
0.51,0.715953,40.382939693974514
0.72,0.65297043,9.309662050671044
0.63,0.5918055,6.06261624230279
0.69,0.4920072,28.694609282673262
0.63,0.6084556,3.419746292961969
0.65,0.5253962,19.169811102060173
0.7,0.60808665,13.13047919954572
0.62,0.58201164,6.127154827117919
0.72,0.5300541,26.38137605455186
0.53,0.39052075,26.31683934409664
0.18,0.43369502,140.94167682859634
0.59,0.55052286,6.691040022898523
0.82,0.70123935,14.483006407574903
0.53,0.53345305,0.6515183538760728
0.74,0.70511955,4.713574293497445
0.79,0.673718,14.719243592853791
0.33,0.42121303,27.640312368219544
0.87,0.7697395,11.52419441047756
0.81,0.74256444,8.325377805733392
0.89,0.59707546,32.912869399852966
0.37,0.45211744,22.193903536409945
0.73,0.6401609,12.306723529345367
0.63,0.5853091,7.093795519026499
0.62,0.5151413,16.912692208443918
0.8,0.80599916,0.7498949766159002
0.54,0.68151253,26.206024929329192
0.48,0.5934736,23.640336096286777
0.6,0.68337584,13.895972569783533
0.57,0.57135767,0.2381872712520217
0.49,0.53858846,9.916013114306393
0.83,0.73347193,11.629887948553243
0.58,0.4595558,20.766240563885916
0.66,0.58760834,10.968433726917619
0.72,0.6827804,5.169390969806244
0.33,0.5830916,76.69442928198612
0.62,0.67757064,9.285587264645484
0.75,0.57268876,23.641498883565266
0.27,0.39308387,45.5866186707108
0.56,0.6180484,10.365790980202801
0.79,0.7726751,2.1930256976357034
0.83,0.45136148,45.6190991114421
0.19,0.36813307,93.75424636037727
0.72,0.5112708,28.9901637368732
0.39,0.43207484,10.788421753125307
0.68,0.5744452,15.522766463896815
0.51,0.69043285,35.378989518857466
0.45,0.46826148,4.058106740315752
0.34,0.4815097,41.62049574010511
0.63,0.7084576,12.45358557928176
0.16,0.3585121,124.07006472349167
0.96,0.84950185,11.510224143664038
0.61,0.59149444,3.033698191408249
0.24,0.4465767,86.07363104820251
0.94,0.82613325,12.113483915937703
0.53,0.55266875,4.277122695490994
0.63,0.6331885,0.5061089046417714
0.59,0.60483986,2.5152307445720146
0.4,0.4161734,4.0433496236801085
0.46,0.45247543,1.6357763953830928
0.54,0.7167765,32.736387076201254
0.61,0.6813784,11.70138101108739
0.79,0.5665391,28.286188765417176
0.57,0.43850654,23.0690274322242
0.57,0.5849689,2.626127109192974
0.6,0.5132237,14.462715387344359
0.26,0.5253962,102.07547224484956
0.56,0.57329863,2.374755910464686
0.91,0.7455688,18.06936133038867
0.58,0.5488529,5.370186115133345
0.33,0.5287443,60.22553949645071
0.63,0.62023866,1.5494187672932949
0.53,0.617705,16.548110853950924
0.81,0.5832654,27.99192299077541
0.26,0.32864392,26.40150693746713
0.24,0.1625943,32.25237354636192
0.57,0.5477265,3.9076294815331094
0.84,0.53935975,35.79050614720299
0.5,0.57583135,15.166270732879639
0.65,0.5832654,10.266857880812427
0.5,0.3835485,23.290300369262695
0.86,0.6464004,24.83716371447541
0.48,0.5019623,4.575480024019881
0.86,0.8729999,1.5116170395252333
0.63,0.63113815,0.1806580831134123
0.57,0.6761098,18.615752772281056
0.71,0.78658676,10.78686781332527
0.45,0.552244,22.720890574985077
0.68,0.6432958,5.397672863567584
0.64,0.54210687,15.2958020567894
0.37,0.47909516,29.485178638148952
0.55,0.67410547,22.564630074934517
0.59,0.55636066,5.701582714662709
0.76,0.6916998,8.986868042694896
0.63,0.5298334,15.899464062282018
0.46,0.63141924,37.26505248442939
0.46,0.53025424,15.272661913996153
0.78,0.67968464,12.86094372089093
0.6,0.5027991,16.200151046117146
0.88,0.967439,9.936249527064236
0.61,0.6239808,2.291937734259936
0.36,0.55062085,52.95023719469707
0.3,0.36447448,21.491491794586185
0.4,0.42121303,5.303257703781122
0.67,0.509919,23.892688395372083
0.82,0.63487816,22.57583432081269
0.35,0.3206646,8.381538731711245
0.69,0.60665745,12.078631096991932
0.48,0.5873122,22.356712818145756
0.6,0.6825091,13.751520713170374
0.42,0.5878431,39.9626476424081
0.51,0.49779385,2.3933621013865767
0.32,0.67414993,110.67185327410698
0.62,0.53336924,13.97270271855016
0.51,0.56968,11.701955982283048
0.6,0.6675577,11.259619394938154
0.07,0.5512922,687.560258592878
0.72,0.6020388,16.383499900499974
0.78,0.6986371,10.431137451758756
0.23,0.14790478,35.69357239681742
0.73,0.68769515,5.795185533288405
0.66,0.6574696,0.3833983883713278
0.38,0.41869426,10.18269940426475
0.79,0.7334744,7.155142554753947
0.73,0.41534728,43.10311258655705
0.73,0.65360236,10.46542990697573
0.62,0.5999313,3.2368871473496954
0.4,0.6499197,62.479922175407395
0.49,0.5474303,11.720464667495419
0.41,0.5131918,25.168736388043666
0.72,0.6447389,10.45292880800035
0.74,0.67126936,9.287924702103073
0.59,0.5348929,9.340183613664008
0.52,0.5111042,1.7107257476219797
0.26,0.57372844,120.6647854584914
0.62,0.8249726,33.060101539857925
0.7,0.4682384,33.108798095158164
0.54,0.5324513,1.3979125905920022
0.43,0.4429217,3.005046068235887
0.7,0.6173861,11.801985331944053
0.65,0.42834377,34.10095801720253
0.48,0.45305902,5.612704654534654
0.3,0.4298793,43.293102582295745
0.91,0.60498375,33.518269559839275
0.59,0.73290783,24.221666384551494
0.76,0.8290454,9.084923016397575
0.38,0.5018841,32.074763900355286
0.78,0.5486542,29.65971812223777
0.41,0.50730574,23.733107636614548
0.49,0.44809347,8.552352263002978
0.7,0.57104135,18.422664914812355
0.61,0.56395954,7.547616567768031
0.53,0.5389595,1.6904722969486978
0.54,0.5793274,7.282852685009985
0.25,0.5665391,126.61564350128174
0.76,0.580313,23.643022775650024
0.7,0.6500144,7.140799931117461
0.43,0.4715575,9.664534413537316
0.97,0.89955807,7.262054915280683
0.39,0.5298334,35.85471189939058
0.7,0.67968464,2.9021944318498822
0.25,0.61437804,145.75121402740479
0.75,0.5804708,22.603893280029297
0.85,0.54694396,35.65365146188174
0.52,0.52182716,0.35137717540447183
0.49,0.55431056,13.124604127844988
0.68,0.5731951,15.706602966084207
0.66,0.5200214,21.208881970607877
0.31,0.41551512,34.037137031555176
0.78,0.63350314,18.781648843716358
0.78,0.69333476,11.110928425422086
0.87,0.64670277,25.666348687533674
0.68,0.6345248,6.687526141895975
0.71,0.54191655,23.67372546397464
0.56,0.63487816,13.371099744524264
0.75,0.5968185,20.424199104309082
0.74,0.4765631,35.599581615344896
0.54,0.5664311,4.8946490994206115
0.67,0.52690876,21.35690219366729
0.51,0.54378945,6.625381638022028
0.92,0.5849896,36.41417311585469
0.2,0.35014915,75.07457733154295
0.37,0.43264788,16.931860511367386
0.65,0.35291922,45.70473524240347
0.31,0.590658,90.53484162976665
0.65,0.69932836,7.588978914114142
0.61,0.47992045,21.32451690611292
0.61,0.5877542,3.646854103588665
0.14,0.32692966,133.52118475096566
0.64,0.6783913,5.99863715469837
0.75,0.55643964,25.808048248291016
0.91,0.95858824,5.339367311079419
0.46,0.57475084,24.945834926936932
0.74,0.5602355,24.292499954636032
0.53,0.41757095,21.21302856589264
0.79,0.78775233,0.2845151514946705
0.69,0.7394908,7.172580732815516
0.36,0.7132915,98.13653495576646
0.69,0.47310233,31.434444759203032
0.43,0.45744997,6.38371456501096
0.46,0.5828982,26.71699990396914
0.31,0.3583511,15.597132713563981
0.51,0.43853116,14.013497969683481
0.98,0.60366005,38.40203601486829
0.53,0.67876816,28.069463765846102
0.6,0.6577524,9.62539911270142
0.65,0.49096882,24.466334856473484
0.72,0.7312996,1.5693859921561384
0.41,0.6293613,53.50274923371107
0.68,0.53899,20.736761654124546
0.74,0.66080785,10.701642165312895
0.72,0.7078797,1.6833719280030957
0.75,0.48367774,35.509634017944336
0.7,0.56595176,19.149747916630332
0.74,0.68073446,8.008857353313548
0.72,0.6509746,9.586865040991038
0.71,0.63274395,10.881133146688967
0.79,0.6133535,22.36031761652307
0.55,0.60839576,10.617410052906374
0.59,0.56671864,3.945993568937652
0.49,0.49606442,1.2376376560756157
0.72,0.54378945,24.47368800640106
0.81,0.67122096,17.133215032977827
0.63,0.20078437,68.1294650312454
0.55,0.31688756,42.384080453352496
0.68,0.13769732,79.75039350635866
0.81,0.51651925,36.232191544991956
0.45,0.45656258,1.4583508173624649
0.38,0.36165679,4.827161839133816
0.45,0.63190246,40.422768063015404
0.35,0.3211797,8.234374863760806
0.44,0.4429217,0.6640222939577964
0.34,0.3336934,1.8548867281745531
0.79,0.56059086,29.039131236981746
0.25,0.5171903,106.87611103057861
0.72,0.6056277,15.88503950172
0.42,0.56147397,33.68427753448487
0.83,0.661427,20.30999746667333
0.82,0.7749055,5.499328927295958
0.4,0.5452052,36.30129396915435
0.52,0.4876309,6.224826207527751
0.8,0.73966277,7.542154192924505
0.35,0.43971103,25.63172408512661
0.94,0.5926806,36.94887516346383
0.59,0.5467347,7.333103276915463
0.32,0.7015128,119.22275424003601
0.62,0.551861,10.990163203208677
0.51,0.656155,28.65784121494667
0.39,0.5073563,30.091355397151062
0.68,0.4860416,28.523293312858137
0.35,0.4409502,25.98577567509243
0.48,0.3583405,25.34572879473368
0.55,0.5110427,7.083142887462277
0.52,0.5302634,1.9737353691687916
0.56,0.6867557,22.634949428694576
0.47,0.463637,1.3538309868345813
0.33,0.71975243,118.10679724722198
0.66,0.6585423,0.22086735927697854
0.83,0.3530001,57.46986693646534
0.45,0.4412315,1.9485579596625457
0.88,0.58182603,33.8834055445411
0.66,0.49631435,24.80085654692217
0.46,0.46622372,1.3529818990956137
0.74,0.64756155,12.491682413462046
0.61,0.75618577,23.96488033357214
0.81,0.6669994,17.654395103454597
0.44,0.78003323,77.28027972308072
0.11,0.33079368,200.72152614593506
0.45,0.51691175,14.869276682535805
0.68,0.652373,4.06279178226696
0.37,0.43293375,17.009121018487054
0.89,0.64623773,27.389018991020286
0.76,0.72075194,5.164218262622232
0.49,0.7013585,43.13438717199832
0.41,0.36095768,11.961540943238788
0.79,0.6728425,14.830062962785556
0.87,0.6610007,24.02290475779566
0.4,0.44473487,11.183717846870417
0.46,0.581512,26.415646594503645
0.75,0.64183044,14.422607421875
0.68,0.52077705,23.41514019405141
0.32,0.32863998,2.6999950408935525
0.48,0.62947184,31.13996634880702
0.8,0.6132173,23.347838222980503
0.63,0.70861894,12.479196654425728
0.81,0.5019491,38.03097877973392
0.62,0.6761098,9.049966258387412
0.62,0.6198113,0.030436054352790363
0.4,0.57510036,43.77509057521819
0.54,0.5253962,2.7044022524798423
0.55,0.4127863,24.94794455441562
0.77,0.49922687,35.16534179836125
0.64,0.6368681,0.48935636878013816
0.83,0.61560625,25.830572484487508
0.6,0.4689572,21.84046904246012
0.74,0.7277589,1.6542048067659934
0.55,0.605329,10.059814019636665
0.77,0.79176986,2.8272548279204903
0.57,0.6661212,16.863365758929348
0.61,0.7480587,22.632569954043532
0.58,0.1893445,67.35439732156951
0.65,0.5369686,17.389447872455307
0.45,0.52487594,16.639097531636555
0.29,0.39268267,35.40781777480554
0.52,0.7448708,43.24438113432664
0.69,0.6297125,8.737315647843948
0.61,0.54146206,11.235727247644641
0.47,0.44365913,5.6044411151967095
0.86,0.6218121,27.69626683967058
0.68,0.6563137,3.483276858049287
0.53,0.48646557,8.214042771537354
0.68,0.58616465,13.79931569099427
0.58,0.47496718,18.10910660645057
0.7,0.5420226,22.56820201873779
0.77,0.5782546,24.902002532760818
0.51,0.5990443,17.459671170103782
0.79,0.6163666,21.97890824909452
0.4,0.49442124,23.605310916900628
0.77,0.5420363,29.605675982190416
0.52,0.6246887,20.13243941160348
0.89,0.73124737,17.837374665763942
0.5,0.5367798,7.355964183807373
0.85,0.71489805,15.894347078659953
0.9,0.7541469,16.205902894337974
0.62,0.48572618,21.657068114126883
0.74,0.7331201,0.9297184042028467
0.74,0.74340475,0.46010081832473465
0.55,0.601405,9.346368096091522
0.66,0.5549939,15.910010988062083
0.76,0.6383011,16.013016512519435
0.67,0.7634143,13.942436317899327
0.31,0.51984185,67.69091929158857
0.57,0.5461234,4.188879749231163
0.86,0.73409426,14.64020207870838
0.71,0.51651925,27.250810072455604
0.28,0.53944385,92.65851804188317
0.14,0.5543371,295.95506020954673
0.73,0.5743629,21.320154242319603
0.53,0.65822595,24.1935761469715
0.34,0.53377885,56.99377831290749
0.78,0.4888416,37.32800086339315
0.53,0.69107956,30.39236923433699
0.55,0.5277305,4.048995538191369
0.56,0.68102294,21.61123965467724
0.38,0.63032335,65.87456590250919
0.59,0.51312214,13.030145531993796
0.48,0.6558021,36.62543147802353
0.73,0.61285806,16.046841503822638
0.73,0.43708187,40.12577076480813
0.68,0.65770143,3.279201072805075
0.37,0.48341262,30.65206037985312
0.66,0.6447389,2.312285972364026
0.47,0.5550924,18.104764755736014
0.45,0.49074942,9.055426385667587
0.71,0.73493415,3.5118522778363346
0.79,0.71579915,9.392512297328519
0.64,0.6858917,7.170576229691503
0.85,0.73958135,12.990429822136372
0.71,0.33552104,52.7435151624008
0.55,0.5498185,0.03299713134766432
0.69,0.57891566,16.099180345949915
0.53,0.66557795,25.58074492328571
0.62,0.56338346,9.13169999276438
0.65,0.65791357,1.2174716362586353
0.66,0.6432958,2.5309356776150835
0.83,0.6737461,18.825769998941073
0.59,0.5990861,1.5400179361893012
0.34,0.5183123,52.444786885205424
0.67,0.7458114,11.315134745925214
0.41,0.4813252,17.396392473360393
0.88,0.64852566,26.303902810270134
0.6,0.62111384,3.5189727942148883
0.67,0.5515462,17.679669252082487
0.32,0.21502352,32.805150747299194
0.83,0.72514963,12.63257451804287
0.33,0.39940667,21.03232470425692
0.93,0.75094056,19.253703086606922
0.57,0.6174435,8.323421394615853
0.51,0.63424295,24.361363111757765
0.44,0.32270283,26.65844884785739
0.43,0.50266683,16.89926302710245
0.35,0.56985635,62.81609875815257
0.45,0.47573102,5.718003378974065
0.37,0.6476739,75.04700132318445
0.33,0.384354,16.47090767369125
0.67,0.5478086,18.23752424610195
0.76,0.61199355,19.474532729700993
0.58,0.566441,2.337758705533777
0.66,0.538848,18.3563662297798
0.73,0.6020356,17.52937231978325
0.18,0.21074109,17.078382107946613
0.6,0.61578566,2.6309430599212686
0.83,0.63831776,23.094245324651876
0.32,0.50961447,59.2545211315155
0.57,0.6121196,7.389406154030258
0.4,0.46772516,16.931289434432976
0.46,0.52860385,14.91388082504272
0.44,0.66881967,52.00446952473033
0.57,0.6875757,20.627315420853474
0.59,0.44331253,24.86228377132092
0.54,0.7277589,34.77016378332066
0.7,0.7779266,11.13237483160837
0.53,0.7469097,40.92635433628873
0.46,0.50462484,9.70105295595915
0.24,0.35222304,46.759599447250366
0.85,0.5904067,30.540386368246637
0.61,0.7277589,19.30473515244781
0.46,0.68082356,48.00512272378672
0.59,0.5931238,0.5294565427101318
0.71,0.5594727,21.201030972977755
0.6,0.601405,0.23417075475057336
0.63,0.68730545,9.09610324435764
0.97,0.8872047,8.53559725063363
0.58,0.65009534,12.085404067203923
0.7,0.63032335,9.953807081495007
0.51,0.5921577,16.109357160680435
0.3,0.5348247,78.2749096552531
0.77,0.70595485,8.317551984415427
0.69,0.7302265,5.829929959946792
0.54,0.46117896,14.596489182224985
0.48,0.4419856,7.9196651776631635
0.63,0.53727025,14.719008264087496
0.7,0.72338474,3.3406768526349815
0.65,0.64418435,0.894715235783507
0.49,0.3279928,33.06269451063506
0.68,0.61705047,9.257283982108628
0.56,0.49544394,11.52786782809667
0.67,0.6745739,0.6826713903626339
0.52,0.66646266,28.165896122272194
0.72,0.54159015,24.779145254029164
0.84,0.45829952,45.44053361529396
0.57,0.49631435,12.927307580646707
0.66,0.67451507,2.1992528077327798
0.39,0.68676746,76.09422023479755
0.44,0.51122046,16.186467084017668
0.74,0.53899,27.163510709195524
0.64,0.6948579,8.571546152234074
0.59,0.60069793,1.8132092589038966
0.38,0.45619625,20.05164435035304
0.54,0.6660523,23.34301515861793
0.27,0.64045334,137.2049402307581
0.54,0.7759307,43.690870867835145
0.37,0.68137664,84.15584757521346
0.52,0.62618786,20.420742493409374
0.69,0.7430106,7.682692831841076
0.45,0.6353256,41.18346903059218
0.59,0.669702,13.508812451766715
0.44,0.6319462,43.624137748371474
0.65,0.6537926,0.5834799546461804
0.59,0.52255535,11.431296397063686
0.55,0.6665216,21.18574705990877
0.74,0.6755465,8.709928796098039
0.69,0.5974306,13.415856983350665
0.25,0.4677419,87.09676265716553
0.7,0.5040213,27.996959005083355
0.68,0.6398627,5.902541735593018
0.62,0.5151413,16.912692208443918
0.66,0.57416576,13.005187655940205
0.72,0.7505228,4.239276713795136
0.66,0.48367774,26.715493202209476
0.63,0.60069793,4.651121487693182
0.46,0.6235929,35.56367677191029
0.17,0.3695739,117.39640656639547
0.54,0.5186288,3.9576340604711526
0.7,0.6148408,12.165599209921696
0.49,0.5467347,11.578508299224232
0.4,0.5040213,26.00532174110412
0.63,0.6986123,10.890836942763556
0.45,0.4758963,5.754733085632322
0.37,0.4138561,11.852997058146709
0.45,0.5885638,30.79195552402072
0.28,0.31358606,11.995020083018701
0.54,0.19444844,63.99102939499749
0.7,0.68655956,1.92006315503801
0.51,0.5585339,9.516452340518725
0.58,0.5443444,6.147512896307577
0.4,0.6045712,51.14280581474303
0.57,0.80768293,41.698759898804795
0.47,0.61139226,30.083459488889012
0.89,0.7710314,13.367260707898089
0.68,0.6791602,0.12350327828351906
0.5,0.5068605,1.3720989227294922
0.72,0.6045712,16.03177454736497
0.77,0.7239203,5.984378480291988
0.65,0.6597209,1.4955227191631575
0.64,0.49667782,22.394091263413433
0.64,0.6758015,5.593986809253691
0.68,0.6121196,9.982409547357005
0.75,0.7115345,5.128733317057292
0.55,0.7426568,35.028513995083884
0.47,0.67231196,43.04509822358477
0.74,0.5636122,23.836186125471787
0.14,0.5531007,295.0719322477068
0.75,0.6331885,15.574868520100912
0.43,0.53832245,25.19126714662064
0.82,0.6888286,15.99651371560445
0.45,0.48646557,8.103460735744898
0.94,0.64196265,31.706101336377728
0.96,0.74027944,22.887558738390602
0.65,0.5348247,17.719272466806267
0.63,0.49468982,21.477806000482467
0.2,0.4596309,129.81545329093933
0.44,0.52742517,19.869356805627998
0.47,0.50204563,6.818219448657752
0.69,0.58906406,14.628396863522731
0.52,0.6818494,31.124888475124653
0.75,0.72923976,2.7680317560831704
0.72,0.5674588,21.186276608043244
0.38,0.57296294,50.779720984007184
0.65,0.51725787,20.42186627021203
0.18,0.4676559,159.80883174472385
0.58,0.6272928,8.15393308113362
0.43,0.4432701,3.086066800494528
0.47,0.4676559,0.4987452892546902
0.46,0.4248312,7.645388789798906
0.42,0.6444891,53.44978798003424
0.76,0.52498674,30.92279685171027
0.71,0.5604775,21.059507719227962
0.52,0.54694396,5.181531264231752
0.72,0.6338098,11.970860428280297
0.72,0.7168094,0.44314000341626963
0.93,0.64111733,31.062652218726377
0.32,0.36739242,14.810131490230557
0.51,0.5240175,2.748531921237121
0.73,0.68202853,6.5714339687399645
0.89,0.8898326,0.018807207600455764
0.72,0.6388855,11.265903049045134
0.77,0.67766106,11.992069962736851
0.78,0.5795665,25.696605291122047
0.55,0.55498224,0.9058627215298658
0.63,0.54467,13.544446702987429
0.59,0.47910804,18.795248209419892
0.77,0.6046037,21.48003794930198
0.4,0.5661726,41.5431499481201
0.68,0.7134504,4.919172385159653
0.36,0.33328176,7.421734597947859
0.68,0.8717816,28.203174647162935
0.62,0.5793274,6.560096048539685
0.57,0.33155376,41.83267417706941
0.23,0.24602666,6.968115205350125
0.67,0.7168094,6.986476414239223
0.6,0.5533511,7.774815956751503
0.67,0.70541346,5.285591153956165
0.69,0.85526913,23.952048412267725
0.47,0.4599579,2.136617518485855
0.54,0.7115345,31.765648170753753
0.6,0.7271071,21.18451793988546
0.8,0.7364652,7.9418480396270805
0.75,0.6320916,15.72112242380778
0.73,0.5287443,27.569276665988035
0.48,0.43743134,8.868471781412756
0.35,0.4161734,18.906685284205853
0.81,0.64367455,20.534005871525526
0.78,0.59624684,23.558097619276783
0.52,0.566441,8.930961443827698
0.68,0.5453499,19.80148588909823
0.45,0.45211744,0.47054290771484125
0.95,0.6188037,34.86277053230687
0.33,0.44137406,33.749716209642806
0.63,0.47926474,23.926232353089347
0.57,0.45389616,20.36909387822736
0.38,0.6917657,82.04361200332642
0.48,0.661427,37.79729604721069
0.88,0.5568249,36.72444061799483
0.44,0.5851105,32.979655807668514
0.64,0.53529924,16.359493508934978
0.83,0.71892345,13.38271692574742
0.76,0.5363639,29.42580267002708
0.44,0.6675577,51.7176628112793
0.61,0.7483634,22.68252060061596
0.56,0.4820134,13.926177791186749
0.55,0.5855462,6.462944637645366
0.71,0.57294106,19.30407537540919
0.68,0.6383011,6.132194925757023
0.8,0.6781325,15.23344069719315
0.34,0.42864573,26.07227353488697
0.67,0.6594087,1.5807927544437297
0.74,0.7800536,5.412650752711942
0.69,0.6369487,7.688593518906738
0.38,0.5533511,45.61871164723446
0.38,0.47382647,24.69117578707243
0.7,0.70806515,1.15216459546771
0.46,0.28571236,37.888617100922964
0.64,0.54694396,14.5400058478117
0.74,0.72291964,2.3081563614510188
0.47,0.6722047,43.02227091281973
0.23,0.41955924,82.41706101790719
0.75,0.68593484,8.542021115620932
0.28,0.6191449,121.12318447657992
0.48,0.6389692,33.1185797850291
0.81,0.64575404,20.277279100300362
0.81,0.6746693,16.70749069731913
0.41,0.46736425,13.991280881369994
0.54,0.6379975,18.14768667574281
0.57,0.56214356,1.3783220659222435
0.73,0.7243731,0.7708079194369357
0.69,0.6344569,8.049728559411083
0.7,0.5557437,20.608043670654293
0.66,0.5718152,13.361334439479949
0.9,0.7449289,17.23012261920505
0.52,0.525368,1.0323029298048718
0.87,0.7898852,9.208595067605206
0.68,0.6561927,3.501070597592529
0.62,0.55000985,11.28873440527147
0.65,0.7297691,12.272170873788683
0.77,0.44849902,41.75337351761855
0.74,0.57401705,22.430128664583773
0.5,0.64785403,29.57080602645874
0.81,0.7851677,3.0657167787905157
0.5,0.51189166,2.3783326148986816
0.66,0.5690433,13.781321409976849
0.79,0.75508785,4.419259179996543
0.8,0.7467983,6.650215387344366
0.84,0.70703626,15.829017048790337
0.63,0.50460064,19.904659664820112
0.68,0.4991756,26.591822329689478
0.33,0.38584286,16.92207871061382
0.55,0.5408127,1.6704234209927724
0.72,0.7040538,2.214747336175703
0.72,0.6428156,10.720056957668724
0.58,0.68769515,18.568128552930116
0.86,0.5695498,33.77327919006348
0.45,0.7335408,63.00906075371636
0.57,0.6022049,5.649985765156002
0.78,0.6713059,13.935141685681469
0.66,0.80643225,22.18670411543412
0.65,0.3820027,41.23035210829515
0.44,0.67298794,52.95180407437411
0.54,0.60533583,12.099228081879785
0.63,0.5706784,9.416124934241886
0.49,0.7271071,48.389205640676074
0.39,0.54046834,38.5816243978647
0.43,0.5427323,26.216813575389775
0.69,0.62256986,9.772484198860493
0.67,0.5981862,10.71847837362717
0.73,0.5529657,24.25127388679818
0.69,0.58962315,14.54736910004546
0.25,0.47436744,89.74697589874268
0.81,0.5759427,28.895963562859436
0.43,0.6501846,51.20571435883988
0.4,0.49501395,23.75348806381225
0.77,0.50462484,34.46430602631011
0.5,0.51725787,3.4515738487243652
0.59,0.6275076,6.35722491700771
0.26,0.53966403,107.56308849041278
0.39,0.5411327,38.75197141598432
0.48,0.73347193,52.806652088960014
0.47,0.5118407,8.902276830470315
0.77,0.68337584,11.249891504064784
0.56,0.62544996,11.687492047037386
0.56,0.580074,3.584645049912579
0.61,0.48683375,20.191188327601697
0.49,0.64861506,32.370420864650185
0.58,0.5875609,1.3036020870866516
0.39,0.49251992,26.28715771895188
0.42,0.50346106,19.871681644803008
0.56,0.801864,43.19000499589101
0.87,0.85683763,1.512916060699813
0.69,0.75618577,9.592140584752189
0.11,0.236973,115.4300023208965
0.57,0.49667782,12.863541067692264
0.68,0.75094056,10.432435484493471
0.65,0.6587146,1.340706531818093
0.81,0.6349195,21.61487355644321
0.48,0.54046834,12.59756982326508
0.47,0.59242606,26.04809821920193
0.31,0.6738501,117.37100616578132
0.46,0.44781697,2.6484852251799254
0.64,0.60089505,6.110148876905443
0.26,0.4893868,88.22569113511305
0.67,0.5957523,11.08174644299408
0.73,0.5307199,27.298647083648266
0.57,0.5100346,10.52024197160151
0.83,0.8144306,1.8758319946656696
0.51,0.59954286,17.557422787535423
0.85,0.6830705,19.63876696193919
0.78,0.6366538,18.377720392667335
0.79,0.6377262,19.275166113165366
0.49,0.5577234,13.821102648365256
0.68,0.6331885,6.884046161876013
0.42,0.67851436,61.551038424173996
0.76,0.4995168,34.274107217788696
0.84,0.7800536,7.13647433689662
0.29,0.6925422,138.80765355866532
0.72,0.628293,12.737086415290827
0.78,0.68384665,12.327352242592058
0.68,0.5928723,12.812893881517304
0.66,0.4462629,32.38440968773582
0.79,0.7449289,5.705202983904493
0.51,0.72514963,42.18620225494983
0.34,0.5518438,62.307006471297306
0.59,0.6365535,7.890428122827569
0.83,0.757757,8.70397493063685
0.69,0.6149203,10.881113314974128
0.59,0.5556841,5.816255989721261
0.28,0.5564034,98.7154994692121
0.42,0.5486826,30.638707251775838
0.14,0.30536717,118.11940840312411
0.35,0.4876176,39.31931768144881
0.46,0.56966037,23.83920990902444
0.81,0.7115345,12.156234552830831
0.46,0.67757064,47.2979654436526
0.76,0.7295774,4.0029707707856845
0.34,0.36586636,7.607753837809835
0.85,0.7883915,7.248062245986039
0.72,0.68547744,4.79480061266157
0.75,0.5547023,26.039695739746094
0.7,0.58336574,16.662037372589108
0.63,0.72211844,14.621974173046294
0.62,0.64431596,3.9219287133985956
0.54,0.64037526,18.58801047007242
0.75,0.5708512,23.886505762736004
0.34,0.49627197,45.96234349643482
0.6,0.54108137,9.819771846135454
0.55,0.6591045,19.83718655326149
0.97,0.70817864,26.99189284413131
0.39,0.49080998,25.848712065281006
0.96,0.58795154,38.755047818024956
0.8,0.62043595,22.445505857467655
0.76,0.750421,1.2603963676251875
0.34,0.49812925,46.5086025350234
0.6,0.61738217,2.897028128306075
0.8,0.6668578,16.642777621746067
0.65,0.6645787,2.2428732651930554
0.66,0.60275275,8.673826492193978
0.49,0.6821396,39.212158261513224
0.87,0.70657575,18.784396401767072
0.11,0.35299003,220.9000284021551
0.65,0.6345221,2.381218396700349
0.41,0.6822647,66.40602088556058
0.94,0.6003191,36.13626728666589
0.77,0.503637,34.59259534811044
0.3,0.49641222,65.47073920567831
0.38,0.59438807,56.41791255850541
0.43,0.4357443,1.3358803682549072
0.41,0.44699854,9.024033313844269
0.64,0.6338098,0.9672179818153402
0.78,0.6292745,19.323783654433033
0.69,0.678662,1.643188103385586
0.55,0.58590037,6.52733932841907
0.24,0.52168405,117.36835439999899
0.44,0.29105398,33.851368047974326
0.79,0.6714964,15.000456797925736
0.77,0.42719132,44.52060817124008
0.35,0.6365535,81.87243597848077
0.35,0.42561924,21.605498450143003
0.87,0.5014551,42.36147951805729
0.36,0.6519842,81.1067263285319
0.66,0.6368262,3.5111792159803032
0.01,0.23885101,2288.5101079940796
0.58,0.6657926,14.79182489987078
0.85,0.5993512,29.48809090782614
0.47,0.7321075,55.76755746882014
0.45,0.6396253,42.13895797729492
0.63,0.5308861,15.732362913706947
0.81,0.6432958,20.580762403982664
0.24,0.6507285,171.1368848880132
0.85,0.5734368,32.53684745115392
0.74,0.6986691,5.585260004610627
0.67,0.47410953,29.23738351508753
0.51,0.46586645,8.653637942145854
0.8,0.53248763,33.439046144485474
0.51,0.66726756,30.836776658600453
0.81,0.73077273,9.781143989092044
0.67,0.49251992,26.48956490986383
0.47,0.58941954,25.40841356236885
0.61,0.669796,9.80262130987449
0.47,0.40406257,14.029240608215327
0.41,0.5696532,38.939808054668156
0.73,0.53519297,26.685895005317583
0.84,0.68102294,18.92584023021516
0.59,0.6666543,12.992252333689551
0.47,0.64575404,37.39447644416323
0.49,0.5426412,10.743106627950866
0.66,0.8134692,23.25290477637088
0.46,0.5550307,20.6588485966558
0.15,0.4751584,216.77226225535077
0.51,0.63026536,23.581442178464403
0.72,0.5940914,17.48730341593424
0.71,0.6076874,14.410223423595156
0.88,0.9943753,12.997191873463718
0.82,0.6284876,23.35517232011004
0.33,0.6107339,85.07088675643458
0.65,0.60079724,7.569656005272501
0.41,0.7406697,80.65115300620475
0.65,0.67298794,3.536605834960934
0.76,0.5895123,22.43259360915736
0.63,0.7351916,16.697076767209975
0.32,0.67876816,112.11504936218262
0.77,0.6879918,10.650415854020554
0.42,0.37477416,10.768057618822366
0.43,0.455971,6.039768041566363
0.22,0.50321364,128.73347455805
0.43,0.6389692,48.59748441119527
0.49,0.46807826,4.4738253768609475
0.37,0.57585746,55.63715148616482
0.6,0.51943314,13.427809874216713
0.51,0.5278234,3.4947820738250117
0.36,0.6279499,74.4305259651608
0.34,0.54173195,59.33292753556194
0.6,0.7337375,22.289588054021202
0.51,0.5722706,12.209916114807127
0.52,0.47348708,8.944792472399202
0.74,0.6206276,16.13140782794437
0.55,0.4854558,11.735307086597796
0.52,0.5649366,8.641649668033303
0.32,0.5736024,79.25074324011803
0.95,0.8012647,15.656347023813344
0.51,0.71915907,41.01158170139088
0.47,0.39104205,16.79956304266097
0.3,0.6273903,109.13010835647583
0.11,0.5952215,441.1104722456499
0.32,0.4100501,28.140654414892197
0.82,0.62032723,24.350337284367257
0.74,0.7367869,0.4342024390761905
0.43,0.664591,54.5560498570287
0.51,0.60675204,18.97098784353219
0.4,0.6274039,56.850978732109056
0.73,0.5348929,26.726997715153107
0.56,0.43070847,23.087773578507566
0.55,0.69352853,26.096096905795
0.46,0.49061877,6.656253337860103
0.87,0.7823158,10.078644752502441
0.8,0.5439921,32.000987231731415
0.51,0.5490845,7.663624426897832
0.62,0.53336924,13.97270271855016
0.43,0.29067674,32.40075749020244
0.72,0.53327996,25.93333952956729
0.79,0.64376867,18.51029516775397
0.4,0.6588627,64.7156774997711
0.41,0.6309177,53.88237267005736
0.39,0.5295006,35.76938555790827
0.44,0.6108835,38.83715326135809
0.79,0.73144287,7.412295100055168
0.56,0.56412923,0.7373631000518703
0.62,0.66690814,7.565829830784952
0.88,0.7389232,16.03145545179194
0.73,0.6668578,8.649619311502533
0.7,0.61979455,11.457921777452738
0.63,0.3782913,39.95376049526154
0.6,0.44199926,26.333457231521603
0.7,0.6466032,7.628110476902547
0.58,0.59891856,3.26182020121608
0.39,0.3607148,7.509027383266354
0.46,0.58971214,28.198291944420852
0.83,0.46781808,43.63637573747749
0.56,0.6746693,20.47666524137768
0.59,0.66080785,12.001330165539764
0.67,0.6051221,9.683270240897567
0.68,0.5749163,15.45348482973436
0.68,0.7455688,9.642472337273983
0.45,0.48466766,7.703924179077147
0.57,0.3413769,40.10931567141884
0.74,0.5734265,22.509934451128984
0.7,0.6898657,1.4477559498378145
0.55,0.69902116,27.09475647319446
0.65,0.32702398,49.688617999737076
0.6,0.4035864,32.735602060953774
0.67,0.5553521,17.111628091157378
0.71,0.75358284,6.138427492598418
0.35,0.4318508,23.385940279279442
0.38,0.62559307,64.62975426724083
0.86,0.8601383,0.01608105592949601
0.33,0.38031662,15.24745912262887
0.53,0.58760834,10.86949762308372
0.51,0.57816774,13.366222849079206
0.76,0.69708574,8.278192344464754
0.66,0.73677534,11.632627068143897
0.58,0.55201894,4.824320612282582
0.43,0.5135218,19.423672210338506
0.77,0.66456753,13.692528551275082
0.73,0.67345405,7.746021061727443
0.54,0.5270566,2.3969305886162715
0.86,0.6597209,23.288267712260403
0.53,0.60720634,14.567234831036256
0.84,0.6324156,24.712429443995156
0.77,0.59756213,22.394528017415627
1.0,0.96326536,3.673464059829712
0.5,0.532738,6.54759407043457
0.45,0.49065882,9.035293261210121
0.65,0.53462493,17.750010123619667
0.67,0.68516654,2.263662352490775
0.62,0.5511082,11.111583632807578
0.8,0.67179716,16.025355458259586
0.45,0.72419184,60.931520991855194
0.75,0.80129635,6.839513778686523
0.48,0.5604775,16.766144831975307
0.3,0.34424907,14.749689896901453
0.61,0.58590037,3.9507596219172223
0.68,0.6279499,7.654427430208999
0.8,0.6431021,19.612236320972446
0.33,0.52860385,60.18298539248379
0.74,0.582026,21.347837190370303
0.65,0.42390066,34.78451325343206
0.59,0.55270904,6.3205011820389005
0.76,0.6297833,17.133779902207223
0.63,0.7265659,15.327920232500349
0.35,0.465473,32.99228463854109
0.33,0.54467,65.05151083975127
0.55,0.4475813,18.621583418412648
0.76,0.62716985,17.47765164626272
0.54,0.568802,5.333703535574447
0.43,0.40638787,5.491194059682445
0.62,0.5376697,13.279077699107509
0.45,0.48512948,7.8065501319037525
0.66,0.55573153,15.798252279108226
0.71,0.5185472,26.96518629369601
0.72,0.6893029,4.263483153449161
0.34,0.41178328,21.11272882012759
0.91,0.68827176,24.365740555983326
0.67,0.59334177,11.441527195830847
0.72,0.5590104,22.359668546252777
0.79,0.6825091,13.606439964680735
0.83,0.5282663,36.35345654315259
0.64,0.5541812,13.40918466448784
0.35,0.5243586,49.816734450204045
0.69,0.62247443,9.786314204119247
0.24,0.47264975,96.93739712238312
0.72,0.5820346,19.1618627972073
0.58,0.5252428,9.44089560673154
0.49,0.50198114,2.445130445519274
0.52,0.4811402,7.473039168577931
0.69,0.6678437,3.211058049962133
0.44,0.48602438,10.460086302323775
0.66,0.69929326,5.953523606965031
0.37,0.49667782,34.237247544365964
0.84,0.6198459,26.208818242663426
0.63,0.6022579,4.403506763397702
0.59,0.47161704,20.064907962993036
0.48,0.6491779,35.24539768695831
0.81,0.8161099,0.7543081118736672
0.52,0.6784167,30.464755571805508
0.19,0.57559294,202.94365004489296
0.58,0.48297787,16.727953943712954
0.54,0.520892,3.5385140666255306
0.85,0.5801563,31.74631455365349
0.54,0.5438557,0.7140234664634356
0.75,0.69090605,7.879193623860677
0.68,0.5772889,15.10456975768595
0.86,0.57734895,32.86640145057856
0.31,0.5300541,70.98519109910535
0.74,0.76696503,3.643923192410857
0.36,0.46028978,27.858271201451625
0.75,0.61796206,17.605058352152508
0.84,0.51365435,38.85067247209095
0.76,0.6691379,11.955540117464567
0.8,0.7115345,11.058187484741214
0.6,0.45092928,24.84511931737264
0.52,0.63432807,21.986166788981507
0.29,0.50810015,75.20694897092623
0.67,0.7847092,17.120778382714107
0.48,0.525368,9.45166150728862
0.57,0.52534616,7.834007028947788
0.4,0.7299933,82.49832093715668
0.73,0.5432993,25.57543597809256
0.68,0.4535665,33.29904535237481
0.36,0.49517405,37.54834731419882
0.51,0.7369035,44.490880124709186
0.46,0.71720797,55.91477570326431
0.73,0.71720797,1.7523331184909745
0.35,0.48937297,39.82084819248745
0.5,0.65596074,31.192147731781006
0.33,0.38368928,16.269480098377567
0.49,0.7831146,59.81930859234868
0.71,0.71456265,0.6426273936956751
0.42,0.22968584,45.31289452598209
0.82,0.65603477,19.995760045400477
0.61,0.49528164,18.80628906312536
0.7,0.6797513,2.892674718584327
0.8,0.70511955,11.860056221485141
0.91,0.7379485,18.90676073975616
0.92,0.67126936,27.0359394343003
0.47,0.6421276,36.62288797662614
0.7,0.7420679,6.009696211133691
0.64,0.5560928,13.11050020158291
0.83,0.7334744,11.629593515970617
0.5,0.52911747,5.823493003845215
0.51,0.669743,31.322157149221383
0.83,0.61117476,26.364486476024947
0.78,0.60143095,22.893467621925552
0.78,0.73671466,5.549402420337387
0.69,0.5958106,13.650638815285497
0.27,0.5542127,105.26395903693304
0.8,0.7569959,5.375510454177862
0.76,0.72682476,4.365163100393196
0.69,0.5724501,17.036217191944946
0.26,0.54392344,109.20132215206439
0.63,0.51708823,17.922502472287132
0.78,0.77203405,1.0212757648565864
0.47,0.6818494,45.0743446958826
0.71,0.5970596,15.907097534394596
0.38,0.3879568,2.093894230692009
0.57,0.5743629,0.7654164966784112
0.81,0.56362146,30.417103531919885
0.21,0.49641222,136.38677029382617
0.76,0.46405262,38.94044505922418
0.56,0.60947794,8.835345932415542
0.43,0.5286356,22.9385165281074
0.77,0.7592837,1.3917244874037729
0.53,0.4893868,7.662868499755864
0.86,0.73229074,14.84991339750068
0.43,0.5186288,20.6113432728967
0.65,0.6660523,2.4695818240825913
0.73,0.6825091,6.505599413832571
0.64,0.5131918,19.813778251409534
0.67,0.54664314,18.411471950474073
0.74,0.62743926,15.210910745569178
0.75,0.60398644,19.46847438812256
0.66,0.7639025,15.74280081373272
0.38,0.42894405,12.88001349097804
0.7,0.14577676,79.17474806308746
0.73,0.5327385,27.022122356989613
0.64,0.61327106,4.176397249102594
0.64,0.52675015,17.69528947770596
0.52,0.5945363,14.333904706514796
0.51,0.5184205,1.6510818518844288
0.73,0.54443455,25.419925010367617
0.52,0.4399913,15.386289358139042
0.51,0.4023267,21.1124111624325
0.39,0.5850075,50.0019201865563
0.53,0.53968954,1.828215257176808
0.72,0.70300764,2.360050214661489
0.94,0.86927474,7.523964313750566
0.62,0.574636,7.316777013963269
0.4,0.46870804,17.177009582519524
0.4,0.53107923,32.76980817317962
0.65,0.629287,3.186614696796127
0.28,0.52374506,87.05180713108605
0.71,0.65822595,7.292119214232534
0.64,0.5461234,14.668221026659014
0.68,0.6271052,7.778650522232063
0.72,0.9443298,31.156916419665023
0.62,0.5369859,13.389375132899131
0.66,0.6076874,7.926149440534192
0.64,0.5347736,16.441626846790317
0.89,0.71552193,19.604277342892765
0.67,0.7121211,6.286735677007413
0.49,0.68683493,40.17039415787677
0.61,0.6365535,4.353037036833218
0.55,0.5427019,1.3269272717562668
0.7,0.5460156,21.997768538338793
0.63,0.60004395,4.754928180149624
0.76,0.8868301,16.688169931110583
0.46,0.58767927,27.756362376005747
0.47,0.46166396,1.7736252318037262
0.48,0.68036276,41.74224187930425
0.74,0.6861133,7.2819867649593855
0.62,0.5400848,12.889551731847948
0.76,0.6837661,10.030772811488102
0.67,0.5508806,17.77901329211335
0.68,0.70856047,4.200068642111378
0.24,0.39659262,65.24692376454672
0.53,0.5902355,11.36518334442714
0.54,0.66456753,23.06806113984849
0.38,0.46605396,22.64577965987356
0.49,0.39379996,19.632661099336584
0.62,0.60444725,2.508508774542039
0.64,0.71073985,11.053101718425747
0.66,0.6786021,2.8184999119151675
0.21,0.3430236,63.34457056862968
0.4,0.4886576,22.164398431777947
0.85,0.6453831,24.072574166690597
0.67,0.72928405,8.848365385140939
0.59,0.57583135,2.4014654806104705
0.41,0.8298397,102.39992839534109
0.5,0.67876816,35.753631591796875
0.35,0.5636442,61.04119164603099
0.67,0.6783913,1.2524295209059015
0.9,0.69295835,23.004627227783207
0.52,0.61351824,17.984276551466717
0.79,0.7301021,7.5820098949384125
0.72,0.5856429,18.660711910989544
0.63,0.5436151,13.711888449532646
0.66,0.54694396,17.12970264030226
0.78,0.76558274,1.848366627326382
0.7,0.58494484,16.436450822012763
0.47,0.56436133,20.07687954192467
0.41,0.6268485,52.889882645955915
0.39,0.6293346,61.367853482564286
0.67,0.639598,4.537610153653734
0.34,0.361499,6.323238681344416
0.9,0.6274214,30.286513434516063
0.75,0.5928723,20.95035711924235
0.47,0.57372844,22.069881317463334
0.41,0.4876176,18.931124850017277
0.72,0.468679,34.90569293498992
0.84,0.699126,16.770713669913153
0.16,0.37689483,135.55926978588104
0.56,0.66761786,19.217474545751287
0.62,0.43503392,29.83323912466726
0.71,0.6462735,8.975564258199338
0.73,0.7023957,3.7814140319824197
0.13,0.39145273,201.11748438615064
0.59,0.66726756,13.096196772688533
0.85,0.6207777,26.96732633254107
0.39,0.3759628,3.5992836340879815
0.61,0.6784167,11.215857208752244
0.62,0.48445457,21.862165774068526
0.64,0.7351916,14.873684942722317
0.54,0.4033227,25.31061172485352
0.36,0.39701277,10.281325048870515
0.42,0.5126117,22.050401710328607
0.76,0.6336416,16.62610518304925
0.36,0.4110716,14.186555147171026
0.69,0.53715426,22.151556913403493
0.67,0.5307199,20.788078165766024
0.63,0.59891856,4.933562354435997
0.27,0.6279499,132.57403462021438
0.69,0.5665391,17.89288278939067
0.49,0.5145268,5.005466208166007
0.7,0.5218115,25.455502101353233
0.56,0.43531185,22.265740377562395
0.67,0.58716273,12.363771182387627
0.56,0.56440306,0.7862601961408247
0.53,0.49356425,6.8746701726373685
0.7,0.5757877,17.744610990796765
0.43,0.520664,21.084645737049193
0.44,0.5271803,19.813707741824064
0.42,-0.00020346045,100.0484429654621
0.26,0.5743891,120.91888464414156
0.47,0.5151413,9.604533682478241
0.79,0.7235929,8.405964887594878
0.62,0.78242457,26.197511149990945
0.65,0.7786369,19.790288118215706
0.54,0.64617294,19.661655690934914
0.31,0.32830727,5.905571291523596
0.5,0.6477055,29.541099071502686
0.53,0.55266875,4.277122695490994
0.76,0.64797395,14.740269121370817
0.49,0.44580704,9.018971482101751
0.7,0.53300476,23.85646275111607
0.72,0.68732506,4.538186060057742
0.82,0.54659796,33.34171248645317
0.5,0.45263457,9.473085403442383
0.52,0.54159015,4.151952725190379
0.81,0.6136994,24.234644866284036
0.83,0.5630749,32.159652192908595
0.65,0.5495487,15.454048376816973
0.65,0.5063783,22.09564722501315
0.33,0.32436526,1.707497510043062
0.82,0.7154381,12.751447863695093
0.55,0.67320335,22.400608929720782
0.4,0.5473097,36.827424168586724
0.51,0.5580448,9.420547298356597
0.69,0.7467983,8.231634333513794
0.31,0.41804284,34.85252857208252
0.61,0.6141915,0.6871266443221318
0.71,0.45744145,35.571626878120526
0.36,0.2616098,27.3306131362915
0.27,0.7110639,163.3570079450254
0.33,0.56002617,69.70489964340672
0.29,0.3583511,23.5693487627753
0.6,0.67968464,13.2807731628418
0.66,0.43708187,33.77547372471203
0.47,0.5256349,11.83720953921055
0.66,0.71915907,8.963494951074768
0.82,0.5547479,32.347819572541766
0.56,0.2636466,52.92024953024729
0.37,0.43683255,18.062850591298698
0.57,0.4856512,14.798035956265625
0.52,0.33769244,35.05914623920734
0.52,0.5549939,6.729601438228897
0.19,0.48341262,154.42769652918764
1.0,0.8280734,17.19266176223755
0.46,0.45465147,1.1627228363700577
0.55,0.53314644,3.0642834576693527
0.94,0.9467204,0.7149384376850592
0.69,0.73290783,6.218526328819394
0.87,0.7065956,18.78211498260498
0.78,0.7592837,2.655933147821674
0.73,0.566907,22.341508408115335
0.66,0.5533511,16.15892359704683
0.57,0.5578523,2.131170557256322
0.28,0.5321879,90.0670996734074
0.77,0.64479643,16.260203757843417
0.54,0.45514488,15.713910703305851
0.62,0.67247814,8.464216032335836
0.82,0.75593823,7.812410738410013
0.82,0.600949,26.71353787910647
0.5,0.6092833,21.85666561126709
0.71,0.7685842,8.251294619600543
0.72,0.43070847,40.17937944995032
0.58,0.5846536,0.8023475778514011
0.76,0.52785945,30.54480929123728
0.35,0.6514269,86.12197467259
0.62,0.5539559,10.652272162898894
0.8,0.75618577,5.4767787456512504
0.86,0.79622066,7.416202301202817
0.24,0.3990667,66.2777860959371
0.56,0.6399698,14.280326025826579
0.66,0.6326026,4.151125387711963
0.63,0.6067453,3.691221797277058
1.0,0.8376737,16.232627630233765
0.43,0.63242763,47.07619367643844
0.87,0.78088135,10.243523531946643
0.63,0.6447389,2.339509933713882
0.42,0.48297787,14.99473026820592
0.61,0.47348708,22.379167353520625
0.46,0.49930215,8.543945395428198
0.67,0.6691379,0.1286723720493661
0.65,0.5798643,10.790104132432207
0.9,0.9056936,0.6326211823357452
0.54,0.5521566,2.2512272552207597
0.87,0.7271071,16.42447038628589
0.47,0.48663193,3.5387084839191902
0.68,0.56004035,17.641124304603135
0.67,0.56732446,15.324707529438081
0.53,0.672258,26.841135744778608
0.82,0.7083279,13.618550067994647
0.64,0.65868944,2.9202248901128747
0.77,0.6275505,18.499937305202735
0.44,0.7433216,68.9367267218503
0.94,0.80779165,14.064718053695998
0.56,0.7509907,34.10548014300208
0.66,0.6133001,7.075744686704699
0.49,0.45182192,7.791444233485629
0.08,0.6618896,727.3620158433915
0.45,0.5854468,30.099283324347596
0.9,0.68769515,23.589428265889488
0.81,0.6888286,14.959433638019332
0.71,0.74359864,4.732202811979917
0.34,0.5181281,52.39061678157132
0.58,0.5146706,11.263687857266126
0.74,0.66300136,10.405221823099495
0.69,0.57620174,16.49250189463297
0.56,0.5926145,5.824012841497138
0.64,0.5613609,12.287360057234766
0.66,0.6051221,8.314834941517228
0.44,0.44287473,0.6533476439389311
0.87,0.71813285,17.455993849655677
0.78,0.69161576,11.33131277866853
0.76,0.6344305,16.52229898854306
0.54,0.5557632,2.9191083378261924
0.32,0.5635009,76.09402537345886
0.68,0.67876816,0.18115324132583438
0.32,0.64037526,100.11726766824722
0.85,0.5673306,33.25522366692038
0.66,0.62618786,5.12305136882898
0.87,0.5854789,32.70357449849447
0.73,0.5821003,20.260236687856175
0.41,0.61285806,49.47757488343775
0.34,0.5976544,75.78070654588585
0.75,0.672258,10.365597407023111
0.71,0.5661726,20.25738031091824
0.37,0.3727479,0.7426751626504446
0.51,0.5019623,1.5760188009224703
0.68,0.4791425,29.537869551602537
0.76,0.67126936,11.675084578363519
0.61,0.3632558,40.449869046445755
0.69,0.6705192,2.823308239812429
0.11,0.22709608,106.45098252729936
0.63,0.52019656,17.42911792936779
0.46,0.85483414,85.83350855371226
0.38,0.6660523,75.27691627803601
0.57,0.42598617,25.26558407566003
0.53,0.5508806,3.9397379137434996
0.71,0.68165344,3.992473239630036
0.82,0.627029,23.533048571609868
0.41,0.6974791,70.11686069209402
0.51,0.6852873,34.37005819058886
0.36,0.52225393,45.07053626908196
0.7,0.5354828,23.502453735896516
0.49,0.46346742,5.414812418879293
0.57,0.48512948,14.889565685339134
0.61,0.6282452,2.9910122761960913
0.73,0.70777136,3.045019058332049
0.51,0.51501775,0.9838721331428062
0.17,0.23688196,39.34232732828925
0.59,0.5184205,12.132115687354132
0.74,0.57522666,22.26666695362813
0.85,0.6898359,18.842834584853225
0.72,0.5724501,20.493041475613907
0.64,0.58760834,8.18619728088379
0.52,0.5772219,11.004205850454474
0.7,0.6174435,11.79378543581281
0.41,0.559947,36.57244240365378
0.93,0.68010217,26.87073446089222
0.87,0.5696532,34.52261919262765
0.44,0.5287443,20.169154622338034
0.45,0.58055675,29.012611177232525
0.34,0.5391456,58.572232022004954
0.84,0.74554545,11.24458965801057
0.65,0.2861153,55.98226327162522
0.89,0.7944793,10.73266174016374
0.56,0.4791425,14.43884159837451
0.61,0.61847043,1.3885951433025445
0.78,0.54383796,30.27718403400519
0.87,0.7907879,9.104841879044455
0.66,0.6801871,3.0586524443192866
0.8,0.68970656,13.786679506301883
0.49,0.5429552,10.807187703191019
0.5,0.601405,20.281004905700684
0.24,0.3202123,33.42179358005524
0.9,0.59411347,33.9873923195733
0.82,0.641232,21.80097393873261
0.84,0.59270626,29.439730587459742
0.72,0.55325097,23.159587714407174
0.3,0.49627197,65.42398929595947
0.38,0.48796284,28.411274207265752
0.86,0.58720213,31.72068235486053
0.66,0.43419677,34.21261057709203
0.44,0.35379064,19.59303617477417
0.37,0.48255426,30.42006943676923
0.5,0.50863,1.7259955406188965
0.75,0.5782546,22.899389266967773
0.67,0.64785403,3.305368636971095
0.66,0.76696503,16.206822973309134
0.66,0.6121196,7.2546037760647915
0.59,0.51248795,13.137635942232805
0.37,0.58879095,59.13269004306278
0.95,0.75935096,20.068320475126566
0.58,0.60947794,5.082402969228817
0.84,0.5795992,31.000095038186934
0.51,0.37796795,25.888636532951804
0.74,0.63432807,14.27999090504002
0.35,0.41551512,18.718607085091733
0.48,0.48445457,0.9280358751614926
0.69,0.5802065,15.912099506544024
0.52,0.59539735,14.499490994673504
0.55,0.59637177,8.431230891834597
0.53,0.70607626,33.22193667573748
0.37,0.666589,80.15919504938898
0.61,0.5351687,12.2674250211872
0.89,0.65139633,26.809400654910654
0.49,0.5729859,16.935895413768534
0.46,0.7039154,53.02509069442748
0.82,0.678662,17.23634120894641
0.87,0.734097,15.6210340302566
0.55,0.46622372,15.23205150257458
0.37,0.68176746,84.26147667137353
0.44,0.60808665,38.20151036435907
0.89,0.8508244,4.401751046770076
0.81,0.6499578,19.758299250661597
0.81,0.72419184,10.593599448969341
0.55,0.53899,2.0018144087358034
0.72,0.712095,1.0979135831197067
0.4,0.58131456,45.32864093780516
0.56,0.4913156,12.265070847102582
0.55,0.45744145,16.82882742448287
0.72,0.72233427,0.3242035706838009
0.51,0.67709535,32.76379482418883
0.12,0.31748408,164.57006732622784
0.56,0.71946245,28.47543827125003
0.83,0.647264,22.016385089920224
0.74,0.5523222,25.361863664678626
0.68,0.44552076,34.482241378111
0.58,0.5560928,4.121931256919065
0.63,0.59058493,6.256359720986987
0.27,0.44333237,64.19717559108027
0.75,0.5876801,21.64265314737956
0.65,0.54448664,16.232824325561527
0.91,0.73792714,18.909105625781386
0.82,0.7084472,13.603997812038509
0.54,0.4771449,11.639833891833275
0.69,0.6827272,1.0540264240209531
0.58,0.6760967,16.56839272071576
0.05,0.41415596,728.3119201660156
0.72,0.6138445,14.743817514843407
0.63,0.6432014,2.0954620270501993
0.72,0.74340475,3.250659174389313
0.62,0.5073563,18.168340959856586
0.63,0.68429184,8.617752317398313
0.86,0.62878704,26.88522782436637
0.89,0.5904067,33.66216675619061
0.69,0.71397495,3.4746308257614436
0.55,0.49468982,10.056395964189017
0.69,0.48646557,29.49774299842723
0.71,0.52747834,25.70727643832354
0.62,0.52026016,16.087071741780928
0.49,0.4988268,1.8013881177318358
0.65,0.66371673,2.1102666854858363
0.57,0.425161,25.41035016377766
0.71,0.48367774,31.876373962617254
0.53,0.664591,25.394531016079878
0.51,0.24032469,52.87751158078512
0.51,0.52984345,3.8908724691353576
0.5,0.58057207,16.114413738250732
0.65,0.6263018,3.6458730697631867
0.76,0.53935975,29.031612057434884
0.84,0.6361296,24.270283608209517
0.36,0.4881826,35.606278975804656
0.89,0.50905854,42.802411786625896
0.46,0.4942398,7.443436332370919
0.81,0.59802896,26.16926446373081
0.42,0.5492664,30.777713798341303
0.63,0.42602712,32.37664775242881
0.54,0.468679,13.207590579986578
0.34,0.57295233,68.51539120954624
0.83,0.7061105,14.926448500300024
0.74,0.59873176,19.090303214820654
0.38,0.3759628,1.0624226770902947
0.82,0.6668578,18.67588060658152
0.38,0.52698475,38.68019769066258
0.33,0.5777953,75.08949294234766
0.68,0.5795908,14.766059202306417
0.52,0.5458146,4.964341108615578
0.67,0.5796654,13.482772770212662
0.62,0.5013588,19.13567627629926
0.82,0.59317696,27.66134622620373
0.29,0.36974758,27.49916520611994
0.37,0.6780621,83.26002198296625
0.35,0.57083595,63.095985140119296
0.29,0.5968185,105.79948507506273
0.52,0.616389,18.5363416488354
0.73,0.5725484,21.568713776052814
0.24,0.5080469,111.68621877829234
0.78,0.73616403,5.6199957162906
0.53,0.47434926,10.50013956033959
0.71,0.58019704,18.282107568122967
0.47,0.37157613,20.9412488531559
0.58,0.6784167,16.968401547135986
0.38,0.64094627,68.67007079877351
0.75,0.7115345,5.128733317057292
0.67,0.79806286,19.11385984563115
0.55,0.5427323,1.321400295604367
0.25,0.4564675,82.58700370788574
0.81,0.7045774,13.01513748404421
0.5,0.7168094,43.361878395080566
0.83,0.57928956,30.206077644623903
0.6,0.4081719,31.97135130564371
0.54,0.6544392,21.192446461430293
0.84,0.5403325,35.67470283735366
0.53,0.20901461,60.56328123470522
0.78,0.63831776,18.16438925571931
0.55,0.57977796,5.4141738198020155
0.11,0.49080998,346.19088823145086
0.3,0.47655833,58.85277589162191
0.78,0.4760602,38.96663953096439
0.61,0.5801924,4.8864939173714035
0.71,0.63547266,10.496809113193562
0.34,0.45140713,32.766804274390715
0.68,0.6263018,7.896790434332462
0.86,0.6184539,28.08675350144852
0.59,0.49018157,16.918378765300165
0.47,0.50418407,7.273205797723005
0.47,0.4797024,2.0643432089623044
0.69,0.6879918,0.2910437791243766
0.31,0.46604574,50.33733460210985
0.82,0.5696532,30.530095972665922
0.59,0.51297605,13.054906715780996
0.49,0.4187886,14.53293634920704
0.56,0.5436151,2.925874505724235
0.57,0.5068605,11.077106208132015
0.73,0.64064735,12.240088802494412
0.74,0.8869775,19.86182348148243
0.51,0.5315491,4.225312962251549
0.58,0.7881309,35.88463437968288
0.64,0.64785403,1.2271922081708888
0.53,0.69902116,31.89078501935274
0.72,0.73010087,1.4028986295064327
0.67,0.7564117,12.897264423655034
0.27,0.39521426,46.375651712770804
0.76,0.8099331,6.57014815430892
0.78,0.67542535,13.407006324865883
0.45,0.43293375,3.7925004959106468
0.73,0.73369867,0.5066665884566658
0.69,0.70511955,2.1912391634955
0.8,0.6287401,21.407490968704227
0.8,0.5080469,36.4941343665123
0.48,0.51652884,7.610176006952925
0.22,0.44140935,100.64061338251287
0.65,0.704938,8.451999150789698
0.32,0.43374783,35.54619625210762
0.55,0.50266683,8.606030724265366
0.32,0.3511945,9.748281538486477
0.52,0.5018841,3.4838263805096
0.55,0.51395476,6.553680246526552
0.63,0.5216284,17.201844472733754
0.6,0.5834629,2.756184339523312
0.95,0.66393167,30.112456020555996
0.53,0.6125249,15.570740879706609
0.72,0.7483949,3.943737016783824
0.83,0.9533201,14.857841687030108
0.89,0.7168094,19.45961887916822
0.74,0.6162511,16.722822833705592
0.6,0.50498325,15.83612561225891
0.79,0.64663774,18.147121803669993
0.65,0.80303544,23.543913547809304
0.79,0.5657547,28.385479540764535
0.54,0.63113815,16.877434430298973
0.7,0.5444281,22.2245556967599
0.74,0.58712256,20.65911357467239
0.62,0.62618786,0.9980420912465748
0.31,0.68355566,120.50182665548017
0.79,0.7641088,3.277369994151446
0.63,0.50215447,20.29294135078551
0.53,0.5112708,3.533807340657941
0.61,0.66840994,9.575400586988108
0.58,0.6324779,9.047910262798448
0.24,0.38078636,58.6609830458959
0.6,0.5327324,11.211262146631874
0.17,0.28469443,67.46731365428249
0.87,0.7345975,15.563505271385456
0.84,0.6268485,25.37517632756914
0.74,0.6669994,9.864945991619212
0.43,0.67451507,56.86396942582241
0.33,0.29201764,11.50980645960028
0.39,0.61910385,58.744576649788094
0.5,0.59546894,19.093787670135498
0.75,0.5743629,23.418283462524414
0.45,0.5427019,20.600422223409012
0.57,0.6302469,10.56962766145406
0.67,0.7469097,11.479056415273176
0.81,0.5711484,29.487852402675305
0.97,0.7252956,25.227257394299063
0.68,0.7477248,9.959525220534372
0.43,0.46259087,7.579272846842923
0.59,0.65868944,11.642277846902111
0.72,0.54021657,24.969921509424843
0.79,0.6383011,19.202395632297183
0.43,0.32005054,25.569642421811125
0.71,0.48968136,31.030793928764233
0.95,0.8533887,10.169607714602819
0.71,0.5186282,26.953777460984778
0.74,0.7095461,4.1153933550860415
0.52,0.53193897,2.2959557863382156
0.57,0.5470672,4.023293863263039
0.52,0.53374225,2.6427401946141136
0.57,0.56583726,0.7303045507062861
0.75,0.64297634,14.269820849100748
0.47,0.5584963,18.828999235274953
0.68,0.717954,5.581467642503618
0.82,0.61847043,24.57677678364079
0.47,0.57186157,21.67267342831227
0.3,0.6650888,121.69625759124756
0.74,0.5832654,21.180348138551455
0.67,0.6297352,6.009675851508757
0.16,0.23175485,44.84678395092487
0.88,0.74029726,15.875311602245677
0.67,0.6450348,3.7261507404384386
0.38,0.14291495,62.39080240851954
0.39,0.6823125,74.95192014254056
0.44,0.6322685,43.69738372889432
0.65,0.7215431,11.00662671602689
0.75,0.6184384,17.54154364267985
0.65,0.64004755,1.531146122859078
0.44,0.6028898,37.02040368860418
0.7,0.42561924,39.1972507749285
0.81,0.6691379,17.390383320090216
0.6,0.54448664,9.252226352691649
0.66,0.51122046,22.54235527732156
0.81,0.73637444,9.089575579136984
0.48,0.5501716,14.61908618609111
0.42,0.5907133,40.64602908634004
0.59,0.50621134,14.20146772416971
0.63,0.49879098,20.82682866898794
0.62,0.5783246,6.7218361362334225
0.64,0.55266875,13.645507767796518
0.42,0.4841209,15.266882237933936
0.62,0.51402706,17.092409826094105
0.35,0.43782502,25.092864036560066
0.71,0.5635009,20.633678704919944
0.79,0.548593,30.557850040966954
0.74,0.51872224,29.902400519396807
0.48,0.3344465,30.323647956053414
0.39,0.5999313,53.828538381136376
0.44,0.4063657,7.644160769202492
0.75,0.69235426,7.686098416646321
0.64,0.84909374,32.670896127820015
0.73,0.6668578,8.649619311502533
0.89,0.5924267,33.43520030546724
0.76,0.57357806,24.529202674564562
0.76,0.7082084,6.814686561885634
0.75,0.57332337,23.55688412984212
0.49,0.36773628,24.951779599092443
0.44,0.5556841,26.291838559237394
0.61,0.5364882,12.051118788171985
0.54,0.5345613,1.0071710303977748
0.79,0.7315258,7.401800155639653
0.7,0.61172104,12.611280168805798
0.41,0.5656504,37.96351304868373
0.24,0.38008928,58.37053457895915
0.61,0.6837209,12.085391263492776
0.78,0.7337936,5.923895346812716
0.69,0.65575075,4.963659203570814
0.78,0.64418435,17.412262696486255
0.59,0.63332844,7.34380301782641
0.8,0.59954286,25.05714297294617
0.82,0.67556435,17.614103817358245
0.68,0.6630889,2.48692386290607
0.65,0.56010437,13.830096905048078
0.49,0.5316459,8.49916205114248
0.63,0.6917657,9.804083430577839
0.56,0.62264335,11.186312777655454
0.39,0.5046704,29.40266193487705
0.26,0.5287443,103.36318474549513
0.79,0.53158695,32.71051328393478
0.68,0.7026349,3.3286575008841046
0.87,0.52789235,39.32271825856176
0.65,0.78794765,21.22271611140324
0.72,0.522619,27.414026525285504
0.64,0.8117478,26.835592091083527
0.86,0.58482546,31.997039983438892
0.17,0.26543435,56.13785561393288
0.65,0.6412602,1.3445835847121053
0.32,0.35872692,12.102162092924114
0.5,0.5238528,4.770565032958984
0.68,0.5151256,24.246239311554856
0.56,0.5718152,2.1098558391843425
0.85,0.53195137,37.417486134697405
0.75,0.5109593,31.872089703877766
0.83,0.7322393,11.778396870716504
0.74,0.55490315,25.0130878912436
0.82,0.5374519,34.45708257396046
0.7,0.6205823,11.345388208116798
0.53,0.53188556,0.3557668541962195
0.64,0.65360236,2.1253690123558022
0.77,0.5566926,27.7022597077605
0.75,0.7528169,0.37558873494466144
0.79,0.72231585,8.567614193204086
0.66,0.67011553,1.5326561349810928
0.57,0.43013453,24.537800905997287
0.83,0.6923129,16.588807680520663
0.7,0.71489805,2.128292833055775
0.78,0.7348346,5.790434433863717
0.6,0.58353174,2.744710445404049
0.4,0.4514845,12.871125340461726
0.77,0.7400448,3.890289269484485
0.73,0.64817333,11.20913257337596
0.74,0.71065366,3.965721259246
0.56,0.6298127,12.466556685311444
0.7,0.60217875,13.974463939666744
0.48,0.5511869,14.830608169237777
0.39,0.40639907,4.204890055534164
0.5,0.42750418,14.499163627624512
0.56,0.4313932,22.96549890722548
0.32,0.48099494,50.31091868877411
0.86,0.57085615,33.62137744593066
0.72,0.71489805,0.7086041900846657
0.4,0.45465147,13.662868738174433
0.72,0.7263993,0.8887920114729176
0.56,0.5427777,3.075407658304496
0.73,0.6204167,15.011410843836115
0.51,0.51631784,1.2387930178174769
0.48,0.59145004,23.218757410844173
0.58,0.45485383,21.57692539280858
0.71,0.6315782,11.045322955494191
0.56,0.5893586,5.242612106459472
0.61,0.66202563,8.528791880998458
0.56,0.580313,3.627326233046386
0.81,0.7569959,6.543714028817642
0.6,0.5722706,4.621571302413937
0.75,0.58570784,21.90562089284261
0.71,0.6761098,4.773268901126481
0.55,0.5135423,6.628673726862135
0.83,0.7049654,15.064408118466293
0.69,0.74902064,8.553715374158784
0.57,0.4351033,23.66608820463481
0.84,0.5539214,34.0569760118212
0.66,0.5323185,19.34568592996309
0.81,0.53158695,34.37198209173886
0.56,0.522465,6.702680247170593
0.28,0.37132168,32.6148850577218
0.5,0.5850075,17.001497745513916
0.58,0.61499894,6.034299422954698
0.65,0.54448664,16.232824325561527
0.67,0.55033916,17.859826514970013
0.48,0.47535163,0.9684100747108423
0.67,0.63538134,5.166964032756754
0.67,0.42038828,37.25548039621382
0.71,0.6547326,7.784142964322798
0.36,0.5926145,64.61513108677335
0.35,0.32798064,6.291246414184564
0.45,0.60041374,33.42527548472086
0.31,0.60839576,96.25669525515649
0.47,0.5956543,26.734959318282765
0.61,0.62527764,2.504530891043243
0.66,0.57514936,12.85615798198816
0.78,0.79242563,1.5930298047187965
0.86,0.8977373,4.388060957886453
0.81,0.73603326,9.13169619477826
0.54,0.49283737,8.733820473706286
0.29,0.41947103,44.6451811954893
0.93,0.7410708,20.314966991383546
0.68,0.72082275,6.0033458120682575
0.55,0.52498674,4.547864740545107
0.79,0.7237473,8.386416073086899
0.62,0.6714964,8.305869563933342
0.61,0.5749911,5.739162789016471
0.56,0.43222684,22.816636306898943
0.42,0.50418407,20.04382553554717
0.77,0.69611186,9.595862611547695
0.53,0.44096464,16.7991246817247
0.44,0.5348929,21.566571972586893
0.47,0.42895097,8.733837147976484
0.29,0.33540738,15.65771596185093
0.76,0.7158543,5.808646427957636
0.41,0.6640879,61.972656482603504
0.49,0.61628103,25.771639298419565
0.37,0.3627817,1.9508909534763634
0.65,0.51334924,21.023194606487568
0.7,0.69653773,0.49460956028528946
0.78,0.70973355,9.008519771771557
0.6,0.6701367,11.689448356628422
0.64,0.43833995,31.509383022785187
0.4,0.39429623,1.4259427785873469
0.62,0.56278604,9.228057630600468
0.26,0.4881826,87.7625401203449
0.63,0.6259795,0.6381772813342873
0.61,0.5381633,11.776507487062545
0.58,0.73290783,26.363419253250655
0.67,0.6640879,0.8824042419889139
0.76,0.71677476,5.687531358317326
0.72,0.7079141,1.678595277998179
0.37,0.39841294,7.679173753068255
0.33,0.41345382,25.28903556592536
0.89,0.69333476,22.097218170594633
0.7,0.6669894,4.7158019883292
0.73,0.7168094,1.8069326061091986
0.31,0.41920048,35.22596128525272
0.67,0.5681252,15.205195768555603
0.2,0.9120365,356.01823925971985
0.45,0.6134004,36.31119992997911
0.77,0.6237139,18.99819343121021
0.45,0.5507071,22.37935596042209
0.89,0.6483225,27.154772737053
0.91,0.5821299,36.029681792626015
0.72,0.6714283,6.746066278881494
0.78,0.45909047,41.142247273371765
0.16,0.73748106,360.9256610274315
0.81,0.60706496,25.053708347273467
0.61,0.54044783,11.401994892808254
0.3,0.50614154,68.71384779612224
0.33,0.23026147,30.223795500668615
0.39,0.6447298,65.31533155685815
0.49,0.49607146,1.2390730332355129
0.61,0.49898624,18.19897636038358
0.53,0.5019552,5.291469591968469
0.38,0.38298702,0.7860585262900893
0.42,0.48796284,16.18162904466902
0.42,0.52510566,25.025155998411638
0.48,0.4658066,2.9569576183954838
0.47,0.63875914,35.90619919147898
0.86,0.73671466,14.335504520771114
0.63,0.6466987,2.6505894131130634
0.76,0.717954,5.532371056707283
0.71,0.64196885,9.581852630830141
0.85,0.6683445,21.371235566980694
0.45,0.60875124,35.27805275387234
0.41,0.62207603,51.72586208436548
0.53,0.5648635,6.578019430052554
0.69,0.7592837,10.041119050288554
0.54,0.40406257,25.173598307150385
0.71,0.7402671,4.2629715422509475
0.64,0.67709535,5.796149000525473
0.76,0.6867293,9.64088000749287
0.67,0.81447357,21.56321931241163
0.44,0.54046834,22.83371253447099
0.69,0.6837209,0.9100164192310202
0.5,0.5474309,9.486174583435059
0.69,0.72790736,5.493820231893796
0.72,0.53968954,25.043119324578175
0.34,0.48646557,43.078109797309416
0.66,0.48012692,27.25349736936165
0.6,0.5762003,3.9666155974070194
0.71,0.66300136,6.619526970554401
0.67,0.6475603,3.349209187635741
0.56,0.5466101,2.3910505431039084
0.4,0.6739237,68.48091781139372
0.49,0.57923865,18.21197003734355
0.8,0.60098207,24.877241253852848
0.75,0.47812885,36.24948660532633
0.72,0.48336625,32.86579847335815
0.68,0.6113673,10.093046286526855
0.58,0.7255634,25.097139128323267
0.73,0.5923948,18.850023452549763
0.54,0.5310164,1.6636278894212575
0.47,0.526299,11.978510592846167
0.34,0.5554823,63.37715527590582
0.51,0.56362146,10.514012037539013
0.64,0.4956128,22.560499981045727
0.69,0.714707,3.580727093461639
0.63,0.68420136,8.603390436323862
0.63,0.62225604,1.2291999090285535
0.76,0.6931301,8.798674219533018
0.81,0.6863899,15.260503321518138
0.35,0.52264255,49.32644367218019
0.43,0.66756046,55.246618182160134
0.25,0.5012096,100.48384666442871
0.8,0.7346357,8.17053616046906
0.55,0.61796206,12.356738610701118
0.46,0.53310126,15.891578404799747
0.62,0.5181895,16.42105002557078
0.73,0.73196346,0.2689665311003409
0.59,0.63041246,6.849569385334603
0.69,0.5965396,13.54498310365538
0.75,0.6742688,10.097495714823404
0.76,0.75094056,1.192031408611098
0.38,0.5495487,44.61807514491834
0.32,0.49935257,56.04767948389053
0.34,0.49548477,45.730814513038176
0.62,0.5492664,11.408645491446219
0.52,0.5160802,0.753807563048146
0.25,0.3473518,38.94071578979492
0.44,0.34935075,20.602102171291005
0.78,0.50933635,34.700467647650306
0.57,0.74011564,29.8448495697557
0.59,0.68683493,16.41270023281292
0.69,0.7604096,10.204288924949765
0.51,0.4876176,4.388703551946904
0.56,0.46575236,16.82993514197214
0.4,0.4432701,10.81752181053161
0.65,0.53314644,17.97747061802791
0.38,0.46549416,22.49846207468133
0.59,0.551861,6.4642392982870795
0.46,0.49886352,8.448590921319045
0.26,0.55201894,112.31497709567729
0.87,0.8995052,3.3914020691794917
0.83,0.8553678,3.056359003825365
0.67,0.5926049,11.5515111097649
0.57,0.49236596,13.62000766553376
0.5,0.7331201,46.624016761779785
0.56,0.37409294,33.197689907891416
0.16,0.6716074,319.75460946559906
0.94,0.7280487,22.548012530550036
0.48,0.47409117,1.2310057878494227
0.57,0.68904394,20.884901598880177
0.86,0.76429343,11.128670670265373
0.44,0.49501395,12.50317096710205
0.36,0.67757064,88.21406695577834
0.72,0.5449969,24.30598371558719
0.77,0.6276011,18.493365312551525
0.3,0.59397143,97.99047708511353
0.87,0.6873239,20.997249669042127
0.62,0.65267205,5.269685868294009
0.58,0.64852566,11.814768149934974
0.79,0.50115013,36.56327452840684
0.84,0.50480294,39.90441163380941
0.39,0.5772889,48.02280144813733
0.24,0.6761683,181.7368010679881
0.5,0.6981151,39.62302207946777
0.67,0.5492097,18.028400905096714
0.69,0.6368262,7.706345337024627
0.31,0.45951772,48.231521729500066
0.52,0.4509248,13.283689663960386
0.59,0.5238658,11.20918322417695
0.74,0.6455458,12.764083694767308
0.53,0.66756046,25.954803430809157
0.49,0.36974758,24.541310388214736
0.77,0.5665391,26.42349236971372
0.65,0.6823614,4.978680610656735
0.4,0.44899184,12.247958779335017
0.62,0.85156226,37.34875186797111
0.61,0.83885163,37.51666076847764
0.29,0.34325117,18.362471975129232
0.33,0.65225065,97.65171137723055
0.1,0.8283287,728.3287286758423
0.36,0.49606442,37.79567347632515
0.56,0.5744633,2.582733545984531
0.77,0.6126458,20.435609755577982
0.63,0.7290652,15.724631718226842
0.46,0.46119946,0.2607526986495265
0.41,0.53944385,31.571670857871457
0.54,0.6290274,16.48656041533858
0.61,0.70921683,16.26505460895476
0.55,0.7547521,37.22765445709228
0.94,0.8753751,6.874990209620044
0.3,0.33859295,12.864315509796146
0.29,0.2123658,26.770411688705966
0.34,0.58954585,73.3958370545331
0.97,0.85553634,11.800377147713885
0.73,0.6735532,7.732434468726587
0.64,0.6926276,8.223063871264454
0.5,0.5390185,7.803702354431152
0.59,0.4881826,17.257185709678517
0.69,0.46679342,32.348780010057524
0.87,0.63424295,27.098511279314415
0.44,0.51152,16.254551844163373
0.7,0.6900692,1.4186859130859313
0.79,0.6666543,15.613381168510344
0.86,0.75190616,12.56905156512593
0.41,0.42428762,3.484784684530125
0.38,0.28177696,25.84816719356336
0.63,0.49744046,21.04119724697537
0.69,0.63684285,7.703935236170665
0.81,0.5731951,29.235172860416373
0.91,0.7137307,21.568055729289636
0.63,0.72896516,15.70875606839619
0.79,0.6338098,19.770910770078252
0.55,0.5290366,3.8115306334062136
0.77,0.75358284,2.1320993250066604
0.64,0.6504978,1.640280336141584
0.89,0.69295835,22.139510679780766
0.94,0.66151077,29.62651430292332
0.51,0.5004046,1.881451700247972
0.75,0.60143095,19.80920632680257
0.63,0.55745655,11.514832859947568
0.65,0.64376867,0.9586664346548261
0.65,0.43886346,32.48254519242507
0.78,0.49506193,36.53052128278293
0.69,0.72291964,4.770962742791668
0.46,0.4612546,0.2727384152619691
0.35,0.5958106,70.23159776415145
0.59,0.5130314,13.045521509849413
0.47,0.57019585,21.31826674684566
0.54,0.70387274,30.3468037534643
0.22,0.48521513,120.55233066732235
0.56,0.59438807,6.1407263789858035
0.54,0.5151256,4.606375429365376
0.7,0.59088886,15.58730602264404
0.65,0.5206868,19.894337654113773
0.82,0.72081393,12.095862190897867
0.48,0.64575404,34.532091518243156
0.57,0.53962237,5.329409398530651
0.64,0.6639733,3.745823726058004
0.72,0.6322685,12.184932165675688
0.71,0.5413953,23.74713991729306
0.59,0.57295233,2.8894355741597786
0.62,0.5280444,14.83154796784924
0.59,0.606012,2.713896056353041
0.25,0.53032196,112.12878227233887
0.57,0.59707546,4.750081112510289
0.67,0.5589395,16.57619156054597
0.3,0.332664,10.88800430297852
0.47,0.64440596,37.10765128440046
0.52,0.5575213,7.2156314666454575
0.75,0.5789024,22.813010215759277
0.59,0.82953984,40.599972110683645
0.56,0.56718206,1.2825114386422196
0.72,0.7324051,1.722934179835853
0.49,0.5490827,12.057693150578714
0.83,0.656155,20.94518190406891
0.75,0.5743629,23.418283462524414
0.66,0.4911958,25.576394254511058
0.54,0.52017057,3.672116774099851
0.62,0.57954574,6.524881239860289
0.57,0.59438807,4.278608372336949
0.59,0.5957523,0.974965903718598
0.66,0.43028963,34.804602102799855
0.36,0.5610433,55.845367246203956
0.55,0.6728521,22.33674526214599
0.8,0.60110354,24.862056970596317
0.73,0.5440497,25.472646543424425
0.56,0.40200144,28.21402847766877
0.58,0.5795992,0.06910315875348685
0.99,0.7514335,24.09762710031837
0.66,0.4993778,24.33669892224399
0.76,0.6208276,18.31215588670028
0.49,0.5762003,17.591899268481196
0.42,0.44359314,5.6174153373355
0.61,0.50933635,16.502237319946286
0.57,0.45435542,20.288523038228345
0.84,0.5856783,30.276395309539065
0.71,0.45186108,36.357593872177766
0.73,0.5467347,25.10483689504127
0.69,0.7931378,14.947505619214937
0.84,0.677468,19.349047399702524
0.49,0.53020865,8.20584637778146
0.71,0.52675015,25.80983840243917
0.67,0.67968464,1.445468504037424
0.54,0.59780526,10.704678076284896
0.4,0.3346781,16.33047163486481
0.83,0.6916998,16.66267435234713
0.55,0.61613435,12.024426460266104
0.86,0.7165331,16.68219483175943
0.45,0.4161135,7.530334260728626
0.27,0.26644862,1.3153270438865443
0.57,0.5779905,1.401837248551227
0.81,0.58024836,28.36440051043476
0.67,0.63394046,5.382021149592619
0.43,0.5241531,21.89607287562171
0.54,0.70595485,30.732379577777994
0.81,0.63764876,21.277930707107362
0.6,0.5808905,3.1849205493926966
0.63,0.6275532,0.3883770533970431
0.45,0.53379214,18.620475133260086
0.36,0.5920585,64.460688829422
0.61,0.6328835,3.751391660971722
0.74,0.7769535,4.993718701439936
0.21,0.43820322,108.66819790431431
0.89,0.6324779,28.935069716378543
0.6,0.5067502,15.541628996531166
0.58,0.6769548,16.71634583637633
0.53,0.5525046,4.2461507725265735
0.47,0.3242776,31.00476391772006
0.88,0.8085482,8.119521357796408
0.83,0.6149203,25.91321468353271
0.52,0.57583135,10.736798781615033
0.73,0.63110256,13.547594253331013
0.58,0.58752614,1.2976107926204357
0.39,0.58534044,50.08729237776536
0.67,0.67913145,1.3629027267000509
0.49,0.5478212,11.800249742001906
0.61,0.55052286,9.75035018608218
0.82,0.6985654,14.809094696510122
0.5,0.6454269,29.08538579940796
0.4,0.552244,38.06100189685821
0.41,0.5541828,35.16654328602117
0.61,0.67123246,10.038108513003493
0.37,0.45247543,22.290656373307513
0.68,0.5220867,23.2225470683154
0.9,0.71397495,20.66944970024957
0.22,0.37836593,71.98451540686868
0.71,0.61522603,13.348446429615285
0.61,0.6821172,11.822495695020335
0.23,0.6610134,187.39714104196298
0.62,0.46451157,25.078778497634396
0.69,0.67556435,2.0921233771503758
0.46,0.5707651,24.079364797343374
0.61,0.48394203,20.665240678630887
0.34,0.6432014,89.17688552071064
0.68,0.66721463,1.8802011714262192
0.44,0.6399698,45.447687669233844
0.44,0.51406,16.83182282881303
0.87,0.7780661,10.56711509309966
0.59,0.54594105,7.4676178269467055
0.76,0.6879918,9.474763431047139
0.85,0.6725872,20.872092247009274
0.78,0.6837661,12.337676072732
0.54,0.62352616,15.467806657155347
0.71,0.5617861,20.87519504654575
0.45,0.7409803,64.66229491763644
0.37,0.5755233,55.54684239464837
0.6,0.5875609,2.073184649149573
0.7,0.6794923,2.9296721730913373
0.16,0.41410685,158.81677865982053
0.81,0.67709535,16.40798103662185
0.46,0.58692473,27.592332985090167
0.57,0.5390185,5.4353488119024895
0.48,0.54467,13.472913702329004
0.63,0.68270326,8.365596286834233
0.69,0.61958236,10.205455793850657
0.79,0.69235426,12.360220015803474
0.35,0.5156365,47.32471534184049
0.57,0.40926862,28.19848813508686
0.27,0.5556672,105.80267464673076
0.43,0.59438807,38.22978319123734
0.6,0.67191374,11.985623836517338
0.22,0.67164123,205.29146844690496
0.84,0.6040882,28.084739616938997
0.84,0.65822595,21.639767431077498
0.4,0.57833064,44.58265900611876
0.45,0.4591943,2.043178346421981
0.52,0.31559378,39.30888863710257
0.41,0.559947,36.57244240365378
0.52,0.41345382,20.489650506239673
0.58,0.6134004,5.75868960084587
0.21,0.2769139,31.863767192477276
0.5,0.5107096,2.1419167518615723
0.67,0.7235929,7.998936923582157
0.22,0.38089877,73.1358062137257
0.52,0.4962991,4.557867692067076
0.81,0.6685293,17.46552196549781
0.34,0.50044227,47.1889019012451
0.74,0.64431596,12.930275942828205
0.58,0.5391456,7.04386398710053
0.75,0.7167765,4.429801305135091
0.77,0.7604096,1.2455073269930776
0.64,0.5712778,10.737844184041025
0.24,0.42875206,78.6466936270396
0.97,0.8856399,8.696916914477788
0.56,0.72742766,29.897796681949053
0.4,0.62111384,55.27845919132231
0.26,0.33182395,27.624594248258145
0.7,0.6321919,9.686871937343046
0.38,0.62162524,63.58559068880583
0.54,0.4856512,10.064593509391509
0.55,0.5758808,4.705604639920313
0.42,0.4476918,6.593285288129539
0.33,0.6827576,106.8962472857851
0.55,0.5238628,4.7522219744595695
0.61,0.66298544,8.686138371952248
0.43,0.57104135,32.80031292937523
0.36,0.37851673,5.14353712399801
0.66,0.70753604,7.202430566151931
0.79,0.62505436,20.87919500809682
0.86,0.7204615,16.225408398827838
0.63,0.7517672,19.328129859197706
0.23,0.6167533,168.15360007078752
0.79,0.5111205,35.30120276197603
0.64,0.702096,9.70249772071838
0.64,0.5810188,9.215811640024187
0.7,0.7029126,0.41608980723790395
0.71,0.64190173,9.591305423790295
0.53,0.65672004,23.90944192994315
0.8,0.72211844,9.735195338726049
0.72,0.4780749,33.60070718659295
0.83,0.68221474,17.805453380906435
0.34,0.47249973,38.970508294947
0.36,0.538848,49.67999524540372
0.7,0.62459,10.77286005020141
0.2,0.59045124,195.2256202697754
0.78,0.7454718,4.426695444645029
0.82,0.6668578,18.67588060658152
0.19,0.42973757,126.17766731663754
0.81,0.63141924,22.047007231064793
0.85,0.8467404,0.3834794549381006
0.85,0.6919562,18.593385640312643
0.55,0.6446762,17.213856090198856
0.72,0.71579915,0.5834509929021163
0.75,0.6794068,9.412423769632975
0.41,0.4514845,10.11817106386511
0.67,0.64414454,3.859024617209369
0.37,0.4991756,34.91232652921934
0.45,0.4412315,1.9485579596625457
0.25,0.022295509,91.08179658651352
0.33,0.50346106,52.563958457022
0.72,0.6118919,15.015010370148548
0.59,0.57831347,1.9807678158000313
0.32,0.6498113,103.06603983044624
0.78,0.62803984,19.48207219441732
0.65,0.59707546,8.142236562875603
0.41,0.40226495,1.886596912290986
0.68,0.5975309,12.12780861293569
0.59,0.6482671,9.875778020438508
0.95,0.6824792,28.160083921332106
0.56,0.7342918,31.123534270695263
0.53,0.68641615,29.512480969698917
0.17,0.36183578,112.84457515267763
0.51,0.5856429,14.83193612566181
0.78,0.73676157,5.543388464511972
0.75,0.77819604,3.759471575419108
0.94,0.92145,1.973402246515796
0.58,0.5462776,5.814209888721328
0.52,0.52894527,1.7202436923980677
0.46,0.37398124,18.699730997500215
0.85,0.6015533,29.22902107238769
0.82,0.85935295,4.799139790418677
0.4,0.53968954,34.92238521575927
0.69,0.57559294,16.580734045609177
0.76,0.5635009,25.855147211175215
0.77,0.58760834,23.687228908786526
0.63,0.67641664,7.3677199227469305
0.62,0.4627145,25.368630116985692
0.73,0.6888286,5.639919516158428
0.79,0.6585224,16.64273074910611
0.42,0.6405567,52.51349835168748
0.66,0.7458566,13.008573199763436
0.41,0.58673143,43.1052277727825
0.69,0.71707815,3.9243694664775544
0.44,0.5347736,21.53945185921409
0.65,0.25433558,60.87144888364352
0.36,0.38275117,6.31976856125726
0.8,0.68165344,14.793320000171665
0.81,0.646275,20.2129649527279
0.91,0.6931187,23.83311083028605
0.62,0.38333887,38.171150222901375
0.54,0.62902087,16.48534624664871
0.61,0.59334177,2.730857739683055
0.81,0.7263993,10.321073767579637
0.46,0.5825196,26.634693664053206
0.42,0.46457976,10.61422881625948
0.67,0.5785032,13.656240078940325
0.45,0.583805,29.73444991641574
0.53,0.5812224,9.664606598188287
0.54,0.50586295,6.321675689132132
0.55,0.6085794,10.650799491188733
0.88,0.6723015,23.602105541662738
0.7,0.6977509,0.32129628317696074
0.81,0.6983356,13.785729879214445
0.64,0.5439921,15.00123403966427
0.67,0.60009855,10.433052191093791
0.78,0.557588,28.514361381530765
0.74,0.5238728,29.206379362054772
0.81,0.6252718,22.805950965410403
0.43,0.621512,44.537673440090444
0.7,0.6314968,9.786173275538847
0.55,0.44809347,18.528459288857206
0.62,0.65599895,5.8062814897106545
0.75,0.4410863,41.18849436442057
0.42,0.715261,70.30023393176852
0.7,0.69880044,0.17136505671909244
0.75,0.5749911,23.334519068400066
0.71,0.67876816,4.398850991692337
0.28,0.7133753,154.77688227381023
0.61,0.5522223,9.47175221365006
0.73,0.74076724,1.4749644553824672
0.59,0.6314156,7.019594160176946
0.34,0.5968571,75.54619733025045
0.49,0.13808039,71.82032891682216
0.86,0.7389232,14.078698601833608
0.63,0.6000206,4.758636913602315
0.65,0.5922779,8.88032546410194
0.22,0.5063783,130.17195138064298
0.73,0.5881656,19.42937243474673
0.67,0.5875609,12.304344461924998
0.64,0.64623773,0.9746454656124094
0.61,0.6491779,6.422608015967199
0.63,0.53381795,15.266992553832038
0.34,0.5724501,68.36767687517053
0.92,0.85822666,6.714493813722034
0.25,0.4846009,93.84036064147949
0.51,0.62352616,22.260030578164493
0.74,0.5820864,21.339677797781455
0.62,0.57758087,6.841795290670087
0.64,0.5246066,18.030221015214924
0.12,0.3440134,186.67782743771872
0.39,0.42864573,9.909161543234797
0.64,0.6370873,0.455111637711527
0.6,0.62225604,3.7093400955200235
0.53,0.3607468,31.934565868017813
0.59,0.6738631,14.214086936692066
0.84,0.7393114,11.98673844337463
0.64,0.4782077,25.280045717954636
0.7,0.5325667,23.919039113180975
0.58,0.54046834,6.815804284194414
